Gene_set,Term,Overlap,P-value,Adjusted P-value,Old P-value,Old Adjusted P-value,Odds Ratio,Combined Score,Genes,Reference_Gene,Gene_Set_Library,Method
GO_Molecular_Function_2023,Dihydropyrimidinase Activity (GO:0004157),1/5,0.0049904406959516,0.057390068003444,0,0,262.8421052631579,1393.123889480945,DPYSL3,Ctsd,GO_Molecular_Function_2023,top100
GO_Molecular_Function_2023,Phosphatidylcholine-Sterol O-acyltransferase Activator Activity (GO:0060228),1/5,0.0049904406959516,0.057390068003444,0,0,262.8421052631579,1393.123889480945,APOE,Ctsd,GO_Molecular_Function_2023,top100
GO_Molecular_Function_2023,Filamin Binding (GO:0031005),1/10,0.0099572476243861,0.0594596963833118,0,0,116.78947368421052,538.3357753631753,DPYSL3,Ctsd,GO_Molecular_Function_2023,top100
GO_Molecular_Function_2023,"Hydrolase Activity, Acting On Carbon-Nitrogen (But Not Peptide) Bonds, In Cyclic Amides (GO:0016812)",1/12,0.0119373705403343,0.0594596963833118,0,0,95.54545454545456,423.0830518492731,DPYSL3,Ctsd,GO_Molecular_Function_2023,top100
GO_Molecular_Function_2023,Metalloendopeptidase Inhibitor Activity (GO:0008191),1/13,0.0129260209528938,0.0594596963833118,0,0,87.57894736842105,380.8381798737429,TIMP2,Ctsd,GO_Molecular_Function_2023,top100
GO_Molecular_Function_2023,Low-Density Lipoprotein Particle Receptor Binding (GO:0050750),1/22,0.0217816918149241,0.0771070932386244,0,0,50.02255639097744,191.42059056605152,APOE,Ctsd,GO_Molecular_Function_2023,top100
GO_Molecular_Function_2023,Lipoprotein Particle Receptor Binding (GO:0070325),1/27,0.0266688455361458,0.0771070932386244,0,0,40.392712550607285,146.39366123411943,APOE,Ctsd,GO_Molecular_Function_2023,top100
GO_Molecular_Function_2023,Metallocarboxypeptidase Activity (GO:0004181),1/29,0.0286172054274548,0.0771070932386244,0,0,37.50375939849624,133.2788782141628,CPXM1,Ctsd,GO_Molecular_Function_2023,top100
GO_Molecular_Function_2023,Peptidase Inhibitor Activity (GO:0030414),1/37,0.0363736593292806,0.0771070932386244,0,0,29.157894736842103,96.62665093408292,TIMP2,Ctsd,GO_Molecular_Function_2023,top100
GO_Molecular_Function_2023,Carboxypeptidase Activity (GO:0004180),1/38,0.0373390688738262,0.0771070932386244,0,0,28.36842105263158,93.26728562261796,CPXM1,Ctsd,GO_Molecular_Function_2023,top100
GO_Molecular_Function_2023,Tau Protein Binding (GO:0048156),1/39,0.0383035595748703,0.0771070932386244,0,0,27.62049861495845,90.10393439678076,APOE,Ctsd,GO_Molecular_Function_2023,top100
GO_Molecular_Function_2023,Signal Sequence Binding (GO:0005048),1/41,0.0402297877766736,0.0771070932386244,0,0,26.23684210526316,84.30284540999916,KDELR3,Ctsd,GO_Molecular_Function_2023,top100
GO_Molecular_Function_2023,Metalloexopeptidase Activity (GO:0008235),1/57,0.0555082103235644,0.0943027701584737,0,0,18.72556390977444,54.1398060702703,CPXM1,Ctsd,GO_Molecular_Function_2023,top100
GO_Molecular_Function_2023,SH3 Domain Binding (GO:0017124),1/59,0.0574016861834188,0.0943027701584737,0,0,18.07803992740472,51.661282065881295,DPYSL3,Ctsd,GO_Molecular_Function_2023,top100
GO_Molecular_Function_2023,Amyloid-Beta Binding (GO:0001540),1/79,0.0761391600452789,0.1167467120694276,0,0,13.429149797570853,34.58264664318254,APOE,Ctsd,GO_Molecular_Function_2023,top100
GO_Molecular_Function_2023,Growth Factor Activity (GO:0008083),1/85,0.0816910427282763,0.1174308739218972,0,0,12.466165413533837,31.225387249064404,CLEC11A,Ctsd,GO_Molecular_Function_2023,top100
GO_Molecular_Function_2023,Endopeptidase Inhibitor Activity (GO:0004866),1/112,0.1062846380154363,0.1437968631973551,0,0,9.421052631578949,21.11855678854484,TIMP2,Ctsd,GO_Molecular_Function_2023,top100
GO_Molecular_Function_2023,Protease Binding (GO:0002020),1/125,0.1179015944002206,0.1506520372891708,0,0,8.427843803056026,18.01792896923992,TIMP2,Ctsd,GO_Molecular_Function_2023,top100
GO_Molecular_Function_2023,Receptor Ligand Activity (GO:0048018),1/319,0.2751023557551568,0.3330186411772951,0,0,3.254220456802383,4.199936127810808,CLEC11A,Ctsd,GO_Molecular_Function_2023,top100
GO_Molecular_Function_2023,Zinc Ion Binding (GO:0008270),1/341,0.2911452817971114,0.3348170740666781,0,0,3.040247678018576,3.751461592199566,TIMP2,Ctsd,GO_Molecular_Function_2023,top100
GO_Molecular_Function_2023,Transition Metal Ion Binding (GO:0046914),1/456,0.3696623813155064,0.4048683223931737,0,0,2.2585309427414693,2.2476113359998484,TIMP2,Ctsd,GO_Molecular_Function_2023,top100
GO_Molecular_Function_2023,Metal Ion Binding (GO:0046872),1/521,0.4103106939364084,0.4289611800244269,0,0,1.9696356275303644,1.7546314160652892,APOE,Ctsd,GO_Molecular_Function_2023,top100
GO_Molecular_Function_2023,Protein Homodimerization Activity (GO:0042803),1/662,0.4900936311913308,0.4900936311913308,0,0,1.5382594155585636,1.097023272834384,APOE,Ctsd,GO_Molecular_Function_2023,top100
