Gene_set,Term,Overlap,P-value,Adjusted P-value,Old P-value,Old Adjusted P-value,Odds Ratio,Combined Score,Genes,Reference_Gene,Gene_Set_Library,Method
GO_Biological_Process_2023,Regulation Of Membrane Protein Ectodomain Proteolysis (GO:0051043),2/21,0.000197241423521882,0.0526634600803424,0,0,116.7309941520468,995.841692324286,TIMP2;APOE,Ctsd,GO_Biological_Process_2023,top100
GO_Biological_Process_2023,Negative Regulation Of Proteolysis (GO:0045861),2/41,0.0007610076105649785,0.0531464941938644,0,0,56.81196581196581,407.9591818331578,TIMP2;GAS1,Ctsd,GO_Biological_Process_2023,top100
GO_Biological_Process_2023,"Retrograde Vesicle-Mediated Transport, Golgi To Endoplasmic Reticulum (GO:0006890)",2/48,0.0010424693212675,0.0531464941938644,0,0,48.14975845410628,330.6040915341501,COPZ2;KDELR3,Ctsd,GO_Biological_Process_2023,top100
GO_Biological_Process_2023,Negative Regulation Of Cell Projection Organization (GO:0031345),2/50,0.0011307590059983,0.0531464941938644,0,0,46.138888888888886,313.0461870363529,DPYSL3;APOE,Ctsd,GO_Biological_Process_2023,top100
GO_Biological_Process_2023,Negative Regulation Of Neuron Projection Development (GO:0010977),2/54,0.0013177506939226,0.0531464941938644,0,0,42.58119658119658,282.3912150075315,DPYSL3;APOE,Ctsd,GO_Biological_Process_2023,top100
GO_Biological_Process_2023,Negative Regulation Of Neuron Apoptotic Process (GO:0043524),2/74,0.0024576407666974,0.0531464941938644,0,0,30.72222222222222,184.5961136225927,UNC5B;APOE,Ctsd,GO_Biological_Process_2023,top100
GO_Biological_Process_2023,Negative Regulation Of Neuron Death (GO:1901215),2/88,0.0034540449719347,0.0531464941938644,0,0,25.702842377260986,145.6890896619056,UNC5B;APOE,Ctsd,GO_Biological_Process_2023,top100
GO_Biological_Process_2023,Positive Regulation Of Neuron Projection Development (GO:0010976),2/92,0.0037680465442261,0.0531464941938644,0,0,24.55555555555556,137.04943154835937,DPYSL3;APOE,Ctsd,GO_Biological_Process_2023,top100
GO_Biological_Process_2023,Regulation Of Neuron Apoptotic Process (GO:0043523),2/105,0.0048767883644565,0.0531464941938644,0,0,21.44228694714132,114.14304848253492,UNC5B;APOE,Ctsd,GO_Biological_Process_2023,top100
GO_Biological_Process_2023,Positive Regulation Of Osteoblast Proliferation (GO:0033690),1/5,0.0049904406959516,0.0531464941938644,0,0,262.8421052631579,1393.123889480945,TMEM119,Ctsd,GO_Biological_Process_2023,top100
GO_Biological_Process_2023,Lipoprotein Metabolic Process (GO:0042157),1/5,0.0049904406959516,0.0531464941938644,0,0,262.8421052631579,1393.123889480945,APOE,Ctsd,GO_Biological_Process_2023,top100
GO_Biological_Process_2023,Sterol Catabolic Process (GO:0016127),1/6,0.0059856908667451,0.0531464941938644,0,0,210.26315789473685,1076.2074808846232,APOE,Ctsd,GO_Biological_Process_2023,top100
GO_Biological_Process_2023,Toll-Like Receptor 3 Signaling Pathway (GO:0034138),1/6,0.0059856908667451,0.0531464941938644,0,0,210.26315789473685,1076.2074808846232,SCARA3,Ctsd,GO_Biological_Process_2023,top100
GO_Biological_Process_2023,Negative Regulation Of Membrane Protein Ectodomain Proteolysis (GO:0051045),1/6,0.0059856908667451,0.0531464941938644,0,0,210.26315789473685,1076.2074808846232,TIMP2,Ctsd,GO_Biological_Process_2023,top100
GO_Biological_Process_2023,Cholesterol Catabolic Process (GO:0006707),1/6,0.0059856908667451,0.0531464941938644,0,0,210.26315789473685,1076.2074808846232,APOE,Ctsd,GO_Biological_Process_2023,top100
GO_Biological_Process_2023,Positive Regulation Of Amyloid-Beta Clearance (GO:1900223),1/6,0.0059856908667451,0.0531464941938644,0,0,210.26315789473685,1076.2074808846232,APOE,Ctsd,GO_Biological_Process_2023,top100
GO_Biological_Process_2023,Positive Regulation Of Receptor Catabolic Process (GO:2000646),1/6,0.0059856908667451,0.0531464941938644,0,0,210.26315789473685,1076.2074808846232,APOE,Ctsd,GO_Biological_Process_2023,top100
GO_Biological_Process_2023,Regulation Of Metallopeptidase Activity (GO:1905048),1/6,0.0059856908667451,0.0531464941938644,0,0,210.26315789473685,1076.2074808846232,TIMP2,Ctsd,GO_Biological_Process_2023,top100
GO_Biological_Process_2023,Positive Regulation Of Steroid Metabolic Process (GO:0045940),1/6,0.0059856908667451,0.0531464941938644,0,0,210.26315789473685,1076.2074808846232,APOE,Ctsd,GO_Biological_Process_2023,top100
GO_Biological_Process_2023,Nucleobase Catabolic Process (GO:0046113),1/6,0.0059856908667451,0.0531464941938644,0,0,210.26315789473685,1076.2074808846232,DPYSL3,Ctsd,GO_Biological_Process_2023,top100
GO_Biological_Process_2023,Positive Regulation Of Cell Projection Organization (GO:0031346),2/118,0.0061179373336044,0.0531464941938644,0,0,19.026819923371647,96.97076380041771,DPYSL3;APOE,Ctsd,GO_Biological_Process_2023,top100
GO_Biological_Process_2023,Positive Regulation Of Multicellular Organismal Process (GO:0051240),3/387,0.006417255691242,0.0531464941938644,0,0,9.005514705882353,45.46672488829847,MFAP2;TMEM119;APOE,Ctsd,GO_Biological_Process_2023,top100
GO_Biological_Process_2023,Response To Cytokine (GO:0034097),2/125,0.0068399467111769,0.0531464941938644,0,0,17.937669376693766,89.41883946655669,DPYSL3;TIMP2,Ctsd,GO_Biological_Process_2023,top100
GO_Biological_Process_2023,Regulation Of Extent Of Cell Growth (GO:0061387),1/7,0.0069799958941807,0.0531464941938644,0,0,175.21052631578948,869.8689177892479,APOE,Ctsd,GO_Biological_Process_2023,top100
GO_Biological_Process_2023,Protein Retention In ER Lumen (GO:0006621),1/7,0.0069799958941807,0.0531464941938644,0,0,175.21052631578948,869.8689177892479,KDELR3,Ctsd,GO_Biological_Process_2023,top100
GO_Biological_Process_2023,Pyrimidine Nucleobase Catabolic Process (GO:0006208),1/7,0.0069799958941807,0.0531464941938644,0,0,175.21052631578948,869.8689177892479,DPYSL3,Ctsd,GO_Biological_Process_2023,top100
GO_Biological_Process_2023,Positive Regulation Of CoA-transferase Activity (GO:1905920),1/7,0.0069799958941807,0.0531464941938644,0,0,175.21052631578948,869.8689177892479,APOE,Ctsd,GO_Biological_Process_2023,top100
GO_Biological_Process_2023,Very-Low-Density Lipoprotein Particle Remodeling (GO:0034372),1/7,0.0069799958941807,0.0531464941938644,0,0,175.21052631578948,869.8689177892479,APOE,Ctsd,GO_Biological_Process_2023,top100
GO_Biological_Process_2023,UV Protection (GO:0009650),1/7,0.0069799958941807,0.0531464941938644,0,0,175.21052631578948,869.8689177892479,SCARA3,Ctsd,GO_Biological_Process_2023,top100
GO_Biological_Process_2023,Regulation Of Cdc42 Protein Signal Transduction (GO:0032489),1/7,0.0069799958941807,0.0531464941938644,0,0,175.21052631578948,869.8689177892479,APOE,Ctsd,GO_Biological_Process_2023,top100
GO_Biological_Process_2023,Regulation Of CoA-transferase Activity (GO:1905918),1/7,0.0069799958941807,0.0531464941938644,0,0,175.21052631578948,869.8689177892479,APOE,Ctsd,GO_Biological_Process_2023,top100
GO_Biological_Process_2023,Negative Regulation Of Long-Term Synaptic Potentiation (GO:1900272),1/8,0.0079733565142536,0.0531464941938644,0,0,150.17293233082708,725.5830081396662,APOE,Ctsd,GO_Biological_Process_2023,top100
GO_Biological_Process_2023,Triglyceride-Rich Lipoprotein Particle Remodeling (GO:0034370),1/8,0.0079733565142536,0.0531464941938644,0,0,150.17293233082708,725.5830081396662,APOE,Ctsd,GO_Biological_Process_2023,top100
GO_Biological_Process_2023,Pyrimidine-Containing Compound Catabolic Process (GO:0072529),1/8,0.0079733565142536,0.0531464941938644,0,0,150.17293233082708,725.5830081396662,DPYSL3,Ctsd,GO_Biological_Process_2023,top100
GO_Biological_Process_2023,Alcohol Catabolic Process (GO:0046164),1/8,0.0079733565142536,0.0531464941938644,0,0,150.17293233082708,725.5830081396662,APOE,Ctsd,GO_Biological_Process_2023,top100
GO_Biological_Process_2023,Endochondral Ossification (GO:0001958),1/8,0.0079733565142536,0.0531464941938644,0,0,150.17293233082708,725.5830081396662,TMEM119,Ctsd,GO_Biological_Process_2023,top100
GO_Biological_Process_2023,Negative Regulation Of Wnt Signaling Pathway (GO:0030178),2/140,0.0085108669895334,0.0531464941938644,0,0,15.97584541062802,76.1474526911422,APOE;APCDD1,Ctsd,GO_Biological_Process_2023,top100
GO_Biological_Process_2023,Negative Regulation Of Protein Maturation (GO:1903318),1/9,0.0089657734963174,0.0531464941938644,0,0,131.39473684210526,619.439581424405,GAS1,Ctsd,GO_Biological_Process_2023,top100
GO_Biological_Process_2023,High-Density Lipoprotein Particle Assembly (GO:0034380),1/9,0.0089657734963174,0.0531464941938644,0,0,131.39473684210526,619.439581424405,APOE,Ctsd,GO_Biological_Process_2023,top100
GO_Biological_Process_2023,Negative Regulation Of Bone Resorption (GO:0045779),1/9,0.0089657734963174,0.0531464941938644,0,0,131.39473684210526,619.439581424405,TMEM119,Ctsd,GO_Biological_Process_2023,top100
GO_Biological_Process_2023,Embryonic Eye Morphogenesis (GO:0048048),1/9,0.0089657734963174,0.0531464941938644,0,0,131.39473684210526,619.439581424405,MFAP2,Ctsd,GO_Biological_Process_2023,top100
GO_Biological_Process_2023,Negative Regulation Of Hemostasis (GO:1900047),1/10,0.0099572476243861,0.0531464941938644,0,0,116.78947368421052,538.3357753631753,APOE,Ctsd,GO_Biological_Process_2023,top100
GO_Biological_Process_2023,Fatty Acid Homeostasis (GO:0055089),1/10,0.0099572476243861,0.0531464941938644,0,0,116.78947368421052,538.3357753631753,APOE,Ctsd,GO_Biological_Process_2023,top100
GO_Biological_Process_2023,Positive Regulation Of Phospholipid Transport (GO:2001140),1/10,0.0099572476243861,0.0531464941938644,0,0,116.78947368421052,538.3357753631753,APOE,Ctsd,GO_Biological_Process_2023,top100
GO_Biological_Process_2023,Positive Regulation Of Cholesterol Metabolic Process (GO:0090205),1/10,0.0099572476243861,0.0531464941938644,0,0,116.78947368421052,538.3357753631753,APOE,Ctsd,GO_Biological_Process_2023,top100
GO_Biological_Process_2023,Lipoprotein Catabolic Process (GO:0042159),1/10,0.0099572476243861,0.0531464941938644,0,0,116.78947368421052,538.3357753631753,APOE,Ctsd,GO_Biological_Process_2023,top100
GO_Biological_Process_2023,Maintenance Of Protein Localization In Endoplasmic Reticulum (GO:0035437),1/11,0.0109477797028559,0.0531464941938644,0,0,105.10526315789474,474.5101770765117,KDELR3,Ctsd,GO_Biological_Process_2023,top100
GO_Biological_Process_2023,Positive Regulation Of Lipid Transport (GO:0032370),1/11,0.0109477797028559,0.0531464941938644,0,0,105.10526315789474,474.5101770765117,APOE,Ctsd,GO_Biological_Process_2023,top100
GO_Biological_Process_2023,Phospholipid Efflux (GO:0033700),1/11,0.0109477797028559,0.0531464941938644,0,0,105.10526315789474,474.5101770765117,APOE,Ctsd,GO_Biological_Process_2023,top100
GO_Biological_Process_2023,Negative Regulation Of Myotube Differentiation (GO:0010832),1/11,0.0109477797028559,0.0531464941938644,0,0,105.10526315789474,474.5101770765117,TMEM119,Ctsd,GO_Biological_Process_2023,top100
GO_Biological_Process_2023,Negative Regulation Of Nitrogen Compound Metabolic Process (GO:0051172),1/11,0.0109477797028559,0.0531464941938644,0,0,105.10526315789474,474.5101770765117,APOE,Ctsd,GO_Biological_Process_2023,top100
GO_Biological_Process_2023,Pyrimidine Nucleobase Metabolic Process (GO:0006206),1/11,0.0109477797028559,0.0531464941938644,0,0,105.10526315789474,474.5101770765117,DPYSL3,Ctsd,GO_Biological_Process_2023,top100
GO_Biological_Process_2023,Actin Crosslink Formation (GO:0051764),1/11,0.0109477797028559,0.0531464941938644,0,0,105.10526315789474,474.5101770765117,DPYSL3,Ctsd,GO_Biological_Process_2023,top100
GO_Biological_Process_2023,Regulation Of Amyloid Precursor Protein Catabolic Process (GO:1902991),1/11,0.0109477797028559,0.0531464941938644,0,0,105.10526315789474,474.5101770765117,APOE,Ctsd,GO_Biological_Process_2023,top100
GO_Biological_Process_2023,Negative Regulation Of Bone Remodeling (GO:0046851),1/11,0.0109477797028559,0.0531464941938644,0,0,105.10526315789474,474.5101770765117,TMEM119,Ctsd,GO_Biological_Process_2023,top100
GO_Biological_Process_2023,Endochondral Bone Morphogenesis (GO:0060350),1/12,0.0119373705403343,0.0559171567415661,0,0,95.54545454545456,423.0830518492731,TMEM119,Ctsd,GO_Biological_Process_2023,top100
GO_Biological_Process_2023,Negative Regulation Of Coagulation (GO:0050819),1/12,0.0119373705403343,0.0559171567415661,0,0,95.54545454545456,423.0830518492731,APOE,Ctsd,GO_Biological_Process_2023,top100
GO_Biological_Process_2023,Regulation Of Neuron Projection Development (GO:0010975),2/174,0.0129008233573588,0.0575207932403777,0,0,12.795865633074936,55.66795462172957,DPYSL3;APOE,Ctsd,GO_Biological_Process_2023,top100
GO_Biological_Process_2023,Regulation Of Nitrogen Compound Metabolic Process (GO:0051171),1/13,0.0129260209528938,0.0575207932403777,0,0,87.57894736842105,380.8381798737429,APOE,Ctsd,GO_Biological_Process_2023,top100
GO_Biological_Process_2023,Endolysosomal Toll-Like Receptor Signaling Pathway (GO:0140894),1/13,0.0129260209528938,0.0575207932403777,0,0,87.57894736842105,380.8381798737429,SCARA3,Ctsd,GO_Biological_Process_2023,top100
GO_Biological_Process_2023,Positive Regulation Of Membrane Protein Ectodomain Proteolysis (GO:0051044),1/14,0.01391373176082,0.0593796195766555,0,0,80.83805668016194,345.57291333057793,APOE,Ctsd,GO_Biological_Process_2023,top100
GO_Biological_Process_2023,Lipoprotein Biosynthetic Process (GO:0042158),1/14,0.01391373176082,0.0593796195766555,0,0,80.83805668016194,345.57291333057793,APOE,Ctsd,GO_Biological_Process_2023,top100
GO_Biological_Process_2023,Regulation Of Cholesterol Biosynthetic Process (GO:0045540),1/15,0.0149005037888985,0.0593796195766555,0,0,75.06015037593986,315.7300332957057,APOE,Ctsd,GO_Biological_Process_2023,top100
GO_Biological_Process_2023,Negative Regulation Of Platelet Activation (GO:0010544),1/15,0.0149005037888985,0.0593796195766555,0,0,75.06015037593986,315.7300332957057,APOE,Ctsd,GO_Biological_Process_2023,top100
GO_Biological_Process_2023,Negative Regulation Of Protein Processing (GO:0010955),1/15,0.0149005037888985,0.0593796195766555,0,0,75.06015037593986,315.7300332957057,GAS1,Ctsd,GO_Biological_Process_2023,top100
GO_Biological_Process_2023,High-Density Lipoprotein Particle Remodeling (GO:0034375),1/15,0.0149005037888985,0.0593796195766555,0,0,75.06015037593986,315.7300332957057,APOE,Ctsd,GO_Biological_Process_2023,top100
GO_Biological_Process_2023,Regulation Of Amyloid-Beta Clearance (GO:1900221),1/15,0.0149005037888985,0.0593796195766555,0,0,75.06015037593986,315.7300332957057,APOE,Ctsd,GO_Biological_Process_2023,top100
GO_Biological_Process_2023,"Synaptic Transmission, Cholinergic (GO:0007271)",1/16,0.0158863378646896,0.0597415804207342,0,0,70.05263157894737,290.1787210723924,APOE,Ctsd,GO_Biological_Process_2023,top100
GO_Biological_Process_2023,Negative Regulation Of Amyloid-Beta Formation (GO:1902430),1/16,0.0158863378646896,0.0597415804207342,0,0,70.05263157894737,290.1787210723924,APOE,Ctsd,GO_Biological_Process_2023,top100
GO_Biological_Process_2023,Reverse Cholesterol Transport (GO:0043691),1/16,0.0158863378646896,0.0597415804207342,0,0,70.05263157894737,290.1787210723924,APOE,Ctsd,GO_Biological_Process_2023,top100
GO_Biological_Process_2023,Regulation Of Osteoblast Proliferation (GO:0033688),1/16,0.0158863378646896,0.0597415804207342,0,0,70.05263157894737,290.1787210723924,TMEM119,Ctsd,GO_Biological_Process_2023,top100
GO_Biological_Process_2023,Golgi Vesicle Transport (GO:0048193),2/197,0.0163227109005166,0.0600615959494895,0,0,11.273504273504274,46.39270036949823,COPZ2;KDELR3,Ctsd,GO_Biological_Process_2023,top100
GO_Biological_Process_2023,Positive Regulation Of Nitric-Oxide Synthase Activity (GO:0051000),1/17,0.0168712348172723,0.0600615959494895,0,0,65.67105263157895,268.0787715603985,APOE,Ctsd,GO_Biological_Process_2023,top100
GO_Biological_Process_2023,Negative Regulation Of Striated Muscle Cell Differentiation (GO:0051154),1/17,0.0168712348172723,0.0600615959494895,0,0,65.67105263157895,268.0787715603985,TMEM119,Ctsd,GO_Biological_Process_2023,top100
GO_Biological_Process_2023,Amyloid Precursor Protein Metabolic Process (GO:0042982),1/17,0.0168712348172723,0.0600615959494895,0,0,65.67105263157895,268.0787715603985,APOE,Ctsd,GO_Biological_Process_2023,top100
GO_Biological_Process_2023,Response To Axon Injury (GO:0048678),1/18,0.0178551954764704,0.0611197075925333,0,0,61.80495356037152,248.79341471282052,DPYSL3,Ctsd,GO_Biological_Process_2023,top100
GO_Biological_Process_2023,Negative Regulation Of Amyloid Precursor Protein Catabolic Process (GO:1902992),1/18,0.0178551954764704,0.0611197075925333,0,0,61.80495356037152,248.79341471282052,APOE,Ctsd,GO_Biological_Process_2023,top100
GO_Biological_Process_2023,Nitric Oxide Mediated Signal Transduction (GO:0007263),1/18,0.0178551954764704,0.0611197075925333,0,0,61.80495356037152,248.79341471282052,APOE,Ctsd,GO_Biological_Process_2023,top100
GO_Biological_Process_2023,Eye Morphogenesis (GO:0048592),1/19,0.0188382206720142,0.0628725614928476,0,0,58.36842105263158,231.8316321803268,MFAP2,Ctsd,GO_Biological_Process_2023,top100
GO_Biological_Process_2023,Regulation Of Behavior (GO:0050795),1/19,0.0188382206720142,0.0628725614928476,0,0,58.36842105263158,231.8316321803268,APOE,Ctsd,GO_Biological_Process_2023,top100
GO_Biological_Process_2023,Regulation Of Steroid Metabolic Process (GO:0019218),1/21,0.0208014680109953,0.0682829504711703,0,0,52.526315789473685,203.4203291515269,APOE,Ctsd,GO_Biological_Process_2023,top100
GO_Biological_Process_2023,Negative Regulation Of Extrinsic Apoptotic Signaling Pathway In Absence Of Ligand (GO:2001240),1/22,0.0217816918149241,0.0682829504711703,0,0,50.02255639097744,191.42059056605152,UNC5B,Ctsd,GO_Biological_Process_2023,top100
GO_Biological_Process_2023,Negative Regulation Of Signal Transduction In Absence Of Ligand (GO:1901099),1/22,0.0217816918149241,0.0682829504711703,0,0,50.02255639097744,191.42059056605152,UNC5B,Ctsd,GO_Biological_Process_2023,top100
GO_Biological_Process_2023,Positive Regulation Of Cholesterol Efflux (GO:0010875),1/22,0.0217816918149241,0.0682829504711703,0,0,50.02255639097744,191.42059056605152,APOE,Ctsd,GO_Biological_Process_2023,top100
GO_Biological_Process_2023,Positive Regulation Of Developmental Process (GO:0051094),2/233,0.0223670623853994,0.0682829504711703,0,0,9.4992784992785,36.09883357673127,TMEM119;APOE,Ctsd,GO_Biological_Process_2023,top100
GO_Biological_Process_2023,Regulation Of Cholesterol Metabolic Process (GO:0090181),1/23,0.0227609834903901,0.0682829504711703,0,0,47.74641148325359,180.6107068727385,APOE,Ctsd,GO_Biological_Process_2023,top100
GO_Biological_Process_2023,Cholesterol Efflux (GO:0033344),1/23,0.0227609834903901,0.0682829504711703,0,0,47.74641148325359,180.6107068727385,APOE,Ctsd,GO_Biological_Process_2023,top100
GO_Biological_Process_2023,Regulation Of Myotube Differentiation (GO:0010830),1/23,0.0227609834903901,0.0682829504711703,0,0,47.74641148325359,180.6107068727385,TMEM119,Ctsd,GO_Biological_Process_2023,top100
GO_Biological_Process_2023,Long-Chain Fatty Acid Transport (GO:0015909),1/23,0.0227609834903901,0.0682829504711703,0,0,47.74641148325359,180.6107068727385,APOE,Ctsd,GO_Biological_Process_2023,top100
GO_Biological_Process_2023,Positive Regulation Of Lipid Metabolic Process (GO:0045834),1/24,0.0237393438664972,0.068895704482117,0,0,45.66819221967963,170.827422984315,APOE,Ctsd,GO_Biological_Process_2023,top100
GO_Biological_Process_2023,Regulation Of Supramolecular Fiber Organization (GO:1902903),1/24,0.0237393438664972,0.068895704482117,0,0,45.66819221967963,170.827422984315,APOE,Ctsd,GO_Biological_Process_2023,top100
GO_Biological_Process_2023,Acylglycerol Homeostasis (GO:0055090),1/24,0.0237393438664972,0.068895704482117,0,0,45.66819221967963,170.827422984315,APOE,Ctsd,GO_Biological_Process_2023,top100
GO_Biological_Process_2023,Regulation Of Protein Processing (GO:0070613),1/25,0.0247167737784927,0.0702061553069952,0,0,43.76315789473684,161.93563879493826,GAS1,Ctsd,GO_Biological_Process_2023,top100
GO_Biological_Process_2023,Negative Regulation Of Protein Transport (GO:0051224),1/25,0.0247167737784927,0.0702061553069952,0,0,43.76315789473684,161.93563879493826,APOE,Ctsd,GO_Biological_Process_2023,top100
GO_Biological_Process_2023,Positive Regulation Of Monooxygenase Activity (GO:0032770),1/26,0.0256932740553108,0.072211622871242,0,0,42.01052631578948,153.82263569148483,APOE,Ctsd,GO_Biological_Process_2023,top100
GO_Biological_Process_2023,Regulation Of Extrinsic Apoptotic Signaling Pathway In Absence Of Ligand (GO:2001239),1/27,0.0266688455361458,0.0730773423354615,0,0,40.392712550607285,146.39366123411943,UNC5B,Ctsd,GO_Biological_Process_2023,top100
GO_Biological_Process_2023,Positive Regulation Of Filopodium Assembly (GO:0051491),1/27,0.0266688455361458,0.0730773423354615,0,0,40.392712550607285,146.39366123411943,DPYSL3,Ctsd,GO_Biological_Process_2023,top100
GO_Biological_Process_2023,Regulation Of Lipid Biosynthetic Process (GO:0046890),1/28,0.0276434890482457,0.0730773423354615,0,0,38.89473684210526,139.56851455439977,APOE,Ctsd,GO_Biological_Process_2023,top100
GO_Biological_Process_2023,Negative Regulation Of Wound Healing (GO:0061045),1/28,0.0276434890482457,0.0730773423354615,0,0,38.89473684210526,139.56851455439977,APOE,Ctsd,GO_Biological_Process_2023,top100
GO_Biological_Process_2023,Regulation Of Bone Resorption (GO:0045124),1/28,0.0276434890482457,0.0730773423354615,0,0,38.89473684210526,139.56851455439977,TMEM119,Ctsd,GO_Biological_Process_2023,top100
GO_Biological_Process_2023,Regulation Of Nitric-Oxide Synthase Activity (GO:0050999),1/28,0.0276434890482457,0.0730773423354615,0,0,38.89473684210526,139.56851455439977,APOE,Ctsd,GO_Biological_Process_2023,top100
GO_Biological_Process_2023,Regulation Of Developmental Growth (GO:0048638),1/29,0.0286172054274548,0.0741824645546644,0,0,37.50375939849624,133.2788782141628,APOE,Ctsd,GO_Biological_Process_2023,top100
GO_Biological_Process_2023,Regulation Of Blood Coagulation (GO:0030193),1/29,0.0286172054274548,0.0741824645546644,0,0,37.50375939849624,133.2788782141628,APOE,Ctsd,GO_Biological_Process_2023,top100
GO_Biological_Process_2023,Negative Regulation Of Blood Coagulation (GO:0030195),1/30,0.0295899955032417,0.0754630602834702,0,0,36.2087114337568,127.46621354176987,APOE,Ctsd,GO_Biological_Process_2023,top100
GO_Biological_Process_2023,Triglyceride Homeostasis (GO:0070328),1/31,0.0305618601074184,0.0754630602834702,0,0,35.0,122.08008572013848,APOE,Ctsd,GO_Biological_Process_2023,top100
GO_Biological_Process_2023,Regulation Of Long-Term Synaptic Potentiation (GO:1900271),1/31,0.0305618601074184,0.0754630602834702,0,0,35.0,122.08008572013848,APOE,Ctsd,GO_Biological_Process_2023,top100
GO_Biological_Process_2023,Positive Regulation Of Cholesterol Transport (GO:0032376),1/31,0.0305618601074184,0.0754630602834702,0,0,35.0,122.08008572013848,APOE,Ctsd,GO_Biological_Process_2023,top100
GO_Biological_Process_2023,Regulation Of Cholesterol Efflux (GO:0010874),1/32,0.0315328000758389,0.0754630602834702,0,0,33.869269949066215,117.07681999296598,APOE,Ctsd,GO_Biological_Process_2023,top100
GO_Biological_Process_2023,Negative Regulation Of Epithelial Cell Migration (GO:0010633),1/33,0.0325028162269628,0.0754630602834702,0,0,32.80921052631579,112.41841533087528,APOE,Ctsd,GO_Biological_Process_2023,top100
GO_Biological_Process_2023,Actin Filament Bundle Assembly (GO:0051017),1/33,0.0325028162269628,0.0754630602834702,0,0,32.80921052631579,112.41841533087528,DPYSL3,Ctsd,GO_Biological_Process_2023,top100
GO_Biological_Process_2023,Actin Filament Bundle Organization (GO:0061572),1/33,0.0325028162269628,0.0754630602834702,0,0,32.80921052631579,112.41841533087528,DPYSL3,Ctsd,GO_Biological_Process_2023,top100
GO_Biological_Process_2023,Positive Regulation Of Small Molecule Metabolic Process (GO:0062013),1/33,0.0325028162269628,0.0754630602834702,0,0,32.80921052631579,112.41841533087528,APOE,Ctsd,GO_Biological_Process_2023,top100
GO_Biological_Process_2023,Regulation Of Amyloid-Beta Formation (GO:1902003),1/33,0.0325028162269628,0.0754630602834702,0,0,32.80921052631579,112.41841533087528,APOE,Ctsd,GO_Biological_Process_2023,top100
GO_Biological_Process_2023,intra-Golgi Vesicle-Mediated Transport (GO:0006891),1/33,0.0325028162269628,0.0754630602834702,0,0,32.80921052631579,112.41841533087528,COPZ2,Ctsd,GO_Biological_Process_2023,top100
GO_Biological_Process_2023,Negative Regulation Of Blood Vessel Endothelial Cell Migration (GO:0043537),1/33,0.0325028162269628,0.0754630602834702,0,0,32.80921052631579,112.41841533087528,APOE,Ctsd,GO_Biological_Process_2023,top100
GO_Biological_Process_2023,Negative Regulation Of Mitotic Cell Cycle (GO:0045930),1/34,0.0334719094011011,0.0757372865262204,0,0,31.8133971291866,108.07165990908112,GAS1,Ctsd,GO_Biological_Process_2023,top100
GO_Biological_Process_2023,Cellular Response To Vascular Endothelial Growth Factor Stimulus (GO:0035924),1/34,0.0334719094011011,0.0757372865262204,0,0,31.8133971291866,108.07165990908112,GAS1,Ctsd,GO_Biological_Process_2023,top100
GO_Biological_Process_2023,Regulation Of Neuronal Synaptic Plasticity (GO:0048168),1/34,0.0334719094011011,0.0757372865262204,0,0,31.8133971291866,108.07165990908112,APOE,Ctsd,GO_Biological_Process_2023,top100
GO_Biological_Process_2023,Regulation Of Axon Extension (GO:0030516),1/35,0.0344400804224879,0.0772731216202039,0,0,30.876160990712076,104.00740624656504,APOE,Ctsd,GO_Biological_Process_2023,top100
GO_Biological_Process_2023,Negative Regulation Of Endothelial Cell Migration (GO:0010596),1/37,0.0363736593292806,0.0783207019428865,0,0,29.157894736842103,96.62665093408292,APOE,Ctsd,GO_Biological_Process_2023,top100
GO_Biological_Process_2023,Negative Regulation Of Endothelial Cell Proliferation (GO:0001937),1/37,0.0363736593292806,0.0783207019428865,0,0,29.157894736842103,96.62665093408292,APOE,Ctsd,GO_Biological_Process_2023,top100
GO_Biological_Process_2023,Melanosome Organization (GO:0032438),1/37,0.0363736593292806,0.0783207019428865,0,0,29.157894736842103,96.62665093408292,APOE,Ctsd,GO_Biological_Process_2023,top100
GO_Biological_Process_2023,Negative Regulation Of Smooth Muscle Cell Proliferation (GO:0048662),1/37,0.0363736593292806,0.0783207019428865,0,0,29.157894736842103,96.62665093408292,APOE,Ctsd,GO_Biological_Process_2023,top100
GO_Biological_Process_2023,Regulation Of Cellular Component Biogenesis (GO:0044087),1/37,0.0363736593292806,0.0783207019428865,0,0,29.157894736842103,96.62665093408292,APOE,Ctsd,GO_Biological_Process_2023,top100
GO_Biological_Process_2023,Fatty Acid Transport (GO:0015908),1/38,0.0373390688738262,0.0785002471599339,0,0,28.36842105263158,93.26728562261796,APOE,Ctsd,GO_Biological_Process_2023,top100
GO_Biological_Process_2023,Regulation Of Intracellular Transport (GO:0032386),1/38,0.0373390688738262,0.0785002471599339,0,0,28.36842105263158,93.26728562261796,GAS1,Ctsd,GO_Biological_Process_2023,top100
GO_Biological_Process_2023,Positive Regulation Of Bone Mineralization (GO:0030501),1/38,0.0373390688738262,0.0785002471599339,0,0,28.36842105263158,93.26728562261796,TMEM119,Ctsd,GO_Biological_Process_2023,top100
GO_Biological_Process_2023,Positive Regulation Of Lipid Biosynthetic Process (GO:0046889),1/39,0.0383035595748703,0.0788295061322027,0,0,27.62049861495845,90.10393439678076,APOE,Ctsd,GO_Biological_Process_2023,top100
GO_Biological_Process_2023,Negative Regulation Of Protein Secretion (GO:0050709),1/39,0.0383035595748703,0.0788295061322027,0,0,27.62049861495845,90.10393439678076,APOE,Ctsd,GO_Biological_Process_2023,top100
GO_Biological_Process_2023,Protein Transport (GO:0015031),2/313,0.0385333948396543,0.0788295061322027,0,0,7.027152554483744,22.882025069499196,COPZ2;APOE,Ctsd,GO_Biological_Process_2023,top100
GO_Biological_Process_2023,Regulation Of Small Molecule Metabolic Process (GO:0062012),1/40,0.039267132268101,0.0788295061322027,0,0,26.910931174089068,87.12057233834933,APOE,Ctsd,GO_Biological_Process_2023,top100
GO_Biological_Process_2023,Negative Regulation Of Secretion By Cell (GO:1903531),1/40,0.039267132268101,0.0788295061322027,0,0,26.910931174089068,87.12057233834933,APOE,Ctsd,GO_Biological_Process_2023,top100
GO_Biological_Process_2023,Cyclic-Nucleotide-Mediated Signaling (GO:0019935),1/40,0.039267132268101,0.0788295061322027,0,0,26.910931174089068,87.12057233834933,APOE,Ctsd,GO_Biological_Process_2023,top100
GO_Biological_Process_2023,Positive Regulation Of Ossification (GO:0045778),1/41,0.0402297877766736,0.0795655802694212,0,0,26.23684210526316,84.30284540999916,TMEM119,Ctsd,GO_Biological_Process_2023,top100
GO_Biological_Process_2023,Acylglycerol Metabolic Process (GO:0006639),1/41,0.0402297877766736,0.0795655802694212,0,0,26.23684210526316,84.30284540999916,APOE,Ctsd,GO_Biological_Process_2023,top100
GO_Biological_Process_2023,Regulation Of Primary Metabolic Process (GO:0080090),1/43,0.0421523505298068,0.0815556347207132,0,0,24.98496240601504,79.11400474395023,APOE,Ctsd,GO_Biological_Process_2023,top100
GO_Biological_Process_2023,Regulation Of Filopodium Assembly (GO:0051489),1/43,0.0421523505298068,0.0815556347207132,0,0,24.98496240601504,79.11400474395023,DPYSL3,Ctsd,GO_Biological_Process_2023,top100
GO_Biological_Process_2023,Positive Regulation Of Biomineral Tissue Development (GO:0070169),1/43,0.0421523505298068,0.0815556347207132,0,0,24.98496240601504,79.11400474395023,TMEM119,Ctsd,GO_Biological_Process_2023,top100
GO_Biological_Process_2023,Positive Regulation Of Osteoblast Differentiation (GO:0045669),1/44,0.0431122594296053,0.0816381082815931,0,0,24.402692778457773,76.72079424655034,TMEM119,Ctsd,GO_Biological_Process_2023,top100
GO_Biological_Process_2023,Positive Regulation Of Biosynthetic Process (GO:0009891),1/44,0.0431122594296053,0.0816381082815931,0,0,24.402692778457773,76.72079424655034,APOE,Ctsd,GO_Biological_Process_2023,top100
GO_Biological_Process_2023,Embryonic Organ Morphogenesis (GO:0048562),1/44,0.0431122594296053,0.0816381082815931,0,0,24.402692778457773,76.72079424655034,MFAP2,Ctsd,GO_Biological_Process_2023,top100
GO_Biological_Process_2023,Triglyceride Metabolic Process (GO:0006641),1/45,0.044071254437806,0.082866372780945,0,0,23.84688995215311,74.44873932423765,APOE,Ctsd,GO_Biological_Process_2023,top100
GO_Biological_Process_2023,Secondary Alcohol Metabolic Process (GO:1902652),1/47,0.0459865060964822,0.0858629169773479,0,0,22.80778032036613,70.23444455974413,APOE,Ctsd,GO_Biological_Process_2023,top100
GO_Biological_Process_2023,Positive Regulation Of Transport (GO:0051050),1/50,0.0488525499820277,0.0904641025367521,0,0,21.40816326530612,64.63014669364038,APOE,Ctsd,GO_Biological_Process_2023,top100
GO_Biological_Process_2023,Regulation Of Smoothened Signaling Pathway (GO:0008589),1/51,0.0498060789247286,0.0904641025367521,0,0,20.978947368421053,62.92883309083605,GAS1,Ctsd,GO_Biological_Process_2023,top100
GO_Biological_Process_2023,Cholesterol Transport (GO:0030301),1/51,0.0498060789247286,0.0904641025367521,0,0,20.978947368421053,62.92883309083605,APOE,Ctsd,GO_Biological_Process_2023,top100
GO_Biological_Process_2023,Negative Regulation Of MAP Kinase Activity (GO:0043407),1/51,0.0498060789247286,0.0904641025367521,0,0,20.978947368421053,62.92883309083605,APOE,Ctsd,GO_Biological_Process_2023,top100
GO_Biological_Process_2023,Regulation Of Proteasomal Protein Catabolic Process (GO:0061136),1/53,0.051710413228189,0.0931161973350562,0,0,20.17004048582996,59.74559828701417,APOE,Ctsd,GO_Biological_Process_2023,top100
GO_Biological_Process_2023,Regulation Of Smooth Muscle Cell Proliferation (GO:0048660),1/54,0.0526612202157059,0.0931161973350562,0,0,19.788480635551142,58.25483230121243,APOE,Ctsd,GO_Biological_Process_2023,top100
GO_Biological_Process_2023,Negative Regulation Of Protein Catabolic Process (GO:0042177),1/54,0.0526612202157059,0.0931161973350562,0,0,19.788480635551142,58.25483230121243,TIMP2,Ctsd,GO_Biological_Process_2023,top100
GO_Biological_Process_2023,Regulation Of Blood Vessel Endothelial Cell Migration (GO:0043535),1/54,0.0526612202157059,0.0931161973350562,0,0,19.788480635551142,58.25483230121243,APOE,Ctsd,GO_Biological_Process_2023,top100
GO_Biological_Process_2023,Peptide Metabolic Process (GO:0006518),1/56,0.0545601179499192,0.095839154556766,0,0,19.066985645933013,55.45541451142644,CPXM1,Ctsd,GO_Biological_Process_2023,top100
GO_Biological_Process_2023,Memory (GO:0007613),1/58,0.0564553994621354,0.0976194280953682,0,0,18.39612188365651,52.87605301742885,APOE,Ctsd,GO_Biological_Process_2023,top100
GO_Biological_Process_2023,Regulation Of Bone Mineralization (GO:0030500),1/58,0.0564553994621354,0.0976194280953682,0,0,18.39612188365651,52.87605301742885,TMEM119,Ctsd,GO_Biological_Process_2023,top100
GO_Biological_Process_2023,Phospholipid Transport (GO:0015914),1/59,0.0574016861834188,0.0976194280953682,0,0,18.07803992740472,51.661282065881295,APOE,Ctsd,GO_Biological_Process_2023,top100
GO_Biological_Process_2023,Positive Regulation Of Protein Binding (GO:0032092),1/59,0.0574016861834188,0.0976194280953682,0,0,18.07803992740472,51.661282065881295,APOE,Ctsd,GO_Biological_Process_2023,top100
GO_Biological_Process_2023,Positive Regulation Of Proteolysis (GO:0045862),1/59,0.0574016861834188,0.0976194280953682,0,0,18.07803992740472,51.661282065881295,APOE,Ctsd,GO_Biological_Process_2023,top100
GO_Biological_Process_2023,Sterol Metabolic Process (GO:0016125),1/60,0.058347071283324,0.0979790442304875,0,0,17.770740410347905,50.492824203227855,APOE,Ctsd,GO_Biological_Process_2023,top100
GO_Biological_Process_2023,Negative Regulation Of Peptidase Activity (GO:0010466),1/60,0.058347071283324,0.0979790442304875,0,0,17.770740410347905,50.492824203227855,TIMP2,Ctsd,GO_Biological_Process_2023,top100
GO_Biological_Process_2023,Negative Regulation Of Endopeptidase Activity (GO:0010951),1/66,0.0640004936134332,0.1054822950295474,0,0,16.125506072874494,44.32683091319527,TIMP2,Ctsd,GO_Biological_Process_2023,top100
GO_Biological_Process_2023,Regulation Of Endocytosis (GO:0030100),1/66,0.0640004936134332,0.1054822950295474,0,0,16.125506072874494,44.32683091319527,APOE,Ctsd,GO_Biological_Process_2023,top100
GO_Biological_Process_2023,Response To Reactive Oxygen Species (GO:0000302),1/66,0.0640004936134332,0.1054822950295474,0,0,16.125506072874494,44.32683091319527,APOE,Ctsd,GO_Biological_Process_2023,top100
GO_Biological_Process_2023,Cholesterol Metabolic Process (GO:0008203),1/67,0.0649395901837056,0.1057248206039598,0,0,15.880382775119616,43.421696050712754,APOE,Ctsd,GO_Biological_Process_2023,top100
GO_Biological_Process_2023,Negative Regulation Of Cellular Catabolic Process (GO:0031330),1/67,0.0649395901837056,0.1057248206039598,0,0,15.880382775119616,43.421696050712754,TIMP2,Ctsd,GO_Biological_Process_2023,top100
GO_Biological_Process_2023,Regulation Of Endopeptidase Activity (GO:0052548),1/69,0.0668150987603724,0.1074676588495147,0,0,15.411764705882351,41.70155664670343,TIMP2,Ctsd,GO_Biological_Process_2023,top100
GO_Biological_Process_2023,Positive Regulation Of Phosphatidylinositol 3-Kinase Signaling (GO:0014068),1/69,0.0668150987603724,0.1074676588495147,0,0,15.411764705882351,41.70155664670343,UNC5B,Ctsd,GO_Biological_Process_2023,top100
GO_Biological_Process_2023,Negative Regulation Of Epithelial Cell Proliferation (GO:0050680),1/70,0.0677515123929905,0.1076765107674313,0,0,15.187643020594964,40.88374528633187,APOE,Ctsd,GO_Biological_Process_2023,top100
GO_Biological_Process_2023,Negative Regulation Of Extrinsic Apoptotic Signaling Pathway (GO:2001237),1/70,0.0677515123929905,0.1076765107674313,0,0,15.187643020594964,40.88374528633187,UNC5B,Ctsd,GO_Biological_Process_2023,top100
GO_Biological_Process_2023,Negative Regulation Of Supramolecular Fiber Organization (GO:1902904),1/71,0.0686870333104677,0.1085173839875437,0,0,14.969924812030076,40.09237540517205,APOE,Ctsd,GO_Biological_Process_2023,top100
GO_Biological_Process_2023,Cholesterol Homeostasis (GO:0042632),1/72,0.0696216623496152,0.1087075078792237,0,0,14.758339510748703,39.32624503481652,APOE,Ctsd,GO_Biological_Process_2023,top100
GO_Biological_Process_2023,Second-Messenger-Mediated Signaling (GO:0019932),1/72,0.0696216623496152,0.1087075078792237,0,0,14.758339510748703,39.32624503481652,APOE,Ctsd,GO_Biological_Process_2023,top100
GO_Biological_Process_2023,Sterol Homeostasis (GO:0055092),1/73,0.0705554002871621,0.1088918605587994,0,0,14.552631578947368,38.5842224505161,APOE,Ctsd,GO_Biological_Process_2023,top100
GO_Biological_Process_2023,Regulation Of Rho Protein Signal Transduction (GO:0035023),1/73,0.0705554002871621,0.1088918605587994,0,0,14.552631578947368,38.5842224505161,APOE,Ctsd,GO_Biological_Process_2023,top100
GO_Biological_Process_2023,Positive Regulation Of Endocytosis (GO:0045807),1/79,0.0761391600452789,0.1168342283453417,0,0,13.429149797570853,34.58264664318254,APOE,Ctsd,GO_Biological_Process_2023,top100
GO_Biological_Process_2023,Negative Regulation Of Protein Serine/Threonine Kinase Activity (GO:0071901),1/80,0.077066682850071,0.1175817389769656,0,0,13.258494337108594,33.982637627801715,APOE,Ctsd,GO_Biological_Process_2023,top100
GO_Biological_Process_2023,Cellular Response To Organic Substance (GO:0071310),1/82,0.0789190752282122,0.1197238243518901,0,0,12.929824561403509,32.8331213455501,DPYSL3,Ctsd,GO_Biological_Process_2023,top100
GO_Biological_Process_2023,Negative Regulation Of Cell Cycle (GO:0045786),1/85,0.0816910427282763,0.1225365640924145,0,0,12.466165413533837,31.225387249064404,GAS1,Ctsd,GO_Biological_Process_2023,top100
GO_Biological_Process_2023,Regulation Of Osteoblast Differentiation (GO:0045667),1/85,0.0816910427282763,0.1225365640924145,0,0,12.466165413533837,31.225387249064404,TMEM119,Ctsd,GO_Biological_Process_2023,top100
GO_Biological_Process_2023,Negative Regulation Of Apoptotic Process (GO:0043066),2/482,0.0827940049398317,0.1232492597071127,0,0,4.513888888888889,11.245901082002437,UNC5B;APOE,Ctsd,GO_Biological_Process_2023,top100
GO_Biological_Process_2023,Positive Regulation Of Cell Population Proliferation (GO:0008284),2/483,0.0830893885665928,0.1232492597071127,0,0,4.504273504273504,11.205904047614052,CLEC11A;TMEM119,Ctsd,GO_Biological_Process_2023,top100
GO_Biological_Process_2023,Regulation Of Endothelial Cell Migration (GO:0010594),1/88,0.0844550840845328,0.123886075197039,0,0,12.03448275862069,29.7436505826784,APOE,Ctsd,GO_Biological_Process_2023,top100
GO_Biological_Process_2023,Positive Regulation Of Plasma Membrane Bounded Cell Projection Assembly (GO:0120034),1/88,0.0844550840845328,0.123886075197039,0,0,12.03448275862069,29.7436505826784,DPYSL3,Ctsd,GO_Biological_Process_2023,top100
GO_Biological_Process_2023,Cellular Response To Chemical Stress (GO:0062197),1/89,0.0853746735440269,0.123886075197039,0,0,11.897129186602871,29.27533461302574,GPX8,Ctsd,GO_Biological_Process_2023,top100
GO_Biological_Process_2023,Regulation Of Vesicle-Mediated Transport (GO:0060627),1/89,0.0853746735440269,0.123886075197039,0,0,11.897129186602871,29.27533461302574,GAS1,Ctsd,GO_Biological_Process_2023,top100
GO_Biological_Process_2023,Regulation Of Phosphatidylinositol 3-Kinase Signaling (GO:0014066),1/90,0.0862933855050247,0.1245423455667113,0,0,11.762862211709049,28.81903981668561,UNC5B,Ctsd,GO_Biological_Process_2023,top100
GO_Biological_Process_2023,Positive Regulation Of Binding (GO:0051099),1/91,0.0872112207421384,0.125190300742747,0,0,11.63157894736842,28.37433281380585,APOE,Ctsd,GO_Biological_Process_2023,top100
GO_Biological_Process_2023,Positive Regulation Of Protein Catabolic Process (GO:0045732),1/92,0.0881281800641533,0.1257926907832142,0,0,11.50318102949682,27.94080032839929,APOE,Ctsd,GO_Biological_Process_2023,top100
GO_Biological_Process_2023,Regulation Of Endothelial Cell Proliferation (GO:0001936),1/93,0.0890442642622752,0.1257926907832142,0,0,11.377574370709382,27.518048057317102,APOE,Ctsd,GO_Biological_Process_2023,top100
GO_Biological_Process_2023,Negative Regulation Of Amide Metabolic Process (GO:0034249),1/93,0.0890442642622752,0.1257926907832142,0,0,11.377574370709382,27.518048057317102,APOE,Ctsd,GO_Biological_Process_2023,top100
GO_Biological_Process_2023,Regulation Of Protein Metabolic Process (GO:0051246),1/96,0.0917872740073591,0.1283099589526958,0,0,11.01662049861496,26.310792233027552,APOE,Ctsd,GO_Biological_Process_2023,top100
GO_Biological_Process_2023,Positive Regulation Of Supramolecular Fiber Organization (GO:1902905),1/96,0.0917872740073591,0.1283099589526958,0,0,11.01662049861496,26.310792233027552,APOE,Ctsd,GO_Biological_Process_2023,top100
GO_Biological_Process_2023,Regulation Of Defense Response (GO:0031347),1/97,0.0926998655948555,0.128910750592846,0,0,10.901315789473683,25.92756145195716,APOE,Ctsd,GO_Biological_Process_2023,top100
GO_Biological_Process_2023,Positive Regulation Of Cold-Induced Thermogenesis (GO:0120162),1/98,0.0936115860195749,0.1295041112291529,0,0,10.788388497015736,25.553389086720664,MFAP2,Ctsd,GO_Biological_Process_2023,top100
GO_Biological_Process_2023,Response To UV (GO:0009411),1/100,0.0954324164624814,0.1313425525540337,0,0,10.569377990430622,24.83103038927071,SCARA3,Ctsd,GO_Biological_Process_2023,top100
GO_Biological_Process_2023,Protein Catabolic Process (GO:0030163),1/102,0.0972497716409988,0.1324780052456464,0,0,10.359041167274622,24.14146206514577,APOE,Ctsd,GO_Biological_Process_2023,top100
GO_Biological_Process_2023,Regulation Of Protein Secretion (GO:0050708),1/102,0.0972497716409988,0.1324780052456464,0,0,10.359041167274622,24.14146206514577,APOE,Ctsd,GO_Biological_Process_2023,top100
GO_Biological_Process_2023,Negative Regulation Of MAPK Cascade (GO:0043409),1/105,0.0999693020078418,0.1354913890157044,0,0,10.058704453441296,23.16411122367751,APOE,Ctsd,GO_Biological_Process_2023,top100
GO_Biological_Process_2023,Positive Regulation Of Metabolic Process (GO:0009893),1/108,0.1026810483364275,0.1377680397277695,0,0,9.775209050664044,22.249624223401657,MFAP2,Ctsd,GO_Biological_Process_2023,top100
GO_Biological_Process_2023,Lipid Transport (GO:0006869),1/108,0.1026810483364275,0.1377680397277695,0,0,9.775209050664044,22.249624223401657,APOE,Ctsd,GO_Biological_Process_2023,top100
GO_Biological_Process_2023,Regulation Of Wnt Signaling Pathway (GO:0030111),1/109,0.1035832376271884,0.1382836222322966,0,0,9.68421052631579,21.95778295069413,APCDD1,Ctsd,GO_Biological_Process_2023,top100
GO_Biological_Process_2023,Negative Regulation Of Inflammatory Response (GO:0050728),1/111,0.1053850316942243,0.1392960567443461,0,0,9.507177033492823,21.392428630708658,APOE,Ctsd,GO_Biological_Process_2023,top100
GO_Biological_Process_2023,Cytoskeleton Organization (GO:0007010),1/111,0.1053850316942243,0.1392960567443461,0,0,9.507177033492823,21.392428630708658,APOE,Ctsd,GO_Biological_Process_2023,top100
GO_Biological_Process_2023,Negative Regulation Of Defense Response (GO:0031348),1/112,0.1062846380154363,0.1397930953207956,0,0,9.421052631578949,21.11855678854484,APOE,Ctsd,GO_Biological_Process_2023,top100
GO_Biological_Process_2023,Positive Regulation Of Cellular Component Organization (GO:0051130),1/113,0.1071833849179316,0.1400859220153443,0,0,9.336466165413531,20.8503272666542,APOE,Ctsd,GO_Biological_Process_2023,top100
GO_Biological_Process_2023,Regulation Of MAP Kinase Activity (GO:0043405),1/114,0.1080812731653967,0.1400859220153443,0,0,9.253376804843969,20.587577159291502,APOE,Ctsd,GO_Biological_Process_2023,top100
GO_Biological_Process_2023,Negative Regulation Of Canonical Wnt Signaling Pathway (GO:0090090),1/114,0.1080812731653967,0.1400859220153443,0,0,9.253376804843969,20.587577159291502,APOE,Ctsd,GO_Biological_Process_2023,top100
GO_Biological_Process_2023,Endoplasmic Reticulum To Golgi Vesicle-Mediated Transport (GO:0006888),1/115,0.108978303522462,0.1405662175869438,0,0,9.171745152354571,20.330149616722807,KDELR3,Ctsd,GO_Biological_Process_2023,top100
GO_Biological_Process_2023,Protein Maturation (GO:0051604),1/117,0.110769793727799,0.1408358805967731,0,0,9.012704174228675,19.830663463908003,CPXM1,Ctsd,GO_Biological_Process_2023,top100
GO_Biological_Process_2023,Protein Processing (GO:0016485),1/117,0.110769793727799,0.1408358805967731,0,0,9.012704174228675,19.830663463908003,CPXM1,Ctsd,GO_Biological_Process_2023,top100
GO_Biological_Process_2023,Cellular Response To Oxidative Stress (GO:0034599),1/117,0.110769793727799,0.1408358805967731,0,0,9.012704174228675,19.830663463908003,GPX8,Ctsd,GO_Biological_Process_2023,top100
GO_Biological_Process_2023,Regulation Of Protein-Containing Complex Assembly (GO:0043254),1/119,0.1125578617216778,0.1424310382923601,0,0,8.859054415700268,19.350725039139657,APOE,Ctsd,GO_Biological_Process_2023,top100
GO_Biological_Process_2023,Regulation Of Protein Catabolic Process (GO:0042176),1/122,0.1152335606361476,0.1444477027692554,0,0,8.638103523270987,18.66516440827309,APOE,Ctsd,GO_Biological_Process_2023,top100
GO_Biological_Process_2023,Receptor-Mediated Endocytosis (GO:0006898),1/122,0.1152335606361476,0.1444477027692554,0,0,8.638103523270987,18.66516440827309,APOE,Ctsd,GO_Biological_Process_2023,top100
GO_Biological_Process_2023,Organonitrogen Compound Biosynthetic Process (GO:1901566),1/123,0.1161237558827442,0.1448833776667883,0,0,8.566867989646246,18.4453131497958,APOE,Ctsd,GO_Biological_Process_2023,top100
GO_Biological_Process_2023,Regulation Of Mitotic Cell Cycle (GO:0007346),1/125,0.1179015944002206,0.1464173288598088,0,0,8.427843803056026,18.01792896923992,GAS1,Ctsd,GO_Biological_Process_2023,top100
GO_Biological_Process_2023,Plasma Membrane Bounded Cell Projection Organization (GO:0120036),1/132,0.1240973142667693,0.153398069024201,0,0,7.974688629971876,16.64069686633284,APOE,Ctsd,GO_Biological_Process_2023,top100
GO_Biological_Process_2023,Negative Regulation Of Cell Motility (GO:2000146),1/133,0.1249790349715015,0.1537760476377462,0,0,7.913875598086125,16.457769102687624,DPYSL3,Ctsd,GO_Biological_Process_2023,top100
GO_Biological_Process_2023,Positive Regulation Of Transferase Activity (GO:0051347),1/143,0.1337499897609051,0.1638130608539525,0,0,7.3528539659006675,14.792346387731271,APOE,Ctsd,GO_Biological_Process_2023,top100
GO_Biological_Process_2023,Actin Filament Organization (GO:0007015),1/144,0.1346224767664678,0.164006490198285,0,0,7.301067353698933,14.640690814421308,DPYSL3,Ctsd,GO_Biological_Process_2023,top100
GO_Biological_Process_2023,Regulation Of Cold-Induced Thermogenesis (GO:0120161),1/146,0.1363649469064392,0.164006490198285,0,0,7.199637023593467,14.34470478778898,MFAP2,Ctsd,GO_Biological_Process_2023,top100
GO_Biological_Process_2023,Negative Regulation Of Response To External Stimulus (GO:0032102),1/146,0.1363649469064392,0.164006490198285,0,0,7.199637023593467,14.34470478778898,APOE,Ctsd,GO_Biological_Process_2023,top100
GO_Biological_Process_2023,Positive Regulation Of Cellular Catabolic Process (GO:0031331),1/146,0.1363649469064392,0.164006490198285,0,0,7.199637023593467,14.34470478778898,APOE,Ctsd,GO_Biological_Process_2023,top100
GO_Biological_Process_2023,Negative Regulation Of Protein Metabolic Process (GO:0051248),1/147,0.1372349315735105,0.1643126759198534,0,0,7.149963950973324,14.200264502888531,APOE,Ctsd,GO_Biological_Process_2023,top100
GO_Biological_Process_2023,Axon Guidance (GO:0007411),1/149,0.1389724038190062,0.165650142052119,0,0,7.052631578947368,13.91822665778434,UNC5B,Ctsd,GO_Biological_Process_2023,top100
GO_Biological_Process_2023,Neuron Development (GO:0048666),1/150,0.1398398929473613,0.1659433396308687,0,0,7.004945249028612,13.78052850470674,APOE,Ctsd,GO_Biological_Process_2023,top100
GO_Biological_Process_2023,Regulation Of Cellular Component Organization (GO:0051128),1/153,0.1424373812642738,0.1682777911396509,0,0,6.865650969529086,13.380143154067955,APOE,Ctsd,GO_Biological_Process_2023,top100
GO_Biological_Process_2023,Cellular Response To Growth Factor Stimulus (GO:0071363),1/155,0.1441648985018541,0.1695684048457932,0,0,6.775803144224197,13.123358631426164,GAS1,Ctsd,GO_Biological_Process_2023,top100
GO_Biological_Process_2023,Regulation Of Macromolecule Metabolic Process (GO:0060255),1/162,0.1501852108088162,0.1758747863419031,0,0,6.478914677999346,12.283283683900576,APOE,Ctsd,GO_Biological_Process_2023,top100
GO_Biological_Process_2023,Negative Regulation Of Cell Migration (GO:0030336),1/163,0.151041964046623,0.1761056960718268,0,0,6.43859649122807,12.17021946242288,DPYSL3,Ctsd,GO_Biological_Process_2023,top100
GO_Biological_Process_2023,Positive Regulation Of ERK1 And ERK2 Cascade (GO:0070374),1/179,0.1646389193089532,0.1911243106760456,0,0,5.855115316380839,10.56263137333112,APOE,Ctsd,GO_Biological_Process_2023,top100
GO_Biological_Process_2023,Macromolecule Biosynthetic Process (GO:0009059),1/183,0.1680056895810476,0.1941883944508213,0,0,5.725274725274725,10.212501350602295,APOE,Ctsd,GO_Biological_Process_2023,top100
GO_Biological_Process_2023,Negative Regulation Of Macromolecule Metabolic Process (GO:0010605),1/186,0.1705223035059393,0.1962476510176112,0,0,5.631578947368421,9.961639057655574,APOE,Ctsd,GO_Biological_Process_2023,top100
GO_Biological_Process_2023,Endocytosis (GO:0006897),1/189,0.1730316847300859,0.1982809434460641,0,0,5.5408734602463605,9.720246555313304,APOE,Ctsd,GO_Biological_Process_2023,top100
GO_Biological_Process_2023,Neuron Projection Development (GO:0031175),1/192,0.1755338529080929,0.2002886270361573,0,0,5.453017360154313,9.487832290769862,APOE,Ctsd,GO_Biological_Process_2023,top100
GO_Biological_Process_2023,Regulation Of Signal Transduction (GO:0009966),1/193,0.176366309481075,0.2003821473678597,0,0,5.4243421052631575,9.412275801923704,GAS1,Ctsd,GO_Biological_Process_2023,top100
GO_Biological_Process_2023,Regulation Of Programmed Cell Death (GO:0043067),1/195,0.1780288277208828,0.201413970345236,0,0,5.367878459034183,9.263937187086414,GAS1,Ctsd,GO_Biological_Process_2023,top100
GO_Biological_Process_2023,Positive Regulation Of Protein Metabolic Process (GO:0051247),1/196,0.1788588908629642,0.201499256794985,0,0,5.340080971659919,9.191123636275076,APOE,Ctsd,GO_Biological_Process_2023,top100
GO_Biological_Process_2023,Regulation Of Canonical Wnt Signaling Pathway (GO:0060828),1/207,0.1879371842611328,0.2108370932677414,0,0,5.052120592743996,8.445364749744975,APOE,Ctsd,GO_Biological_Process_2023,top100
GO_Biological_Process_2023,Positive Regulation Of Protein Modification Process (GO:0031401),1/225,0.2025872256013588,0.2263212938726477,0,0,4.6419172932330826,7.411214321535025,TMEM119,Ctsd,GO_Biological_Process_2023,top100
GO_Biological_Process_2023,Positive Regulation Of Phosphorylation (GO:0042327),1/231,0.2074145235836311,0.2307486574867897,0,0,4.519450800915332,7.109258623489633,TMEM119,Ctsd,GO_Biological_Process_2023,top100
GO_Biological_Process_2023,Regulation Of Inflammatory Response (GO:0050727),1/240,0.2146034486866832,0.2377556879640847,0,0,4.347280334728033,6.690305231712002,APOE,Ctsd,GO_Biological_Process_2023,top100
GO_Biological_Process_2023,Regulation Of ERK1 And ERK2 Cascade (GO:0070372),1/244,0.2177786037292636,0.2402763933707165,0,0,4.274853801169591,6.516058384105807,APOE,Ctsd,GO_Biological_Process_2023,top100
GO_Biological_Process_2023,Cellular Component Assembly (GO:0022607),1/260,0.2303576972693562,0.2531090747774407,0,0,4.007518796992481,5.88352640155123,DPYSL3,Ctsd,GO_Biological_Process_2023,top100
GO_Biological_Process_2023,Regulation Of Protein Phosphorylation (GO:0001932),1/265,0.2342490899395189,0.2563299467780802,0,0,3.930622009569378,5.704787820650501,TMEM119,Ctsd,GO_Biological_Process_2023,top100
GO_Biological_Process_2023,Negative Regulation Of Signal Transduction (GO:0009968),1/267,0.2358004072718371,0.2569743213942062,0,0,3.900672734467749,5.635573244668647,APCDD1,Ctsd,GO_Biological_Process_2023,top100
GO_Biological_Process_2023,Chemical Synaptic Transmission (GO:0007268),1/273,0.2404364653827017,0.2609615295007373,0,0,3.8134674922600618,5.435332934511154,APOE,Ctsd,GO_Biological_Process_2023,top100
GO_Biological_Process_2023,Positive Regulation Of Cell Differentiation (GO:0045597),1/283,0.2481039082004818,0.2681932934798731,0,0,3.6763717805151175,5.124522697220845,TMEM119,Ctsd,GO_Biological_Process_2023,top100
GO_Biological_Process_2023,Cellular Response To Cytokine Stimulus (GO:0071345),1/308,0.2669521234886096,0.2874041006913659,0,0,3.3727070118292475,4.454286762090836,DPYSL3,Ctsd,GO_Biological_Process_2023,top100
GO_Biological_Process_2023,Positive Regulation Of MAPK Cascade (GO:0043410),1/310,0.2684404297418134,0.2878457620123059,0,0,3.350536535513541,4.406378558844449,APOE,Ctsd,GO_Biological_Process_2023,top100
GO_Biological_Process_2023,Intracellular Protein Transport (GO:0006886),1/325,0.2795115774127264,0.2985183646767918,0,0,3.192982456140351,4.070131664880384,COPZ2,Ctsd,GO_Biological_Process_2023,top100
GO_Biological_Process_2023,Proteolysis (GO:0006508),1/330,0.2831664542379066,0.3012169055040679,0,0,3.14365701487762,3.9664161131162494,CPXM1,Ctsd,GO_Biological_Process_2023,top100
GO_Biological_Process_2023,Negative Regulation Of Gene Expression (GO:0010629),1/336,0.2875290580342482,0.3046438829172392,0,0,3.086410054988217,3.846998258988292,APOE,Ctsd,GO_Biological_Process_2023,top100
GO_Biological_Process_2023,Protein Localization (GO:0008104),1/351,0.2983254853341996,0.3148336149574359,0,0,2.95187969924812,3.5705055879105934,COPZ2,Ctsd,GO_Biological_Process_2023,top100
GO_Biological_Process_2023,Positive Regulation Of Macromolecule Metabolic Process (GO:0010604),1/364,0.3075564964625346,0.3232975769901446,0,0,2.8442801217920834,3.353680680530016,TMEM119,Ctsd,GO_Biological_Process_2023,top100
GO_Biological_Process_2023,Regulation Of Gene Expression (GO:0010468),2/1127,0.3121295031728341,0.3268179503809675,0,0,1.8622222222222224,2.168254427402148,TMEM119;APOE,Ctsd,GO_Biological_Process_2023,top100
GO_Biological_Process_2023,Positive Regulation Of Protein Phosphorylation (GO:0001934),1/377,0.3166720630664537,0.3302790657763404,0,0,2.744120940649496,3.155433227346012,TMEM119,Ctsd,GO_Biological_Process_2023,top100
GO_Biological_Process_2023,Negative Regulation Of Cell Population Proliferation (GO:0008285),1/379,0.3180642988083315,0.3304403415635195,0,0,2.7293233082706765,3.1264445416874,APOE,Ctsd,GO_Biological_Process_2023,top100
GO_Biological_Process_2023,Organelle Organization (GO:0006996),1/418,0.3446802713619546,0.3567040017583019,0,0,2.4691404770920107,2.629975451524217,APOE,Ctsd,GO_Biological_Process_2023,top100
GO_Biological_Process_2023,Regulation Of Cell Migration (GO:0030334),1/434,0.3553115860525164,0.3662864612973817,0,0,2.3759572140512946,2.458545884252935,DPYSL3,Ctsd,GO_Biological_Process_2023,top100
GO_Biological_Process_2023,Positive Regulation Of Gene Expression (GO:0010628),1/480,0.3849715047785156,0.3953361222148602,0,0,2.142731567959565,2.045421472956695,TMEM119,Ctsd,GO_Biological_Process_2023,top100
GO_Biological_Process_2023,Positive Regulation Of Intracellular Signal Transduction (GO:1902533),1/525,0.4127289944018187,0.4222170172616306,0,0,1.954198473282443,1.729395472211373,UNC5B,Ctsd,GO_Biological_Process_2023,top100
GO_Biological_Process_2023,Positive Regulation Of Nucleic Acid-Templated Transcription (GO:1903508),1/557,0.431739060722593,0.4399783557745508,0,0,1.8386974630821655,1.544384329873897,APOE,Ctsd,GO_Biological_Process_2023,top100
GO_Biological_Process_2023,Positive Regulation Of Cellular Process (GO:0048522),1/594,0.4529906402414605,0.4598802317280226,0,0,1.720688737019615,1.3625855622405671,CLEC11A,Ctsd,GO_Biological_Process_2023,top100
GO_Biological_Process_2023,Regulation Of Apoptotic Process (GO:0042981),1/705,0.5123081427293787,0.5181298261694853,0,0,1.4410885167464116,0.963841782499852,GAS1,Ctsd,GO_Biological_Process_2023,top100
GO_Biological_Process_2023,Regulation Of Cell Population Proliferation (GO:0042127),1/766,0.5422497661362374,0.5463422172014166,0,0,1.3219814241486068,0.8090903881077673,CLEC11A,Ctsd,GO_Biological_Process_2023,top100
GO_Biological_Process_2023,Positive Regulation Of DNA-templated Transcription (GO:0045893),1/1243,0.7230537371308502,0.725771984262921,0,0,0.7940503432494279,0.2574880819824222,APOE,Ctsd,GO_Biological_Process_2023,top100
GO_Biological_Process_2023,Regulation Of DNA-templated Transcription (GO:0006355),1/1922,0.8675741412794105,0.8675741412794105,0,0,0.4947806789227102,0.0702857256505661,APOE,Ctsd,GO_Biological_Process_2023,top100
