Gene_set,Term,Overlap,P-value,Adjusted P-value,Old P-value,Old Adjusted P-value,Odds Ratio,Combined Score,Genes,Reference_Gene,Gene_Set_Library,Method
GO_Cellular_Component_2023,Collagen-Containing Extracellular Matrix (GO:0062023),5/373,2.7036118689523365e-05,0.0012706975784075,0,0,17.764492753623188,186.85291887067615,MFAP2;TIMP2;ANGPTL2;APOE;CTHRC1,Ctsd,GO_Cellular_Component_2023,top100
GO_Cellular_Component_2023,COPI-coated Vesicle Membrane (GO:0030663),2/16,0.0001130474302618912,0.0026566146111544,0,0,158.46031746031747,1440.0403167035038,COPZ2;KDELR3,Ctsd,GO_Cellular_Component_2023,top100
GO_Cellular_Component_2023,cis-Golgi Network (GO:0005801),2/60,0.0016240769248208,0.0254438718221927,0,0,38.16475095785441,245.1251605267273,COPZ2;KDELR3,Ctsd,GO_Cellular_Component_2023,top100
GO_Cellular_Component_2023,COPI-coated Vesicle (GO:0030137),1/6,0.0059856908667451,0.0562654941474046,0,0,210.26315789473685,1076.2074808846232,KDELR3,Ctsd,GO_Cellular_Component_2023,top100
GO_Cellular_Component_2023,Low-Density Lipoprotein Particle (GO:0034362),1/6,0.0059856908667451,0.0562654941474046,0,0,210.26315789473685,1076.2074808846232,APOE,Ctsd,GO_Cellular_Component_2023,top100
GO_Cellular_Component_2023,Chylomicron (GO:0042627),1/8,0.0079733565142536,0.0624579593616532,0,0,150.17293233082708,725.5830081396662,APOE,Ctsd,GO_Cellular_Component_2023,top100
GO_Cellular_Component_2023,Microfibril (GO:0001527),1/11,0.0109477797028559,0.063665788916203,0,0,105.10526315789474,474.5101770765117,MFAP2,Ctsd,GO_Cellular_Component_2023,top100
GO_Cellular_Component_2023,COPI Vesicle Coat (GO:0030126),1/12,0.0119373705403343,0.063665788916203,0,0,95.54545454545456,423.0830518492731,COPZ2,Ctsd,GO_Cellular_Component_2023,top100
GO_Cellular_Component_2023,Triglyceride-Rich Plasma Lipoprotein Particle (GO:0034385),1/14,0.01391373176082,0.063665788916203,0,0,80.83805668016194,345.57291333057793,APOE,Ctsd,GO_Cellular_Component_2023,top100
GO_Cellular_Component_2023,Very-Low-Density Lipoprotein Particle (GO:0034361),1/14,0.01391373176082,0.063665788916203,0,0,80.83805668016194,345.57291333057793,APOE,Ctsd,GO_Cellular_Component_2023,top100
GO_Cellular_Component_2023,Secretory Vesicle (GO:0099503),1/15,0.0149005037888985,0.063665788916203,0,0,75.06015037593986,315.7300332957057,DPYSL3,Ctsd,GO_Cellular_Component_2023,top100
GO_Cellular_Component_2023,High-Density Lipoprotein Particle (GO:0034364),1/18,0.0178551954764704,0.0699328489495091,0,0,61.80495356037152,248.79341471282052,APOE,Ctsd,GO_Cellular_Component_2023,top100
GO_Cellular_Component_2023,Endocytic Vesicle Lumen (GO:0071682),1/21,0.0208014680109953,0.0752053074243676,0,0,52.526315789473685,203.4203291515269,APOE,Ctsd,GO_Cellular_Component_2023,top100
GO_Cellular_Component_2023,Golgi-associated Vesicle Membrane (GO:0030660),1/23,0.0227609834903901,0.0764118731463096,0,0,47.74641148325359,180.6107068727385,KDELR3,Ctsd,GO_Cellular_Component_2023,top100
GO_Cellular_Component_2023,Melanosome (GO:0042470),1/31,0.0305618601074184,0.094774155694045,0,0,35.0,122.08008572013848,APOE,Ctsd,GO_Cellular_Component_2023,top100
GO_Cellular_Component_2023,Endoplasmic Reticulum Lumen (GO:0005788),2/284,0.0322635423639302,0.094774155694045,0,0,7.761229314420804,26.650644308865967,GPX8;APOE,Ctsd,GO_Cellular_Component_2023,top100
GO_Cellular_Component_2023,Supramolecular Fiber (GO:0099512),1/36,0.0354073301248565,0.0949756660264549,0,0,29.99248120300752,100.19997336732251,MFAP2,Ctsd,GO_Cellular_Component_2023,top100
GO_Cellular_Component_2023,Vesicle Coat (GO:0030120),1/37,0.0363736593292806,0.0949756660264549,0,0,29.157894736842103,96.62665093408292,COPZ2,Ctsd,GO_Cellular_Component_2023,top100
GO_Cellular_Component_2023,Multivesicular Body (GO:0005771),1/50,0.0488525499820277,0.1114681245140084,0,0,21.40816326530612,64.63014669364038,APOE,Ctsd,GO_Cellular_Component_2023,top100
GO_Cellular_Component_2023,Tertiary Granule Lumen (GO:1904724),1/53,0.051710413228189,0.1114681245140084,0,0,20.17004048582996,59.74559828701417,TIMP2,Ctsd,GO_Cellular_Component_2023,top100
GO_Cellular_Component_2023,Intracellular Organelle Lumen (GO:0070013),3/856,0.0517721171639381,0.1114681245140084,0,0,3.957037445693401,11.716406233610028,GPX8;TIMP2;APOE,Ctsd,GO_Cellular_Component_2023,top100
GO_Cellular_Component_2023,Coated Vesicle Membrane (GO:0030662),1/55,0.0536111215176,0.1114681245140084,0,0,19.42105263157895,56.82597555721978,KDELR3,Ctsd,GO_Cellular_Component_2023,top100
GO_Cellular_Component_2023,Extracellular Membrane-Bounded Organelle (GO:0065010),1/57,0.0555082103235644,0.1114681245140084,0,0,18.72556390977444,54.1398060702703,APOE,Ctsd,GO_Cellular_Component_2023,top100
GO_Cellular_Component_2023,Extracellular Vesicle (GO:1903561),1/60,0.058347071283324,0.1114681245140084,0,0,17.770740410347905,50.492824203227855,APOE,Ctsd,GO_Cellular_Component_2023,top100
GO_Cellular_Component_2023,Specific Granule Lumen (GO:0035580),1/61,0.0592915555925576,0.1114681245140084,0,0,17.473684210526315,49.3681970360476,TIMP2,Ctsd,GO_Cellular_Component_2023,top100
GO_Cellular_Component_2023,Clathrin-Coated Endocytic Vesicle Membrane (GO:0030669),1/68,0.0658777916264093,0.1168000736556796,0,0,15.642576590730558,42.54708713186295,APOE,Ctsd,GO_Cellular_Component_2023,top100
GO_Cellular_Component_2023,Golgi Membrane (GO:0000139),2/427,0.0670979146532627,0.1168000736556796,0,0,5.112418300653594,13.811721109546966,COPZ2;KDELR3,Ctsd,GO_Cellular_Component_2023,top100
GO_Cellular_Component_2023,Glutamatergic Synapse (GO:0098978),1/78,0.0752107517706809,0.126246619043643,0,0,13.604237867395762,35.20043603994484,APOE,Ctsd,GO_Cellular_Component_2023,top100
GO_Cellular_Component_2023,Clathrin-Coated Endocytic Vesicle (GO:0045334),1/85,0.0816910427282763,0.1323958278699651,0,0,12.466165413533837,31.225387249064404,APOE,Ctsd,GO_Cellular_Component_2023,top100
GO_Cellular_Component_2023,Clathrin-Coated Vesicle Membrane (GO:0030665),1/90,0.0862933855050247,0.1351929706245387,0,0,11.762862211709049,28.81903981668561,APOE,Ctsd,GO_Cellular_Component_2023,top100
GO_Cellular_Component_2023,Ficolin-1-Rich Granule Lumen (GO:1904813),1/123,0.1161237558827442,0.1760585976286767,0,0,8.566867989646246,18.4453131497958,TIMP2,Ctsd,GO_Cellular_Component_2023,top100
GO_Cellular_Component_2023,Endocytic Vesicle Membrane (GO:0030666),1/159,0.1476100199777224,0.2076089678827753,0,0,6.602931379080613,12.632606048584067,APOE,Ctsd,GO_Cellular_Component_2023,top100
GO_Cellular_Component_2023,Specific Granule (GO:0042581),1/159,0.1476100199777224,0.2076089678827753,0,0,6.602931379080613,12.632606048584067,TIMP2,Ctsd,GO_Cellular_Component_2023,top100
GO_Cellular_Component_2023,Tertiary Granule (GO:0070820),1/162,0.1501852108088162,0.2076089678827753,0,0,6.478914677999346,12.283283683900576,TIMP2,Ctsd,GO_Cellular_Component_2023,top100
GO_Cellular_Component_2023,Ficolin-1-Rich Granule (GO:0101002),1/184,0.1688453657431134,0.2267352054264665,0,0,5.693701466781708,10.127796623203372,TIMP2,Ctsd,GO_Cellular_Component_2023,top100
GO_Cellular_Component_2023,Endocytic Vesicle (GO:0030139),1/196,0.1788588908629642,0.2335102186266478,0,0,5.340080971659919,9.191123636275076,APOE,Ctsd,GO_Cellular_Component_2023,top100
GO_Cellular_Component_2023,Endoplasmic Reticulum Membrane (GO:0005789),2/801,0.1899825613024312,0.2413291994922775,0,0,2.6673619802530943,4.43001610919938,COPZ2;KDELR3,Ctsd,GO_Cellular_Component_2023,top100
GO_Cellular_Component_2023,Bounding Membrane Of Organelle (GO:0098588),2/819,0.1965663067253694,0.2431214846340095,0,0,2.6061471508227934,4.239564122244996,COPZ2;KDELR3,Ctsd,GO_Cellular_Component_2023,top100
GO_Cellular_Component_2023,Vesicle (GO:0031982),1/235,0.2106172849722148,0.253820830607541,0,0,4.441295546558704,6.918262067655786,APOE,Ctsd,GO_Cellular_Component_2023,top100
GO_Cellular_Component_2023,Dendrite (GO:0030425),1/270,0.2381217863295401,0.2797930989372096,0,0,3.856583838779104,5.53409379242142,APOE,Ctsd,GO_Cellular_Component_2023,top100
GO_Cellular_Component_2023,Early Endosome (GO:0005769),1/307,0.2662068921600892,0.3051639983298583,0,0,3.3839009287925697,4.478530217691708,APOE,Ctsd,GO_Cellular_Component_2023,top100
GO_Cellular_Component_2023,Secretory Granule Lumen (GO:0034774),1/316,0.2728881438519747,0.3053748276438764,0,0,3.2857142857142856,4.26713511950017,TIMP2,Ctsd,GO_Cellular_Component_2023,top100
GO_Cellular_Component_2023,Focal Adhesion (GO:0005925),1/387,0.3236063407245134,0.3515445940784119,0,0,2.6716662121625308,3.0142472904791817,MRC2,Ctsd,GO_Cellular_Component_2023,top100
GO_Cellular_Component_2023,Cell-Substrate Junction (GO:0030055),1/395,0.329105577435109,0.3515445940784119,0,0,2.6163505209724818,2.9077509443005174,MRC2,Ctsd,GO_Cellular_Component_2023,top100
GO_Cellular_Component_2023,Neuron Projection (GO:0043005),1/557,0.431739060722593,0.4509274634213749,0,0,1.8386974630821655,1.544384329873897,APOE,Ctsd,GO_Cellular_Component_2023,top100
GO_Cellular_Component_2023,Intracellular Membrane-Bounded Organelle (GO:0043231),3/5175,0.922024710007723,0.9420687254426736,0,0,0.5052545380100997,0.0410182081722069,COPZ2;APOE;KDELR3,Ctsd,GO_Cellular_Component_2023,top100
GO_Cellular_Component_2023,Nucleus (GO:0005634),1/4487,0.993801741271254,0.993801741271254,0,0,0.1817819180139381,0.0011302377427887,APOE,Ctsd,GO_Cellular_Component_2023,top100
