Gene_set,Term,Overlap,P-value,Adjusted P-value,Old P-value,Old Adjusted P-value,Odds Ratio,Combined Score,Genes,Reference_Gene,Gene_Set_Library,Method
GO_Molecular_Function_2023,Phosphatidylinositol Phospholipase C Activity (GO:0004435),2/20,0.00017856345892201654,0.0073759471809646,0,0,123.22222222222224,1063.4775841223657,CCL5;CCR5,Eif4a1,GO_Molecular_Function_2023,top100
GO_Molecular_Function_2023,Phospholipase C Activity (GO:0004629),2/23,0.0002373444131594564,0.0073759471809646,0,0,105.6031746031746,881.3639106067293,CCL5;CCR5,Eif4a1,GO_Molecular_Function_2023,top100
GO_Molecular_Function_2023,Receptor Ligand Activity (GO:0048018),4/319,0.00025145274480561306,0.0073759471809646,0,0,15.607142857142858,129.35598730498654,GREM1;CXCL10;IL6;CCL5,Eif4a1,GO_Molecular_Function_2023,top100
GO_Molecular_Function_2023,Protein Tyrosine Kinase Activator Activity (GO:0030296),2/29,0.0003795101348772626,0.0083492229672997,0,0,82.11111111111111,646.758779988934,GREM1;CCL5,Eif4a1,GO_Molecular_Function_2023,top100
GO_Molecular_Function_2023,Chemoattractant Activity (GO:0042056),2/35,0.0005541829397838258,0.0097536197401953,0,0,67.16161616161617,503.57885305588366,CXCL10;CCL5,Eif4a1,GO_Molecular_Function_2023,top100
GO_Molecular_Function_2023,Cytokine Activity (GO:0005125),3/178,0.0007068287601900433,0.0103668218161206,0,0,19.97142857142857,144.88716477776316,CXCL10;IL6;CCL5,Eif4a1,GO_Molecular_Function_2023,top100
GO_Molecular_Function_2023,Chemokine Activity (GO:0008009),2/46,0.0009576675617417908,0.012039249347611,0,0,50.343434343434346,349.9377081556704,CXCL10;CCL5,Eif4a1,GO_Molecular_Function_2023,top100
GO_Molecular_Function_2023,Chemokine Receptor Binding (GO:0042379),2/50,0.0011307590059983,0.0124383490659815,0,0,46.138888888888886,313.0461870363529,CXCL10;CCL5,Eif4a1,GO_Molecular_Function_2023,top100
GO_Molecular_Function_2023,Protein Homodimerization Activity (GO:0042803),4/662,0.0037755582570255,0.0315595227070373,0,0,7.341185410334346,40.95799320992694,GREM1;HHEX;CCL5;SRM,Eif4a1,GO_Molecular_Function_2023,top100
GO_Molecular_Function_2023,Cytokine Receptor Binding (GO:0005126),2/100,0.004434499847536,0.0315595227070373,0,0,22.54195011337869,122.13995997533476,IL6;CCL5,Eif4a1,GO_Molecular_Function_2023,top100
GO_Molecular_Function_2023,Protein Kinase Regulator Activity (GO:0019887),2/103,0.004697512123196,0.0315595227070373,0,0,21.869086908690868,117.23410068902288,CXCL10;SOCS1,Eif4a1,GO_Molecular_Function_2023,top100
GO_Molecular_Function_2023,L-leucine Transmembrane Transporter Activity (GO:0015190),1/5,0.0049904406959516,0.0315595227070373,0,0,262.8421052631579,1393.123889480945,SLC3A2,Eif4a1,GO_Molecular_Function_2023,top100
GO_Molecular_Function_2023,Endopeptidase Inhibitor Activity (GO:0004866),2/112,0.0055288554181012,0.0315595227070373,0,0,20.07070707070707,104.3230086404988,PROS1;SERPINB9,Eif4a1,GO_Molecular_Function_2023,top100
GO_Molecular_Function_2023,Morphogen Activity (GO:0016015),1/6,0.0059856908667451,0.0315595227070373,0,0,210.26315789473685,1076.2074808846232,GREM1,Eif4a1,GO_Molecular_Function_2023,top100
GO_Molecular_Function_2023,Interleukin-6 Receptor Binding (GO:0005138),1/6,0.0059856908667451,0.0315595227070373,0,0,210.26315789473685,1076.2074808846232,IL6,Eif4a1,GO_Molecular_Function_2023,top100
GO_Molecular_Function_2023,C-C Chemokine Binding (GO:0019957),1/7,0.0069799958941807,0.0315595227070373,0,0,175.21052631578948,869.8689177892479,CCR5,Eif4a1,GO_Molecular_Function_2023,top100
GO_Molecular_Function_2023,GPI Anchor Binding (GO:0034235),1/7,0.0069799958941807,0.0315595227070373,0,0,175.21052631578948,869.8689177892479,THY1,Eif4a1,GO_Molecular_Function_2023,top100
GO_Molecular_Function_2023,Calcium:Monoatomic Cation Antiporter Activity (GO:0015368),1/7,0.0069799958941807,0.0315595227070373,0,0,175.21052631578948,869.8689177892479,SLC3A2,Eif4a1,GO_Molecular_Function_2023,top100
GO_Molecular_Function_2023,Vascular Endothelial Growth Factor Receptor 2 Binding (GO:0043184),1/8,0.0079733565142536,0.0315595227070373,0,0,150.17293233082708,725.5830081396662,GREM1,Eif4a1,GO_Molecular_Function_2023,top100
GO_Molecular_Function_2023,L-alanine Transmembrane Transporter Activity (GO:0015180),1/8,0.0079733565142536,0.0315595227070373,0,0,150.17293233082708,725.5830081396662,SLC3A2,Eif4a1,GO_Molecular_Function_2023,top100
GO_Molecular_Function_2023,Aromatic Amino Acid Transmembrane Transporter Activity (GO:0015173),1/9,0.0089657734963174,0.0315595227070373,0,0,131.39473684210526,619.439581424405,SLC3A2,Eif4a1,GO_Molecular_Function_2023,top100
GO_Molecular_Function_2023,Mitogen-Activated Protein Kinase Kinase Kinase Binding (GO:0031435),1/9,0.0089657734963174,0.0315595227070373,0,0,131.39473684210526,619.439581424405,MAP4K2,Eif4a1,GO_Molecular_Function_2023,top100
GO_Molecular_Function_2023,Branched-Chain Amino Acid Transmembrane Transporter Activity (GO:0015658),1/9,0.0089657734963174,0.0315595227070373,0,0,131.39473684210526,619.439581424405,SLC3A2,Eif4a1,GO_Molecular_Function_2023,top100
GO_Molecular_Function_2023,Eukaryotic Initiation Factor 4E Binding (GO:0008190),1/9,0.0089657734963174,0.0315595227070373,0,0,131.39473684210526,619.439581424405,HHEX,Eif4a1,GO_Molecular_Function_2023,top100
GO_Molecular_Function_2023,Calcium:Sodium Antiporter Activity (GO:0005432),1/9,0.0089657734963174,0.0315595227070373,0,0,131.39473684210526,619.439581424405,SLC3A2,Eif4a1,GO_Molecular_Function_2023,top100
GO_Molecular_Function_2023,Phospholipase Activator Activity (GO:0016004),1/10,0.0099572476243861,0.0337014534979225,0,0,116.78947368421052,538.3357753631753,CCL5,Eif4a1,GO_Molecular_Function_2023,top100
GO_Molecular_Function_2023,Lipase Activator Activity (GO:0060229),1/12,0.0119373705403343,0.03601201161624,0,0,95.54545454545456,423.0830518492731,CCL5,Eif4a1,GO_Molecular_Function_2023,top100
GO_Molecular_Function_2023,Transmembrane Receptor Protein Tyrosine Kinase Activator Activity (GO:0030297),1/12,0.0119373705403343,0.03601201161624,0,0,95.54545454545456,423.0830518492731,GREM1,Eif4a1,GO_Molecular_Function_2023,top100
GO_Molecular_Function_2023,Vascular Endothelial Growth Factor Receptor Binding (GO:0005172),1/12,0.0119373705403343,0.03601201161624,0,0,95.54545454545456,423.0830518492731,GREM1,Eif4a1,GO_Molecular_Function_2023,top100
GO_Molecular_Function_2023,G Protein-Coupled Chemoattractant Receptor Activity (GO:0001637),1/13,0.0129260209528938,0.03601201161624,0,0,87.57894736842105,380.8381798737429,CCR5,Eif4a1,GO_Molecular_Function_2023,top100
GO_Molecular_Function_2023,Insulin-Like Growth Factor Receptor Binding (GO:0005159),1/13,0.0129260209528938,0.03601201161624,0,0,87.57894736842105,380.8381798737429,SOCS1,Eif4a1,GO_Molecular_Function_2023,top100
GO_Molecular_Function_2023,Protein Kinase Binding (GO:0019901),3/511,0.0136783089090259,0.03601201161624,0,0,6.764242704955998,29.03175083925295,MAP4K2;SOCS1;THY1,Eif4a1,GO_Molecular_Function_2023,top100
GO_Molecular_Function_2023,1-Phosphatidylinositol-3-Kinase Regulator Activity (GO:0046935),1/14,0.01391373176082,0.03601201161624,0,0,80.83805668016194,345.57291333057793,SOCS1,Eif4a1,GO_Molecular_Function_2023,top100
GO_Molecular_Function_2023,Alanine Transmembrane Transporter Activity (GO:0022858),1/14,0.01391373176082,0.03601201161624,0,0,80.83805668016194,345.57291333057793,SLC3A2,Eif4a1,GO_Molecular_Function_2023,top100
GO_Molecular_Function_2023,BMP Binding (GO:0036122),1/15,0.0149005037888985,0.0371167165979991,0,0,75.06015037593986,315.7300332957057,GREM1,Eif4a1,GO_Molecular_Function_2023,top100
GO_Molecular_Function_2023,CXCR Chemokine Receptor Binding (GO:0045236),1/16,0.0158863378646896,0.0371167165979991,0,0,70.05263157894737,290.1787210723924,CXCL10,Eif4a1,GO_Molecular_Function_2023,top100
GO_Molecular_Function_2023,Ribosomal Small Subunit Binding (GO:0043024),1/16,0.0158863378646896,0.0371167165979991,0,0,70.05263157894737,290.1787210723924,PIM1,Eif4a1,GO_Molecular_Function_2023,top100
GO_Molecular_Function_2023,Chemokine Binding (GO:0019956),1/17,0.0168712348172723,0.0371167165979991,0,0,65.67105263157895,268.0787715603985,CCR5,Eif4a1,GO_Molecular_Function_2023,top100
GO_Molecular_Function_2023,Phosphatidylinositol 3-Kinase Regulator Activity (GO:0035014),1/17,0.0168712348172723,0.0371167165979991,0,0,65.67105263157895,268.0787715603985,SOCS1,Eif4a1,GO_Molecular_Function_2023,top100
GO_Molecular_Function_2023,"DNA Binding, Bending (GO:0008301)",1/17,0.0168712348172723,0.0371167165979991,0,0,65.67105263157895,268.0787715603985,HHEX,Eif4a1,GO_Molecular_Function_2023,top100
GO_Molecular_Function_2023,TBP-class Protein Binding (GO:0017025),1/18,0.0178551954764704,0.0383233463885218,0,0,61.80495356037152,248.79341471282052,HHEX,Eif4a1,GO_Molecular_Function_2023,top100
GO_Molecular_Function_2023,Chemokine Receptor Activity (GO:0004950),1/19,0.0188382206720142,0.0385526376543547,0,0,58.36842105263158,231.8316321803268,CCR5,Eif4a1,GO_Molecular_Function_2023,top100
GO_Molecular_Function_2023,Cysteine-Type Endopeptidase Inhibitor Activity Involved In Apoptotic Process (GO:0043027),1/19,0.0188382206720142,0.0385526376543547,0,0,58.36842105263158,231.8316321803268,SERPINB9,Eif4a1,GO_Molecular_Function_2023,top100
GO_Molecular_Function_2023,General Transcription Initiation Factor Binding (GO:0140296),1/30,0.0295899955032417,0.0578648800952282,0,0,36.2087114337568,127.46621354176987,HHEX,Eif4a1,GO_Molecular_Function_2023,top100
GO_Molecular_Function_2023,Receptor Antagonist Activity (GO:0048019),1/30,0.0295899955032417,0.0578648800952282,0,0,36.2087114337568,127.46621354176987,CCL5,Eif4a1,GO_Molecular_Function_2023,top100
GO_Molecular_Function_2023,ATP Binding (GO:0005524),2/279,0.0312280578200399,0.0597406323513807,0,0,7.903329322101885,27.396403453174507,MAP4K2;PIM1,Eif4a1,GO_Molecular_Function_2023,top100
GO_Molecular_Function_2023,Sodium Ion Transmembrane Transporter Activity (GO:0015081),1/34,0.0334719094011011,0.0613651672353521,0,0,31.8133971291866,108.07165990908112,SLC3A2,Eif4a1,GO_Molecular_Function_2023,top100
GO_Molecular_Function_2023,Kinase Inhibitor Activity (GO:0019210),1/34,0.0334719094011011,0.0613651672353521,0,0,31.8133971291866,108.07165990908112,SOCS1,Eif4a1,GO_Molecular_Function_2023,top100
GO_Molecular_Function_2023,Peptidase Inhibitor Activity (GO:0030414),1/37,0.0363736593292806,0.0653241228770754,0,0,29.157894736842103,96.62665093408292,PROS1,Eif4a1,GO_Molecular_Function_2023,top100
GO_Molecular_Function_2023,Adenyl Ribonucleotide Binding (GO:0032559),2/309,0.0376423882471722,0.0662506033150231,0,0,7.120159247195078,23.351448828951337,MAP4K2;PIM1,Eif4a1,GO_Molecular_Function_2023,top100
GO_Molecular_Function_2023,Cadherin Binding (GO:0045296),2/319,0.0398852240283585,0.0680811793143707,0,0,6.892043463021381,22.20443653873461,LRRC59;SLC3A2,Eif4a1,GO_Molecular_Function_2023,top100
GO_Molecular_Function_2023,Neutral L-amino Acid Transmembrane Transporter Activity (GO:0015175),1/41,0.0402297877766736,0.0680811793143707,0,0,26.23684210526316,84.30284540999916,SLC3A2,Eif4a1,GO_Molecular_Function_2023,top100
GO_Molecular_Function_2023,Endopeptidase Regulator Activity (GO:0061135),1/42,0.0411915269172122,0.068393478654994,0,0,25.59563543003851,81.63786025385905,PROS1,Eif4a1,GO_Molecular_Function_2023,top100
GO_Molecular_Function_2023,CCR Chemokine Receptor Binding (GO:0048020),1/44,0.0431122594296053,0.0702570153667643,0,0,24.402692778457773,76.72079424655034,CCL5,Eif4a1,GO_Molecular_Function_2023,top100
GO_Molecular_Function_2023,Protein Kinase Inhibitor Activity (GO:0004860),1/45,0.044071254437806,0.0705140071004895,0,0,23.84688995215311,74.44873932423765,SOCS1,Eif4a1,GO_Molecular_Function_2023,top100
GO_Molecular_Function_2023,Protein Serine/Threonine Kinase Activity (GO:0004674),2/342,0.0452334220841096,0.0710810918464579,0,0,6.418300653594772,19.87053918985706,MAP4K2;PIM1,Eif4a1,GO_Molecular_Function_2023,top100
GO_Molecular_Function_2023,Manganese Ion Binding (GO:0030145),1/48,0.0469427643840033,0.0724730397507419,0,0,22.32138857782755,68.27724816722397,PIM1,Eif4a1,GO_Molecular_Function_2023,top100
GO_Molecular_Function_2023,Serine-Type Endopeptidase Inhibitor Activity (GO:0004867),1/53,0.051710413228189,0.0784571786910455,0,0,20.17004048582996,59.74559828701417,SERPINB9,Eif4a1,GO_Molecular_Function_2023,top100
GO_Molecular_Function_2023,Amino Acid Transmembrane Transporter Activity (GO:0015171),1/56,0.0545601179499192,0.0813778030439473,0,0,19.066985645933013,55.45541451142644,SLC3A2,Eif4a1,GO_Molecular_Function_2023,top100
GO_Molecular_Function_2023,L-amino Acid Transmembrane Transporter Activity (GO:0015179),1/63,0.0611778250716139,0.0897274767717003,0,0,16.908319185059423,47.24134484792992,SLC3A2,Eif4a1,GO_Molecular_Function_2023,top100
GO_Molecular_Function_2023,Double-Stranded RNA Binding (GO:0003725),1/65,0.0630605011079274,0.0909725261884854,0,0,16.37828947368421,45.26403459739593,SLC3A2,Eif4a1,GO_Molecular_Function_2023,top100
GO_Molecular_Function_2023,Cytokine Receptor Activity (GO:0004896),1/76,0.0733512756104792,0.1041114879632608,0,0,13.968421052631578,36.49243551909278,CCR5,Eif4a1,GO_Molecular_Function_2023,top100
GO_Molecular_Function_2023,Kinase Binding (GO:0019900),2/460,0.0763833668513782,0.1066942267130362,0,0,4.736050460941291,12.181075930539771,SOCS1;THY1,Eif4a1,GO_Molecular_Function_2023,top100
GO_Molecular_Function_2023,Purine Ribonucleoside Triphosphate Binding (GO:0035639),2/476,0.0810288899615929,0.1089213903043685,0,0,4.572433192686357,11.490293804600494,MAP4K2;PIM1,Eif4a1,GO_Molecular_Function_2023,top100
GO_Molecular_Function_2023,Growth Factor Activity (GO:0008083),1/85,0.0816910427282763,0.1089213903043685,0,0,12.466165413533837,31.225387249064404,IL6,Eif4a1,GO_Molecular_Function_2023,top100
GO_Molecular_Function_2023,Ribosome Binding (GO:0043022),1/85,0.0816910427282763,0.1089213903043685,0,0,12.466165413533837,31.225387249064404,PIM1,Eif4a1,GO_Molecular_Function_2023,top100
GO_Molecular_Function_2023,Growth Factor Receptor Binding (GO:0070851),1/96,0.0917872740073591,0.1205564195917553,0,0,11.01662049861496,26.310792233027552,IL6,Eif4a1,GO_Molecular_Function_2023,top100
GO_Molecular_Function_2023,Phosphatidylinositol Binding (GO:0035091),1/106,0.1008740813042086,0.1305429287466229,0,0,9.962406015037594,22.852586421851232,THY1,Eif4a1,GO_Molecular_Function_2023,top100
GO_Molecular_Function_2023,Protease Binding (GO:0002020),1/125,0.1179015944002206,0.1503672508292668,0,0,8.427843803056026,18.01792896923992,SERPINB9,Eif4a1,GO_Molecular_Function_2023,top100
GO_Molecular_Function_2023,G Protein-Coupled Receptor Binding (GO:0001664),1/140,0.1311275119680028,0.1648460150454892,0,0,7.512684589170768,15.262657737297207,CCL5,Eif4a1,GO_Molecular_Function_2023,top100
GO_Molecular_Function_2023,RNA Binding (GO:0003723),3/1411,0.1636129264056891,0.2027878524464879,0,0,2.327707219251337,4.213736289840942,HSPA9;LRRC59;SLC3A2,Eif4a1,GO_Molecular_Function_2023,top100
GO_Molecular_Function_2023,Actin Binding (GO:0003779),1/183,0.1680056895810476,0.2053402872657249,0,0,5.725274725274725,10.212501350602295,CCR5,Eif4a1,GO_Molecular_Function_2023,top100
GO_Molecular_Function_2023,GTPase Activator Activity (GO:0005096),1/211,0.1912146784670498,0.2305053658232929,0,0,4.954887218045113,8.197159840645964,THY1,Eif4a1,GO_Molecular_Function_2023,top100
GO_Molecular_Function_2023,Transcription Regulatory Region Nucleic Acid Binding (GO:0001067),1/224,0.2017799653603342,0.2399545534014785,0,0,4.662969081897569,7.463443188982587,HHEX,Eif4a1,GO_Molecular_Function_2023,top100
GO_Molecular_Function_2023,"DNA-binding Transcription Repressor Activity, RNA Polymerase II-specific (GO:0001227)",1/243,0.2169859601744004,0.2545968599379632,0,0,4.292735972161809,6.558968424426781,HHEX,Eif4a1,GO_Molecular_Function_2023,top100
GO_Molecular_Function_2023,Ubiquitin Protein Ligase Binding (GO:0031625),1/271,0.2388940895616739,0.2766142089661488,0,0,3.842105263157895,5.500876445147768,HSPA9,Eif4a1,GO_Molecular_Function_2023,top100
GO_Molecular_Function_2023,DNA-binding Transcription Factor Binding (GO:0140297),1/282,0.2473404855024508,0.2826748405742295,0,0,3.689642255103952,5.154391148859824,HHEX,Eif4a1,GO_Molecular_Function_2023,top100
GO_Molecular_Function_2023,Ubiquitin-Like Protein Ligase Binding (GO:0044389),1/289,0.2526690190113976,0.2850624829872178,0,0,3.598684210526316,4.950619440611226,HSPA9,Eif4a1,GO_Molecular_Function_2023,top100
GO_Molecular_Function_2023,"DNA-binding Transcription Activator Activity, RNA Polymerase II-specific (GO:0001228)",1/348,0.296178711677668,0.3299205902232252,0,0,2.9778553010769,3.62343125547793,HHEX,Eif4a1,GO_Molecular_Function_2023,top100
GO_Molecular_Function_2023,GTPase Regulator Activity (GO:0030695),1/424,0.3486863847142679,0.3835550231856947,0,0,2.433370660694289,2.5637564324223114,THY1,Eif4a1,GO_Molecular_Function_2023,top100
GO_Molecular_Function_2023,Transition Metal Ion Binding (GO:0046914),1/456,0.3696623813155064,0.4016085130341303,0,0,2.2585309427414693,2.2476113359998484,PIM1,Eif4a1,GO_Molecular_Function_2023,top100
GO_Molecular_Function_2023,Transcription Cis-Regulatory Region Binding (GO:0000976),1/474,0.3811776854229255,0.4090687355758226,0,0,2.170579726271281,2.093501673175354,HHEX,Eif4a1,GO_Molecular_Function_2023,top100
GO_Molecular_Function_2023,Sequence-Specific Double-Stranded DNA Binding (GO:1990837),1/715,0.5173408966214283,0.5430244379097068,0,0,1.4201680672268908,0.935966376355209,HHEX,Eif4a1,GO_Molecular_Function_2023,top100
GO_Molecular_Function_2023,Sequence-Specific DNA Binding (GO:0043565),1/717,0.518341508913811,0.5430244379097068,0,0,1.416054101734784,0.9305188453819746,HHEX,Eif4a1,GO_Molecular_Function_2023,top100
GO_Molecular_Function_2023,DNA Binding (GO:0003677),1/846,0.5788777694872049,0.5993087495867534,0,0,1.1918405481158518,0.6515362378887956,HHEX,Eif4a1,GO_Molecular_Function_2023,top100
GO_Molecular_Function_2023,Cis-Regulatory Region Sequence-Specific DNA Binding (GO:0000987),1/1098,0.6769151493777338,0.6926573621539602,0,0,0.9059636328743464,0.3535154777640277,HHEX,Eif4a1,GO_Molecular_Function_2023,top100
GO_Molecular_Function_2023,RNA Polymerase II Cis-Regulatory Region Sequence-Specific DNA Binding (GO:0000978),1/1122,0.6850253922411079,0.6928992473243392,0,0,0.8854406310155406,0.334961635047675,HHEX,Eif4a1,GO_Molecular_Function_2023,top100
GO_Molecular_Function_2023,RNA Polymerase II Transcription Regulatory Region Sequence-Specific DNA Binding (GO:0000977),1/1225,0.7176868972159977,0.7176868972159977,0,0,0.8065015479876161,0.2675342108050363,HHEX,Eif4a1,GO_Molecular_Function_2023,top100
