Gene_set,Term,Overlap,P-value,Adjusted P-value,Old P-value,Old Adjusted P-value,Odds Ratio,Combined Score,Genes,Reference_Gene,Gene_Set_Library,Method
GO_Cellular_Component_2023,Focal Adhesion (GO:0005925),3/387,0.006417255691242,0.0804627204600523,0,0,9.005514705882353,45.46672488829847,HSPA9;PROCR;THY1,Eif4a1,GO_Cellular_Component_2023,top100
GO_Cellular_Component_2023,Cell-Substrate Junction (GO:0030055),3/395,0.0067899174330247,0.0804627204600523,0,0,8.81812725090036,44.02288215234313,HSPA9;PROCR;THY1,Eif4a1,GO_Cellular_Component_2023,top100
GO_Cellular_Component_2023,SAM Complex (GO:0001401),1/12,0.0119373705403343,0.0804627204600523,0,0,95.54545454545456,423.0830518492731,HSPA9,Eif4a1,GO_Cellular_Component_2023,top100
GO_Cellular_Component_2023,MIB Complex (GO:0140275),1/12,0.0119373705403343,0.0804627204600523,0,0,95.54545454545456,423.0830518492731,HSPA9,Eif4a1,GO_Cellular_Component_2023,top100
GO_Cellular_Component_2023,TIM23 Mitochondrial Import Inner Membrane Translocase Complex (GO:0005744),1/15,0.0149005037888985,0.0804627204600523,0,0,75.06015037593986,315.7300332957057,HSPA9,Eif4a1,GO_Cellular_Component_2023,top100
GO_Cellular_Component_2023,Mitochondrial Outer Membrane Translocase Complex (GO:0005742),1/21,0.0208014680109953,0.0936066060494789,0,0,52.526315789473685,203.4203291515269,HSPA9,Eif4a1,GO_Cellular_Component_2023,top100
GO_Cellular_Component_2023,Dendrite Membrane (GO:0032590),1/28,0.0276434890482457,0.1066248863289478,0,0,38.89473684210526,139.56851455439977,THY1,Eif4a1,GO_Cellular_Component_2023,top100
GO_Cellular_Component_2023,Aggresome (GO:0016235),1/35,0.0344400804224879,0.1162352714258967,0,0,30.876160990712076,104.00740624656504,UBD,Eif4a1,GO_Cellular_Component_2023,top100
GO_Cellular_Component_2023,Intracellular Organelle Lumen (GO:0070013),3/856,0.0517721171639381,0.1426695820087809,0,0,3.957037445693401,11.716406233610028,HSPA9;IL6;PROS1,Eif4a1,GO_Cellular_Component_2023,top100
GO_Cellular_Component_2023,Collagen-Containing Extracellular Matrix (GO:0062023),2/373,0.0528405859291781,0.1426695820087809,0,0,5.872716382150345,17.26857987722905,GREM1;SERPINB9,Eif4a1,GO_Cellular_Component_2023,top100
GO_Cellular_Component_2023,Platelet Alpha Granule Lumen (GO:0031093),1/66,0.0640004936134332,0.157092120687518,0,0,16.125506072874494,44.32683091319527,PROS1,Eif4a1,GO_Cellular_Component_2023,top100
GO_Cellular_Component_2023,Platelet Alpha Granule (GO:0031091),1/89,0.0853746735440269,0.1920930154740606,0,0,11.897129186602871,29.27533461302574,PROS1,Eif4a1,GO_Cellular_Component_2023,top100
GO_Cellular_Component_2023,Golgi Lumen (GO:0005796),1/100,0.0954324164624814,0.1982057880374615,0,0,10.569377990430622,24.83103038927071,PROS1,Eif4a1,GO_Cellular_Component_2023,top100
GO_Cellular_Component_2023,Membrane Raft (GO:0045121),1/169,0.1561652770251732,0.2841597197316962,0,0,6.206766917293233,11.524975344842169,THY1,Eif4a1,GO_Cellular_Component_2023,top100
GO_Cellular_Component_2023,Basolateral Plasma Membrane (GO:0016323),1/171,0.1578665109620534,0.2841597197316962,0,0,6.13312693498452,11.321785872550064,SLC3A2,Eif4a1,GO_Cellular_Component_2023,top100
GO_Cellular_Component_2023,Nucleolus (GO:0005730),2/771,0.1790930182415782,0.289611930440645,0,0,2.7757549487068345,4.773882018445999,ABTB1;PIM1,Eif4a1,GO_Cellular_Component_2023,top100
GO_Cellular_Component_2023,Nuclear Lumen (GO:0031981),2/780,0.1823482524996654,0.289611930440645,0,0,2.742359325906884,4.667048417277961,ABTB1;PIM1,Eif4a1,GO_Cellular_Component_2023,top100
GO_Cellular_Component_2023,Dendrite (GO:0030425),1/270,0.2381217863295401,0.353652530079865,0,0,3.856583838779104,5.53409379242142,THY1,Eif4a1,GO_Cellular_Component_2023,top100
GO_Cellular_Component_2023,Endoplasmic Reticulum Lumen (GO:0005788),1/284,0.2488665952413865,0.353652530079865,0,0,3.663195090198996,5.094911988492453,IL6,Eif4a1,GO_Cellular_Component_2023,top100
GO_Cellular_Component_2023,Secretory Granule Lumen (GO:0034774),1/316,0.2728881438519747,0.3683989942001658,0,0,3.2857142857142856,4.26713511950017,PROS1,Eif4a1,GO_Cellular_Component_2023,top100
GO_Cellular_Component_2023,Mitochondrial Matrix (GO:0005759),1/355,0.3011781751653161,0.3872290823554065,0,0,2.9179304192685103,3.5016718691800843,HSPA9,Eif4a1,GO_Cellular_Component_2023,top100
GO_Cellular_Component_2023,Intracellular Non-Membrane-Bounded Organelle (GO:0043232),2/1195,0.337697942912336,0.4116686549325442,0,0,1.7497438763155444,1.899527976625752,ABTB1;PIM1,Eif4a1,GO_Cellular_Component_2023,top100
GO_Cellular_Component_2023,Golgi Membrane (GO:0000139),1/427,0.3506807060536487,0.4116686549325442,0,0,2.4158636026686438,2.5315330716144016,PROS1,Eif4a1,GO_Cellular_Component_2023,top100
GO_Cellular_Component_2023,Endoplasmic Reticulum Membrane (GO:0005789),1/801,0.5586321173431852,0.6121860124015909,0,0,1.261842105263158,0.7347253968613457,PROS1,Eif4a1,GO_Cellular_Component_2023,top100
GO_Cellular_Component_2023,Bounding Membrane Of Organelle (GO:0098588),1/819,0.5668389003718434,0.6121860124015909,0,0,1.2329172564663493,0.6999026431686444,PROS1,Eif4a1,GO_Cellular_Component_2023,top100
GO_Cellular_Component_2023,Intracellular Membrane-Bounded Organelle (GO:0043231),5/5175,0.6200023983342903,0.6438486444240707,0,0,0.9548678272082528,0.4564573128841614,LRRC59;HHEX;UBD;PIM1;SERPINB9,Eif4a1,GO_Cellular_Component_2023,top100
GO_Cellular_Component_2023,Nucleus (GO:0005634),4/4487,0.6878032727288479,0.6878032727288479,0,0,0.8642092348873522,0.3234323999097949,HHEX;UBD;PIM1;SERPINB9,Eif4a1,GO_Cellular_Component_2023,top100
