Gene_set,Term,Overlap,P-value,Adjusted P-value,Old P-value,Old Adjusted P-value,Odds Ratio,Combined Score,Genes,Reference_Gene,Gene_Set_Library,Method
GO_Cellular_Component_2023,U6 snRNP (GO:0005688),1/7,0.0069799958941807,0.0956802781710432,0,0,175.21052631578948,869.8689177892479,LSM5,Gapdh,GO_Cellular_Component_2023,top100
GO_Cellular_Component_2023,Cul5-RING Ubiquitin Ligase Complex (GO:0031466),1/8,0.0079733565142536,0.0956802781710432,0,0,150.17293233082708,725.5830081396662,RNF7,Gapdh,GO_Cellular_Component_2023,top100
GO_Cellular_Component_2023,RISC Complex (GO:0016442),1/13,0.0129260209528938,0.1034081676231509,0,0,87.57894736842105,380.8381798737429,DDX6,Gapdh,GO_Cellular_Component_2023,top100
GO_Cellular_Component_2023,U4/U6 X U5 tri-snRNP Complex (GO:0046540),1/35,0.0344400804224879,0.1293633940201258,0,0,30.876160990712076,104.00740624656504,LSM5,Gapdh,GO_Cellular_Component_2023,top100
GO_Cellular_Component_2023,Spliceosomal tri-snRNP Complex (GO:0097526),1/36,0.0354073301248565,0.1293633940201258,0,0,29.99248120300752,100.19997336732251,LSM5,Gapdh,GO_Cellular_Component_2023,top100
GO_Cellular_Component_2023,Cytosolic Small Ribosomal Subunit (GO:0022627),1/41,0.0402297877766736,0.1293633940201258,0,0,26.23684210526316,84.30284540999916,RPS25,Gapdh,GO_Cellular_Component_2023,top100
GO_Cellular_Component_2023,Small Ribosomal Subunit (GO:0015935),1/42,0.0411915269172122,0.1293633940201258,0,0,25.59563543003851,81.63786025385905,RPS25,Gapdh,GO_Cellular_Component_2023,top100
GO_Cellular_Component_2023,U2-type Precatalytic Spliceosome (GO:0071005),1/49,0.0478981120694178,0.1293633940201258,0,0,21.855263157894736,66.41113333547993,LSM5,Gapdh,GO_Cellular_Component_2023,top100
GO_Cellular_Component_2023,Precatalytic Spliceosome (GO:0071011),1/52,0.0507586997365511,0.1293633940201258,0,0,20.56656346749226,61.30218505418602,LSM5,Gapdh,GO_Cellular_Component_2023,top100
GO_Cellular_Component_2023,Spliceosomal snRNP Complex (GO:0097525),1/57,0.0555082103235644,0.1293633940201258,0,0,18.72556390977444,54.1398060702703,LSM5,Gapdh,GO_Cellular_Component_2023,top100
GO_Cellular_Component_2023,Ribosome (GO:0005840),1/61,0.0592915555925576,0.1293633940201258,0,0,17.473684210526315,49.3681970360476,RPS25,Gapdh,GO_Cellular_Component_2023,top100
GO_Cellular_Component_2023,Cytoplasmic Stress Granule (GO:0010494),1/76,0.0733512756104792,0.1467025512209584,0,0,13.968421052631578,36.49243551909278,DDX6,Gapdh,GO_Cellular_Component_2023,top100
GO_Cellular_Component_2023,P-body (GO:0000932),1/83,0.0798439464103719,0.1474042087576098,0,0,12.771501925545572,32.28228555834262,DDX6,Gapdh,GO_Cellular_Component_2023,top100
GO_Cellular_Component_2023,U2-type Spliceosomal Complex (GO:0005684),1/90,0.0862933855050247,0.1479315180086137,0,0,11.762862211709049,28.81903981668561,LSM5,Gapdh,GO_Cellular_Component_2023,top100
GO_Cellular_Component_2023,Asymmetric Synapse (GO:0032279),1/133,0.1249790349715015,0.1999664559544025,0,0,7.913875598086125,16.457769102687624,RPS25,Gapdh,GO_Cellular_Component_2023,top100
GO_Cellular_Component_2023,Postsynaptic Density (GO:0014069),1/151,0.1407065517297098,0.2110598275945647,0,0,6.957894736842105,13.64497951804777,RPS25,Gapdh,GO_Cellular_Component_2023,top100
GO_Cellular_Component_2023,cullin-RING Ubiquitin Ligase Complex (GO:0031461),1/174,0.1604122537407113,0.2264643582221807,0,0,6.02585944630362,11.027372148017925,RNF7,Gapdh,GO_Cellular_Component_2023,top100
GO_Cellular_Component_2023,Microtubule Cytoskeleton (GO:0015630),1/342,0.291866431087855,0.3891552414504733,0,0,3.0311776508720483,3.7327710264919576,MID1IP1,Gapdh,GO_Cellular_Component_2023,top100
GO_Cellular_Component_2023,Cytoskeleton (GO:0005856),1/599,0.4558038839370547,0.5757522744468059,0,0,1.7058616440767471,1.3402829404239125,MID1IP1,Gapdh,GO_Cellular_Component_2023,top100
GO_Cellular_Component_2023,Nucleolus (GO:0005730),1/771,0.5446249638206491,0.6272809642288811,0,0,1.3130553656869446,0.7978884148542503,RPS25,Gapdh,GO_Cellular_Component_2023,top100
GO_Cellular_Component_2023,Nuclear Lumen (GO:0031981),1/780,0.5488708437002711,0.6272809642288811,0,0,1.2972772109992567,0.7782263796116276,RPS25,Gapdh,GO_Cellular_Component_2023,top100
GO_Cellular_Component_2023,Nucleus (GO:0005634),4/4487,0.6878032727288479,0.7393272707101727,0,0,0.8642092348873522,0.3234323999097949,DDX6;RPS25;RNF7;LSM5,Gapdh,GO_Cellular_Component_2023,top100
GO_Cellular_Component_2023,Intracellular Non-Membrane-Bounded Organelle (GO:0043232),1/1195,0.7085219677639155,0.7393272707101727,0,0,0.8280878074583443,0.285337705637837,RPS25,Gapdh,GO_Cellular_Component_2023,top100
GO_Cellular_Component_2023,Intracellular Membrane-Bounded Organelle (GO:0043231),4/5175,0.8004523672237028,0.8004523672237028,0,0,0.715964030168246,0.1593580223986682,DDX6;RPS25;RNF7;LSM5,Gapdh,GO_Cellular_Component_2023,top100
