Gene_set,Term,Overlap,P-value,Adjusted P-value,Old P-value,Old Adjusted P-value,Odds Ratio,Combined Score,Genes,Reference_Gene,Gene_Set_Library,Method
GO_Biological_Process_2023,Positive Regulation Of Ligase Activity (GO:0051351),1/8,0.0079733565142536,0.1066248863289478,0,0,150.17293233082708,725.5830081396662,MID1IP1,Gapdh,GO_Biological_Process_2023,top100
GO_Biological_Process_2023,Regulation Of Biosynthetic Process (GO:0009889),1/10,0.0099572476243861,0.1066248863289478,0,0,116.78947368421052,538.3357753631753,MID1IP1,Gapdh,GO_Biological_Process_2023,top100
GO_Biological_Process_2023,P-body Assembly (GO:0033962),1/11,0.0109477797028559,0.1066248863289478,0,0,105.10526315789474,474.5101770765117,DDX6,Gapdh,GO_Biological_Process_2023,top100
GO_Biological_Process_2023,Positive Regulation Of Fatty Acid Biosynthetic Process (GO:0045723),1/13,0.0129260209528938,0.1066248863289478,0,0,87.57894736842105,380.8381798737429,MID1IP1,Gapdh,GO_Biological_Process_2023,top100
GO_Biological_Process_2023,miRNA-mediated Gene Silencing By Inhibition Of Translation (GO:0035278),1/14,0.01391373176082,0.1066248863289478,0,0,80.83805668016194,345.57291333057793,DDX6,Gapdh,GO_Biological_Process_2023,top100
GO_Biological_Process_2023,Positive Regulation Of Fatty Acid Metabolic Process (GO:0045923),1/17,0.0168712348172723,0.1066248863289478,0,0,65.67105263157895,268.0787715603985,MID1IP1,Gapdh,GO_Biological_Process_2023,top100
GO_Biological_Process_2023,Negative Regulation Of Microtubule Depolymerization (GO:0007026),1/20,0.019820311238232,0.1066248863289478,0,0,55.29362880886426,216.80897525048425,MID1IP1,Gapdh,GO_Biological_Process_2023,top100
GO_Biological_Process_2023,Protein Neddylation (GO:0045116),1/22,0.0217816918149241,0.1066248863289478,0,0,50.02255639097744,191.42059056605152,RNF7,Gapdh,GO_Biological_Process_2023,top100
GO_Biological_Process_2023,Negative Regulation Of Protein Depolymerization (GO:1901880),1/23,0.0227609834903901,0.1066248863289478,0,0,47.74641148325359,180.6107068727385,MID1IP1,Gapdh,GO_Biological_Process_2023,top100
GO_Biological_Process_2023,Stress Granule Assembly (GO:0034063),1/24,0.0237393438664972,0.1066248863289478,0,0,45.66819221967963,170.827422984315,DDX6,Gapdh,GO_Biological_Process_2023,top100
GO_Biological_Process_2023,Regulation Of Microtubule Depolymerization (GO:0031114),1/24,0.0237393438664972,0.1066248863289478,0,0,45.66819221967963,170.827422984315,MID1IP1,Gapdh,GO_Biological_Process_2023,top100
GO_Biological_Process_2023,miRNA-mediated Gene Silencing (GO:0035195),1/26,0.0256932740553108,0.1066248863289478,0,0,42.01052631578948,153.82263569148483,DDX6,Gapdh,GO_Biological_Process_2023,top100
GO_Biological_Process_2023,Regulation Of Fatty Acid Biosynthetic Process (GO:0042304),1/26,0.0256932740553108,0.1066248863289478,0,0,42.01052631578948,153.82263569148483,MID1IP1,Gapdh,GO_Biological_Process_2023,top100
GO_Biological_Process_2023,Regulation Of Lipid Biosynthetic Process (GO:0046890),1/28,0.0276434890482457,0.1066248863289478,0,0,38.89473684210526,139.56851455439977,MID1IP1,Gapdh,GO_Biological_Process_2023,top100
GO_Biological_Process_2023,Negative Regulation Of Microtubule Polymerization Or Depolymerization (GO:0031111),1/31,0.0305618601074184,0.1100226963867064,0,0,35.0,122.08008572013848,MID1IP1,Gapdh,GO_Biological_Process_2023,top100
GO_Biological_Process_2023,Positive Regulation Of Lipid Biosynthetic Process (GO:0046889),1/39,0.0383035595748703,0.1245218984448355,0,0,27.62049861495845,90.10393439678076,MID1IP1,Gapdh,GO_Biological_Process_2023,top100
GO_Biological_Process_2023,Positive Regulation Of Catalytic Activity (GO:0043085),1/40,0.039267132268101,0.1245218984448355,0,0,26.910931174089068,87.12057233834933,MID1IP1,Gapdh,GO_Biological_Process_2023,top100
GO_Biological_Process_2023,mRNA Catabolic Process (GO:0006402),1/43,0.0421523505298068,0.1245218984448355,0,0,24.98496240601504,79.11400474395023,LSM5,Gapdh,GO_Biological_Process_2023,top100
GO_Biological_Process_2023,Negative Regulation Of Gene Expression (GO:0010629),2/336,0.0438132605639236,0.1245218984448355,0,0,6.535595475715236,20.44215810285272,DDX6;LSM5,Gapdh,GO_Biological_Process_2023,top100
GO_Biological_Process_2023,Post-Translational Protein Modification (GO:0043687),1/48,0.0469427643840033,0.1267454638368089,0,0,22.32138857782755,68.27724816722397,RNF7,Gapdh,GO_Biological_Process_2023,top100
GO_Biological_Process_2023,Regulation Of Lipid Metabolic Process (GO:0019216),1/54,0.0526612202157059,0.1354145662689581,0,0,19.788480635551142,58.25483230121243,MID1IP1,Gapdh,GO_Biological_Process_2023,top100
GO_Biological_Process_2023,RNA Catabolic Process (GO:0006401),1/57,0.0555082103235644,0.1362474253396582,0,0,18.72556390977444,54.1398060702703,LSM5,Gapdh,GO_Biological_Process_2023,top100
GO_Biological_Process_2023,Protein Polymerization (GO:0051258),1/63,0.0611778250716139,0.1436348936463978,0,0,16.908319185059423,47.24134484792992,MID1IP1,Gapdh,GO_Biological_Process_2023,top100
GO_Biological_Process_2023,Negative Regulation Of Supramolecular Fiber Organization (GO:1902904),1/71,0.0686870333104677,0.1545458249485524,0,0,14.969924812030076,40.09237540517205,MID1IP1,Gapdh,GO_Biological_Process_2023,top100
GO_Biological_Process_2023,Ribosomal Small Subunit Biogenesis (GO:0042274),1/84,0.0807679353123666,0.1625763286043169,0,0,12.61699429296132,31.74656854741361,RPS25,Gapdh,GO_Biological_Process_2023,top100
GO_Biological_Process_2023,mRNA Metabolic Process (GO:0016071),1/85,0.0816910427282763,0.1625763286043169,0,0,12.466165413533837,31.225387249064404,LSM5,Gapdh,GO_Biological_Process_2023,top100
GO_Biological_Process_2023,rRNA Metabolic Process (GO:0016072),1/91,0.0872112207421384,0.1625763286043169,0,0,11.63157894736842,28.37433281380585,RPS25,Gapdh,GO_Biological_Process_2023,top100
GO_Biological_Process_2023,Negative Regulation Of Amide Metabolic Process (GO:0034249),1/93,0.0890442642622752,0.1625763286043169,0,0,11.377574370709382,27.518048057317102,DDX6,Gapdh,GO_Biological_Process_2023,top100
GO_Biological_Process_2023,Cytoplasmic Translation (GO:0002181),1/93,0.0890442642622752,0.1625763286043169,0,0,11.377574370709382,27.518048057317102,RPS25,Gapdh,GO_Biological_Process_2023,top100
GO_Biological_Process_2023,Negative Regulation Of Macromolecule Biosynthetic Process (GO:0010558),1/98,0.0936115860195749,0.1625763286043169,0,0,10.788388497015736,25.553389086720664,DDX6,Gapdh,GO_Biological_Process_2023,top100
GO_Biological_Process_2023,ncRNA Processing (GO:0034470),1/100,0.0954324164624814,0.1625763286043169,0,0,10.569377990430622,24.83103038927071,RPS25,Gapdh,GO_Biological_Process_2023,top100
GO_Biological_Process_2023,rRNA Processing (GO:0006364),1/101,0.0963415280618174,0.1625763286043169,0,0,10.463157894736842,24.48228086178406,RPS25,Gapdh,GO_Biological_Process_2023,top100
GO_Biological_Process_2023,Negative Regulation Of Translation (GO:0017148),1/107,0.1017779964901721,0.1665458124384635,0,0,9.867924528301886,22.547826080103853,DDX6,Gapdh,GO_Biological_Process_2023,top100
GO_Biological_Process_2023,Ribonucleoprotein Complex Biogenesis (GO:0022613),1/118,0.1116642551220043,0.1773491110761245,0,0,8.935222672064777,19.58831903150389,RPS25,Gapdh,GO_Biological_Process_2023,top100
GO_Biological_Process_2023,Non-Membrane-Bounded Organelle Assembly (GO:0140694),1/135,0.1267399474222517,0.1927462395802194,0,0,7.794972505891595,16.10143512741297,DDX6,Gapdh,GO_Biological_Process_2023,top100
GO_Biological_Process_2023,Negative Regulation Of Cellular Biosynthetic Process (GO:0031327),1/137,0.1284974930534796,0.1927462395802194,0,0,7.679566563467493,15.757287045296094,DDX6,Gapdh,GO_Biological_Process_2023,top100
GO_Biological_Process_2023,Negative Regulation Of Protein Metabolic Process (GO:0051248),1/147,0.1372349315735105,0.2002888190532316,0,0,7.149963950973324,14.200264502888531,DDX6,Gapdh,GO_Biological_Process_2023,top100
GO_Biological_Process_2023,Ribosome Biogenesis (GO:0042254),1/155,0.1441648985018541,0.2031922756387251,0,0,6.775803144224197,13.123358631426164,RPS25,Gapdh,GO_Biological_Process_2023,top100
GO_Biological_Process_2023,Peptide Biosynthetic Process (GO:0043043),1/158,0.1467499768501904,0.2031922756387251,0,0,6.645323499832384,12.752541783227706,RPS25,Gapdh,GO_Biological_Process_2023,top100
GO_Biological_Process_2023,Positive Regulation Of Cellular Biosynthetic Process (GO:0031328),1/174,0.1604122537407113,0.2109838892413156,0,0,6.02585944630362,11.027372148017925,MID1IP1,Gapdh,GO_Biological_Process_2023,top100
GO_Biological_Process_2023,"RNA Splicing, Via Transesterification Reactions With Bulged Adenosine As Nucleophile (GO:0000377)",1/180,0.1654818231902095,0.2109838892413156,0,0,5.822111143781241,10.473360337315544,LSM5,Gapdh,GO_Biological_Process_2023,top100
GO_Biological_Process_2023,Macromolecule Biosynthetic Process (GO:0009059),1/183,0.1680056895810476,0.2109838892413156,0,0,5.725274725274725,10.212501350602295,RPS25,Gapdh,GO_Biological_Process_2023,top100
GO_Biological_Process_2023,RNA Processing (GO:0006396),1/183,0.1680056895810476,0.2109838892413156,0,0,5.725274725274725,10.212501350602295,LSM5,Gapdh,GO_Biological_Process_2023,top100
GO_Biological_Process_2023,Modification-Dependent Protein Catabolic Process (GO:0019941),1/192,0.1755338529080929,0.215427910387205,0,0,5.453017360154313,9.487832290769862,RNF7,Gapdh,GO_Biological_Process_2023,top100
GO_Biological_Process_2023,Regulation Of Translation (GO:0006417),1/202,0.1838225713143234,0.2205870855771881,0,0,5.17910447761194,8.772285712048289,DDX6,Gapdh,GO_Biological_Process_2023,top100
GO_Biological_Process_2023,"mRNA Splicing, Via Spliceosome (GO:0000398)",1/211,0.1912146784670498,0.2225082042409341,0,0,4.954887218045113,8.197159840645964,LSM5,Gapdh,GO_Biological_Process_2023,top100
GO_Biological_Process_2023,mRNA Processing (GO:0006397),1/214,0.1936645481356278,0.2225082042409341,0,0,4.884358784284656,8.018298920832006,LSM5,Gapdh,GO_Biological_Process_2023,top100
GO_Biological_Process_2023,Translation (GO:0006412),1/234,0.2098177492729623,0.2360449679320826,0,0,4.460582787440705,6.965271328031701,RPS25,Gapdh,GO_Biological_Process_2023,top100
GO_Biological_Process_2023,Gene Expression (GO:0010467),1/296,0.2579617020578485,0.2842843247168126,0,0,3.512042818911686,4.758621860497947,RPS25,Gapdh,GO_Biological_Process_2023,top100
GO_Biological_Process_2023,Protein-Containing Complex Assembly (GO:0065003),1/328,0.2817066221854001,0.3042431519602321,0,0,3.1632061805890874,4.0074314199822245,MID1IP1,Gapdh,GO_Biological_Process_2023,top100
GO_Biological_Process_2023,Protein Modification By Small Protein Conjugation (GO:0032446),1/364,0.3075564964625346,0.3215806807697558,0,0,2.8442801217920834,3.353680680530016,RNF7,Gapdh,GO_Biological_Process_2023,top100
GO_Biological_Process_2023,Ubiquitin-Dependent Protein Catabolic Process (GO:0006511),1/367,0.3096702851856908,0.3215806807697558,0,0,2.82053494391717,3.306364031707098,RNF7,Gapdh,GO_Biological_Process_2023,top100
GO_Biological_Process_2023,Protein Ubiquitination (GO:0016567),1/434,0.3553115860525164,0.3620155782421865,0,0,2.3759572140512946,2.458545884252935,RNF7,Gapdh,GO_Biological_Process_2023,top100
GO_Biological_Process_2023,Protein Modification Process (GO:0036211),1/711,0.5153337446566959,0.5153337446566959,0,0,1.4284655300222386,0.9469877103209676,RNF7,Gapdh,GO_Biological_Process_2023,top100
