Gene_set,Term,Overlap,P-value,Adjusted P-value,Old P-value,Old Adjusted P-value,Odds Ratio,Combined Score,Genes,Reference_Gene,Gene_Set_Library,Method
GO_Molecular_Function_2023,NEDD8 Transferase Activity (GO:0019788),1/6,0.0059856908667451,0.0658425995341968,0,0,210.26315789473685,1076.2074808846232,RNF7,Gapdh,GO_Molecular_Function_2023,top100
GO_Molecular_Function_2023,Copper Ion Binding (GO:0005507),1/45,0.044071254437806,0.242391899407933,0,0,23.84688995215311,74.44873932423765,RNF7,Gapdh,GO_Molecular_Function_2023,top100
GO_Molecular_Function_2023,RNA Binding (GO:0003723),3/1411,0.1636129264056891,0.3362362125896361,0,0,2.327707219251337,4.213736289840942,DDX6;RPS25;LSM5,Gapdh,GO_Molecular_Function_2023,top100
GO_Molecular_Function_2023,Protein Heterodimerization Activity (GO:0046982),1/190,0.1738665412578544,0.3362362125896361,0,0,5.511278195488722,9.641800864787072,LSM5,Gapdh,GO_Molecular_Function_2023,top100
GO_Molecular_Function_2023,Ubiquitin-Like Protein Transferase Activity (GO:0019787),1/240,0.2146034486866832,0.3362362125896361,0,0,4.347280334728033,6.690305231712002,RNF7,Gapdh,GO_Molecular_Function_2023,top100
GO_Molecular_Function_2023,mRNA Binding (GO:0003729),1/282,0.2473404855024508,0.3362362125896361,0,0,3.689642255103952,5.154391148859824,DDX6,Gapdh,GO_Molecular_Function_2023,top100
GO_Molecular_Function_2023,Ubiquitin Protein Ligase Activity (GO:0061630),1/311,0.2691835059061246,0.3362362125896361,0,0,3.33955857385399,4.382709615040727,RNF7,Gapdh,GO_Molecular_Function_2023,top100
GO_Molecular_Function_2023,Cadherin Binding (GO:0045296),1/319,0.2751023557551568,0.3362362125896361,0,0,3.254220456802383,4.199936127810808,DDX6,Gapdh,GO_Molecular_Function_2023,top100
GO_Molecular_Function_2023,Ubiquitin-Like Protein Ligase Activity (GO:0061659),1/319,0.2751023557551568,0.3362362125896361,0,0,3.254220456802383,4.199936127810808,RNF7,Gapdh,GO_Molecular_Function_2023,top100
GO_Molecular_Function_2023,Ubiquitin-Protein Transferase Activity (GO:0004842),1/412,0.3406507563272071,0.3696623813155064,0,0,2.505954667691125,2.698656320553264,RNF7,Gapdh,GO_Molecular_Function_2023,top100
GO_Molecular_Function_2023,Transition Metal Ion Binding (GO:0046914),1/456,0.3696623813155064,0.3696623813155064,0,0,2.2585309427414693,2.2476113359998484,RNF7,Gapdh,GO_Molecular_Function_2023,top100
