Reference_Gene,Gene_Set_Library,Num_Terms
Ctsd,GO_Biological_Process_2023,267
Ctsd,GO_Cellular_Component_2023,47
Ctsd,GO_Molecular_Function_2023,23
Eif4a1,GO_Biological_Process_2023,539
Eif4a1,GO_Cellular_Component_2023,27
Eif4a1,GO_Molecular_Function_2023,88
Gapdh,GO_Biological_Process_2023,54
Gapdh,GO_Cellular_Component_2023,24
Gapdh,GO_Molecular_Function_2023,11
Gstp1,GO_Biological_Process_2023,55
Gstp1,GO_Cellular_Component_2023,35
Gstp1,GO_Molecular_Function_2023,18
Hspa8,GO_Biological_Process_2023,238
Hspa8,GO_Cellular_Component_2023,47
Hspa8,GO_Molecular_Function_2023,54
Pkm,GO_Biological_Process_2023,117
Pkm,GO_Cellular_Component_2023,33
Pkm,GO_Molecular_Function_2023,34
Rack1,GO_Biological_Process_2023,102
Rack1,GO_Cellular_Component_2023,22
Rack1,GO_Molecular_Function_2023,26
Rps29,GO_Biological_Process_2023,82
Rps29,GO_Cellular_Component_2023,41
Rps29,GO_Molecular_Function_2023,14
Snrpb,GO_Biological_Process_2023,130
Snrpb,GO_Cellular_Component_2023,33
Snrpb,GO_Molecular_Function_2023,24
Snrpf,GO_Biological_Process_2023,55
Snrpf,GO_Cellular_Component_2023,26
Snrpf,GO_Molecular_Function_2023,16
Tkt,GO_Biological_Process_2023,236
Tkt,GO_Cellular_Component_2023,52
Tkt,GO_Molecular_Function_2023,47
Tpi1,GO_Biological_Process_2023,146
Tpi1,GO_Cellular_Component_2023,20
Tpi1,GO_Molecular_Function_2023,50
Vim,GO_Biological_Process_2023,305
Vim,GO_Cellular_Component_2023,74
Vim,GO_Molecular_Function_2023,53
