Gene_set,Term,Overlap,P-value,Adjusted P-value,Old P-value,Old Adjusted P-value,Odds Ratio,Combined Score,Genes,Reference_Gene,Gene_Set_Library,Method
GO_Cellular_Component_2023,Mitochondrial Membrane (GO:0031966),7/540,5.746857336713339e-07,2.0114000678496685e-05,0,0,19.64626930292972,282.3059370034619,COX8A;UQCC3;NDUFC2;VDAC1;SDHD;TOMM5;TOMM22,Gstp1,GO_Cellular_Component_2023,top100
GO_Cellular_Component_2023,Mitochondrial Respiratory Chain Complex IV (GO:0005751),2/17,0.0001280437171265482,0.0017258624558164,0,0,147.88888888888889,1325.548639908665,COX8A;COX7A2,Gstp1,GO_Cellular_Component_2023,top100
GO_Cellular_Component_2023,Respiratory Chain Complex IV (GO:0045277),2/19,0.0001608034054265043,0.0017258624558164,0,0,130.47712418300654,1139.760479290825,COX8A;COX7A2,Gstp1,GO_Cellular_Component_2023,top100
GO_Cellular_Component_2023,Mitochondrial Outer Membrane Translocase Complex (GO:0005742),2/21,0.000197241423521882,0.0017258624558164,0,0,116.7309941520468,995.841692324286,TOMM5;TOMM22,Gstp1,GO_Cellular_Component_2023,top100
GO_Cellular_Component_2023,Mitochondrial Outer Membrane (GO:0005741),3/151,0.00043765908821382775,0.0025757446236365,0,0,23.647058823529413,182.88801504708977,VDAC1;TOMM5;TOMM22,Gstp1,GO_Cellular_Component_2023,top100
GO_Cellular_Component_2023,Mitochondrial Inner Membrane (GO:0005743),4/370,0.0004415562211948365,0.0025757446236365,0,0,13.397540983606556,103.49875333677672,COX8A;UQCC3;NDUFC2;SDHD,Gstp1,GO_Cellular_Component_2023,top100
GO_Cellular_Component_2023,Organelle Inner Membrane (GO:0019866),4/398,0.0005812771832380473,0.0027054870830798,0,0,12.42766497461929,92.58961904320404,COX8A;UQCC3;NDUFC2;SDHD,Gstp1,GO_Cellular_Component_2023,top100
GO_Cellular_Component_2023,Organelle Outer Membrane (GO:0031968),3/170,0.0006183970475611111,0.0027054870830798,0,0,20.9365973934484,154.68753399571762,VDAC1;TOMM5;TOMM22,Gstp1,GO_Cellular_Component_2023,top100
GO_Cellular_Component_2023,AP-2 Adaptor Complex (GO:0030122),1/8,0.0079733565142536,0.0279067477998876,0,0,150.17293233082708,725.5830081396662,AP2S1,Gstp1,GO_Cellular_Component_2023,top100
GO_Cellular_Component_2023,Clathrin Coat Of Endocytic Vesicle (GO:0030128),1/8,0.0079733565142536,0.0279067477998876,0,0,150.17293233082708,725.5830081396662,AP2S1,Gstp1,GO_Cellular_Component_2023,top100
GO_Cellular_Component_2023,Mitochondrial Envelope (GO:0005740),2/146,0.0092256387850187,0.0293543052250597,0,0,15.305555555555555,71.71829540005209,VDAC1;SDHD,Gstp1,GO_Cellular_Component_2023,top100
GO_Cellular_Component_2023,Clathrin Coat Of Coated Pit (GO:0030132),1/12,0.0119373705403343,0.0348173307426418,0,0,95.54545454545456,423.0830518492731,AP2S1,Gstp1,GO_Cellular_Component_2023,top100
GO_Cellular_Component_2023,Endolysosome Membrane (GO:0036020),1/19,0.0188382206720142,0.0470955516800356,0,0,58.36842105263158,231.8316321803268,AP2S1,Gstp1,GO_Cellular_Component_2023,top100
GO_Cellular_Component_2023,Clathrin Adaptor Complex (GO:0030131),1/19,0.0188382206720142,0.0470955516800356,0,0,58.36842105263158,231.8316321803268,AP2S1,Gstp1,GO_Cellular_Component_2023,top100
GO_Cellular_Component_2023,Endolysosome (GO:0036019),1/28,0.0276434890482457,0.0645014744459067,0,0,38.89473684210526,139.56851455439977,AP2S1,Gstp1,GO_Cellular_Component_2023,top100
GO_Cellular_Component_2023,Respiratory Chain Complex I (GO:0045271),1/41,0.0402297877766736,0.0828260336578575,0,0,26.23684210526316,84.30284540999916,NDUFC2,Gstp1,GO_Cellular_Component_2023,top100
GO_Cellular_Component_2023,Mitochondrial Respiratory Chain Complex I (GO:0005747),1/41,0.0402297877766736,0.0828260336578575,0,0,26.23684210526316,84.30284540999916,NDUFC2,Gstp1,GO_Cellular_Component_2023,top100
GO_Cellular_Component_2023,Lysosomal Membrane (GO:0005765),2/356,0.048613813311299,0.0945268592164148,0,0,6.160075329566855,18.62712877904381,AP2S1;NDUFC2,Gstp1,GO_Cellular_Component_2023,top100
GO_Cellular_Component_2023,Azurophil Granule Membrane (GO:0035577),1/58,0.0564553994621354,0.103996788482881,0,0,18.39612188365651,52.87605301742885,NDUFC2,Gstp1,GO_Cellular_Component_2023,top100
GO_Cellular_Component_2023,Clathrin-Coated Endocytic Vesicle Membrane (GO:0030669),1/68,0.0658777916264093,0.1152861353462164,0,0,15.642576590730558,42.54708713186295,AP2S1,Gstp1,GO_Cellular_Component_2023,top100
GO_Cellular_Component_2023,Clathrin-Coated Vesicle (GO:0030136),1/78,0.0752107517706809,0.1253512529511349,0,0,13.604237867395762,35.20043603994484,AP2S1,Gstp1,GO_Cellular_Component_2023,top100
GO_Cellular_Component_2023,Clathrin-Coated Endocytic Vesicle (GO:0045334),1/85,0.0816910427282763,0.1299630225222578,0,0,12.466165413533837,31.225387249064404,AP2S1,Gstp1,GO_Cellular_Component_2023,top100
GO_Cellular_Component_2023,Clathrin-Coated Vesicle Membrane (GO:0030665),1/90,0.0862933855050247,0.1313160214206897,0,0,11.762862211709049,28.81903981668561,AP2S1,Gstp1,GO_Cellular_Component_2023,top100
GO_Cellular_Component_2023,Cytoplasmic Side Of Plasma Membrane (GO:0009898),1/124,0.1170131002125961,0.1706441044767027,0,0,8.496790757381259,18.22960442221716,AP2S1,Gstp1,GO_Cellular_Component_2023,top100
GO_Cellular_Component_2023,Azurophil Granule (GO:0042582),1/155,0.1441648985018541,0.1987057961238572,0,0,6.775803144224197,13.123358631426164,NDUFC2,Gstp1,GO_Cellular_Component_2023,top100
GO_Cellular_Component_2023,Endocytic Vesicle Membrane (GO:0030666),1/159,0.1476100199777224,0.1987057961238572,0,0,6.602931379080613,12.632606048584067,AP2S1,Gstp1,GO_Cellular_Component_2023,top100
GO_Cellular_Component_2023,Endocytic Vesicle (GO:0030139),1/196,0.1788588908629642,0.231854117785324,0,0,5.340080971659919,9.191123636275076,AP2S1,Gstp1,GO_Cellular_Component_2023,top100
GO_Cellular_Component_2023,Secretory Granule Membrane (GO:0030667),1/279,0.2450457967138161,0.3063072458922702,0,0,3.7300265051117,5.245574173234264,NDUFC2,Gstp1,GO_Cellular_Component_2023,top100
GO_Cellular_Component_2023,Mitochondrial Matrix (GO:0005759),1/355,0.3011781751653161,0.3563426531147364,0,0,2.9179304192685103,3.5016718691800843,OXCT1,Gstp1,GO_Cellular_Component_2023,top100
GO_Cellular_Component_2023,Endosome Membrane (GO:0010008),1/361,0.3054365598126312,0.3563426531147364,0,0,2.8684210526315788,3.4019851802991394,AP2S1,Gstp1,GO_Cellular_Component_2023,top100
GO_Cellular_Component_2023,Cytoplasmic Vesicle Membrane (GO:0030659),1/389,0.3249851506185678,0.3669187184403186,0,0,2.657623440043408,2.9871044004975347,AP2S1,Gstp1,GO_Cellular_Component_2023,top100
GO_Cellular_Component_2023,Bounding Membrane Of Organelle (GO:0098588),1/819,0.5668389003718434,0.6186042140145801,0,0,1.2329172564663493,0.6999026431686444,AP2S1,Gstp1,GO_Cellular_Component_2023,top100
GO_Cellular_Component_2023,Intracellular Organelle Lumen (GO:0070013),1/856,0.5832554017851755,0.6186042140145801,0,0,1.1772853185595569,0.6347099592903939,OXCT1,Gstp1,GO_Cellular_Component_2023,top100
GO_Cellular_Component_2023,Intracellular Membrane-Bounded Organelle (GO:0043231),2/5175,0.9800258732447332,0.993801741271254,0,0,0.318040251734433,0.0064168775652201,AP2S1;VDAC1,Gstp1,GO_Cellular_Component_2023,top100
GO_Cellular_Component_2023,Nucleus (GO:0005634),1/4487,0.993801741271254,0.993801741271254,0,0,0.1817819180139381,0.0011302377427887,VDAC1,Gstp1,GO_Cellular_Component_2023,top100
