Gene_set,Term,Overlap,P-value,Adjusted P-value,Old P-value,Old Adjusted P-value,Odds Ratio,Combined Score,Genes,Reference_Gene,Gene_Set_Library,Method
GO_Molecular_Function_2023,Oxidoreduction-Driven Active Transmembrane Transporter Activity (GO:0015453),2/54,0.0013177506939226,0.0237195124906076,0,0,42.58119658119658,282.3912150075315,COX8A;NDUFC2,Gstp1,GO_Molecular_Function_2023,top100
GO_Molecular_Function_2023,Cardiolipin Binding (GO:1901612),1/9,0.0089657734963174,0.0447015113666957,0,0,131.39473684210526,619.439581424405,UQCC3,Gstp1,GO_Molecular_Function_2023,top100
GO_Molecular_Function_2023,Cytochrome-C Oxidase Activity (GO:0004129),1/12,0.0119373705403343,0.0447015113666957,0,0,95.54545454545456,423.0830518492731,COX8A,Gstp1,GO_Molecular_Function_2023,top100
GO_Molecular_Function_2023,Phosphatidylglycerol Binding (GO:1901611),1/13,0.0129260209528938,0.0447015113666957,0,0,87.57894736842105,380.8381798737429,UQCC3,Gstp1,GO_Molecular_Function_2023,top100
GO_Molecular_Function_2023,Clathrin Adaptor Activity (GO:0035615),1/14,0.01391373176082,0.0447015113666957,0,0,80.83805668016194,345.57291333057793,AP2S1,Gstp1,GO_Molecular_Function_2023,top100
GO_Molecular_Function_2023,Voltage-Gated Monoatomic Anion Channel Activity (GO:0008308),1/15,0.0149005037888985,0.0447015113666957,0,0,75.06015037593986,315.7300332957057,VDAC1,Gstp1,GO_Molecular_Function_2023,top100
GO_Molecular_Function_2023,Phosphatidic Acid Binding (GO:0070300),1/20,0.019820311238232,0.0509665146125968,0,0,55.29362880886426,216.80897525048425,UQCC3,Gstp1,GO_Molecular_Function_2023,top100
GO_Molecular_Function_2023,Active Monoatomic Ion Transmembrane Transporter Activity (GO:0022853),1/24,0.0237393438664972,0.0533376910722916,0,0,45.66819221967963,170.827422984315,COX8A,Gstp1,GO_Molecular_Function_2023,top100
GO_Molecular_Function_2023,Voltage-Gated Monoatomic Ion Channel Activity (GO:0005244),1/27,0.0266688455361458,0.0533376910722916,0,0,40.392712550607285,146.39366123411943,VDAC1,Gstp1,GO_Molecular_Function_2023,top100
GO_Molecular_Function_2023,NADH Dehydrogenase (Ubiquinone) Activity (GO:0008137),1/33,0.0325028162269628,0.05477221538362,0,0,32.80921052631579,112.41841533087528,NDUFC2,Gstp1,GO_Molecular_Function_2023,top100
GO_Molecular_Function_2023,NADH Dehydrogenase (Quinone) Activity (GO:0050136),1/34,0.0334719094011011,0.05477221538362,0,0,31.8133971291866,108.07165990908112,NDUFC2,Gstp1,GO_Molecular_Function_2023,top100
GO_Molecular_Function_2023,Proton Transmembrane Transporter Activity (GO:0015078),1/45,0.044071254437806,0.066106881656709,0,0,23.84688995215311,74.44873932423765,COX8A,Gstp1,GO_Molecular_Function_2023,top100
GO_Molecular_Function_2023,Cholesterol Binding (GO:0015485),1/50,0.0488525499820277,0.0664848170076716,0,0,21.40816326530612,64.63014669364038,VDAC1,Gstp1,GO_Molecular_Function_2023,top100
GO_Molecular_Function_2023,Monoatomic Anion Channel Activity (GO:0005253),1/53,0.051710413228189,0.0664848170076716,0,0,20.17004048582996,59.74559828701417,VDAC1,Gstp1,GO_Molecular_Function_2023,top100
GO_Molecular_Function_2023,Sterol Binding (GO:0032934),1/59,0.0574016861834188,0.0688820234201025,0,0,18.07803992740472,51.661282065881295,VDAC1,Gstp1,GO_Molecular_Function_2023,top100
GO_Molecular_Function_2023,Heme Binding (GO:0020037),1/87,0.0835346163259223,0.0939764433666625,0,0,12.175030599755202,30.22444243789128,SDHD,Gstp1,GO_Molecular_Function_2023,top100
GO_Molecular_Function_2023,Kinase Binding (GO:0019900),1/460,0.3722387950843977,0.3941351947952446,0,0,2.238390092879257,2.212021204832705,VDAC1,Gstp1,GO_Molecular_Function_2023,top100
GO_Molecular_Function_2023,Protein Kinase Binding (GO:0019901),1/511,0.4042234856234526,0.4042234856234526,0,0,2.0092879256965945,1.819987629272792,VDAC1,Gstp1,GO_Molecular_Function_2023,top100
