Gene_set,Term,Overlap,P-value,Adjusted P-value,Old P-value,Old Adjusted P-value,Odds Ratio,Combined Score,Genes,Reference_Gene,Gene_Set_Library,Method
GO_Biological_Process_2023,Aerobic Electron Transport Chain (GO:0019646),5/68,5.8281922893440495e-09,1.8585638413265257e-07,0,0,105.38095238095238,1998.081760364076,COX8A;UQCC3;NDUFC2;COX7A2;SDHD,Gstp1,GO_Biological_Process_2023,top100
GO_Biological_Process_2023,Mitochondrial ATP Synthesis Coupled Electron Transport (GO:0042775),5/70,6.758413968460093e-09,1.8585638413265257e-07,0,0,102.12820512820512,1921.2845707377348,COX8A;UQCC3;NDUFC2;COX7A2;SDHD,Gstp1,GO_Biological_Process_2023,top100
GO_Biological_Process_2023,Outer Mitochondrial Membrane Organization (GO:0007008),2/13,7.361293042472065e-05,0.0008816970457009254,0,0,201.7070707070707,1919.5836350009777,TOMM5;TOMM22,Gstp1,GO_Biological_Process_2023,top100
GO_Biological_Process_2023,Protein Insertion Into Mitochondrial Outer Membrane (GO:0045040),2/13,7.361293042472065e-05,0.0008816970457009254,0,0,201.7070707070707,1919.5836350009777,TOMM5;TOMM22,Gstp1,GO_Biological_Process_2023,top100
GO_Biological_Process_2023,Cellular Respiration (GO:0045333),3/85,8.015427688190231e-05,0.0008816970457009254,0,0,42.82209469153515,403.8790406182925,COX8A;NDUFC2;COX7A2,Gstp1,GO_Biological_Process_2023,top100
GO_Biological_Process_2023,"Mitochondrial Electron Transport, Cytochrome C To Oxygen (GO:0006123)",2/16,0.0001130474302618912,0.001036268110734,0,0,158.46031746031747,1440.0403167035038,COX8A;COX7A2,Gstp1,GO_Biological_Process_2023,top100
GO_Biological_Process_2023,Protein Insertion Into Mitochondrial Membrane (GO:0051204),2/28,0.0003535487787187227,0.0027778832613613,0,0,85.27350427350427,677.710245242856,TOMM5;TOMM22,Gstp1,GO_Biological_Process_2023,top100
GO_Biological_Process_2023,Mitochondrion Organization (GO:0007005),3/162,0.0005373999824485817,0.0036946248793339,0,0,21.99889012208657,165.6245376645394,COX7A2;TOMM5;TOMM22,Gstp1,GO_Biological_Process_2023,top100
GO_Biological_Process_2023,Energy Derivation By Oxidation Of Organic Compounds (GO:0015980),2/43,0.0008370330222898128,0.004820016481471,0,0,54.03523035230352,382.87456973669936,COX8A;COX7A2,Gstp1,GO_Biological_Process_2023,top100
GO_Biological_Process_2023,Establishment Of Protein Localization To Mitochondrion (GO:0072655),2/44,0.0008763666329947344,0.004820016481471,0,0,52.74603174603175,371.31761233322095,TOMM5;TOMM22,Gstp1,GO_Biological_Process_2023,top100
GO_Biological_Process_2023,Proton Motive Force-Driven Mitochondrial ATP Synthesis (GO:0042776),2/53,0.0012697052431465,0.0058194823644216,0,0,43.41830065359477,289.55536610866125,NDUFC2;SDHD,Gstp1,GO_Biological_Process_2023,top100
GO_Biological_Process_2023,Mitochondrial Transport (GO:0006839),2/53,0.0012697052431465,0.0058194823644216,0,0,43.41830065359477,289.55536610866125,TOMM5;TOMM22,Gstp1,GO_Biological_Process_2023,top100
GO_Biological_Process_2023,Protein Targeting To Mitochondrion (GO:0006626),2/59,0.0015708812917978,0.0063803022046532,0,0,38.83625730994152,250.73147869740143,TOMM5;TOMM22,Gstp1,GO_Biological_Process_2023,top100
GO_Biological_Process_2023,Proton Motive Force-Driven ATP Synthesis (GO:0015986),2/60,0.0016240769248208,0.0063803022046532,0,0,38.16475095785441,245.1251605267273,NDUFC2;SDHD,Gstp1,GO_Biological_Process_2023,top100
GO_Biological_Process_2023,Oxidative Phosphorylation (GO:0006119),2/63,0.001788774259171,0.0065588389502938,0,0,36.28233151183971,229.5301805177287,NDUFC2;SDHD,Gstp1,GO_Biological_Process_2023,top100
GO_Biological_Process_2023,Mitochondrial Respiratory Chain Complex Assembly (GO:0033108),2/90,0.0036094335277519,0.0124074277516473,0,0,25.116161616161616,141.25842758872437,UQCC3;NDUFC2,Gstp1,GO_Biological_Process_2023,top100
GO_Biological_Process_2023,Positive Regulation Of Mitophagy (GO:1901526),1/6,0.0059856908667451,0.0193654704512343,0,0,210.26315789473685,1076.2074808846232,VDAC1,Gstp1,GO_Biological_Process_2023,top100
GO_Biological_Process_2023,Protein Targeting (GO:0006605),2/129,0.007269141613339,0.0222112660407582,0,0,17.36920384951881,85.52799311302711,TOMM5;TOMM22,Gstp1,GO_Biological_Process_2023,top100
GO_Biological_Process_2023,Mitochondrial Respirasome Assembly (GO:0097250),1/10,0.0099572476243861,0.0285458860747125,0,0,116.78947368421052,538.3357753631753,COX7A2,Gstp1,GO_Biological_Process_2023,top100
GO_Biological_Process_2023,Respiratory Chain Complex III Assembly (GO:0017062),1/11,0.0109477797028559,0.0285458860747125,0,0,105.10526315789474,474.5101770765117,UQCC3,Gstp1,GO_Biological_Process_2023,top100
GO_Biological_Process_2023,Mitochondrial Respiratory Chain Complex III Assembly (GO:0034551),1/11,0.0109477797028559,0.0285458860747125,0,0,105.10526315789474,474.5101770765117,UQCC3,Gstp1,GO_Biological_Process_2023,top100
GO_Biological_Process_2023,"Mitochondrial Electron Transport, Ubiquinol To Cytochrome C (GO:0006122)",1/12,0.0119373705403343,0.0285458860747125,0,0,95.54545454545456,423.0830518492731,UQCC3,Gstp1,GO_Biological_Process_2023,top100
GO_Biological_Process_2023,Cristae Formation (GO:0042407),1/12,0.0119373705403343,0.0285458860747125,0,0,95.54545454545456,423.0830518492731,UQCC3,Gstp1,GO_Biological_Process_2023,top100
GO_Biological_Process_2023,Regulation Of Oxidative Phosphorylation (GO:0002082),1/17,0.0168712348172723,0.0371167165979991,0,0,65.67105263157895,268.0787715603985,COX7A2,Gstp1,GO_Biological_Process_2023,top100
GO_Biological_Process_2023,Regulation Of Aerobic Respiration (GO:1903715),1/17,0.0168712348172723,0.0371167165979991,0,0,65.67105263157895,268.0787715603985,COX7A2,Gstp1,GO_Biological_Process_2023,top100
GO_Biological_Process_2023,Regulation Of Autophagy Of Mitochondrion (GO:1903146),1/19,0.0188382206720142,0.0383741532207698,0,0,58.36842105263158,231.8316321803268,VDAC1,Gstp1,GO_Biological_Process_2023,top100
GO_Biological_Process_2023,Negative Regulation Of Calcium Ion Transmembrane Transport (GO:1903170),1/19,0.0188382206720142,0.0383741532207698,0,0,58.36842105263158,231.8316321803268,VDAC1,Gstp1,GO_Biological_Process_2023,top100
GO_Biological_Process_2023,Clathrin-Dependent Endocytosis (GO:0072583),1/27,0.0266688455361458,0.0523852323031436,0,0,40.392712550607285,146.39366123411943,AP2S1,Gstp1,GO_Biological_Process_2023,top100
GO_Biological_Process_2023,Presynaptic Endocytosis (GO:0140238),1/31,0.0305618601074184,0.0579621484795867,0,0,35.0,122.08008572013848,AP2S1,Gstp1,GO_Biological_Process_2023,top100
GO_Biological_Process_2023,"Mitochondrial Electron Transport, NADH To Ubiquinone (GO:0006120)",1/34,0.0334719094011011,0.059385645711631,0,0,31.8133971291866,108.07165990908112,NDUFC2,Gstp1,GO_Biological_Process_2023,top100
GO_Biological_Process_2023,Inner Mitochondrial Membrane Organization (GO:0007007),1/34,0.0334719094011011,0.059385645711631,0,0,31.8133971291866,108.07165990908112,UQCC3,Gstp1,GO_Biological_Process_2023,top100
GO_Biological_Process_2023,Synaptic Vesicle Endocytosis (GO:0048488),1/40,0.039267132268101,0.0674903835857986,0,0,26.910931174089068,87.12057233834933,AP2S1,Gstp1,GO_Biological_Process_2023,top100
GO_Biological_Process_2023,Protein-Containing Complex Assembly (GO:0065003),2/328,0.0419469545895752,0.0697404196655381,0,0,6.6987048398091344,21.243933875279083,AP2S1;COX7A2,Gstp1,GO_Biological_Process_2023,top100
GO_Biological_Process_2023,Synaptic Vesicle Recycling (GO:0036465),1/44,0.0431122594296053,0.0697404196655381,0,0,24.402692778457773,76.72079424655034,AP2S1,Gstp1,GO_Biological_Process_2023,top100
GO_Biological_Process_2023,Pyruvate Metabolic Process (GO:0006090),1/50,0.0488525499820277,0.0746358402503201,0,0,21.40816326530612,64.63014669364038,VDAC1,Gstp1,GO_Biological_Process_2023,top100
GO_Biological_Process_2023,Regulation Of Mitochondrion Organization (GO:0010821),1/50,0.0488525499820277,0.0746358402503201,0,0,21.40816326530612,64.63014669364038,VDAC1,Gstp1,GO_Biological_Process_2023,top100
GO_Biological_Process_2023,NADH Dehydrogenase Complex Assembly (GO:0010257),1/53,0.051710413228189,0.0748440191460631,0,0,20.17004048582996,59.74559828701417,NDUFC2,Gstp1,GO_Biological_Process_2023,top100
GO_Biological_Process_2023,Mitochondrial Respiratory Chain Complex I Assembly (GO:0032981),1/53,0.051710413228189,0.0748440191460631,0,0,20.17004048582996,59.74559828701417,NDUFC2,Gstp1,GO_Biological_Process_2023,top100
GO_Biological_Process_2023,Monoatomic Anion Transport (GO:0006820),1/57,0.0555082103235644,0.0782808094306678,0,0,18.72556390977444,54.1398060702703,VDAC1,Gstp1,GO_Biological_Process_2023,top100
GO_Biological_Process_2023,Aerobic Respiration (GO:0009060),1/59,0.0574016861834188,0.0789273185022008,0,0,18.07803992740472,51.661282065881295,NDUFC2,Gstp1,GO_Biological_Process_2023,top100
GO_Biological_Process_2023,Regulation Of Endocytosis (GO:0030100),1/66,0.0640004936134332,0.085854320700947,0,0,16.125506072874494,44.32683091319527,AP2S1,Gstp1,GO_Biological_Process_2023,top100
GO_Biological_Process_2023,Positive Regulation Of Response To Stimulus (GO:0048584),1/77,0.0742814572247087,0.0972733368418804,0,0,13.78393351800554,35.8367650118558,VDAC1,Gstp1,GO_Biological_Process_2023,top100
GO_Biological_Process_2023,Regulation Of Vesicle-Mediated Transport (GO:0060627),1/89,0.0853746735440269,0.1092001638353833,0,0,11.897129186602871,29.27533461302574,AP2S1,Gstp1,GO_Biological_Process_2023,top100
GO_Biological_Process_2023,Monocarboxylic Acid Metabolic Process (GO:0032787),1/97,0.0926998655948555,0.1158748319935694,0,0,10.901315789473683,25.92756145195716,VDAC1,Gstp1,GO_Biological_Process_2023,top100
GO_Biological_Process_2023,Monoatomic Ion Transport (GO:0006811),1/107,0.1017779964901721,0.1243953290435437,0,0,9.867924528301886,22.547826080103853,VDAC1,Gstp1,GO_Biological_Process_2023,top100
GO_Biological_Process_2023,Receptor-Mediated Endocytosis (GO:0006898),1/122,0.1152335606361476,0.1377792572823504,0,0,8.638103523270987,18.66516440827309,AP2S1,Gstp1,GO_Biological_Process_2023,top100
GO_Biological_Process_2023,Epithelial Cell Differentiation (GO:0030855),1/132,0.1240973142667693,0.1452202613760067,0,0,7.974688629971876,16.64069686633284,VDAC1,Gstp1,GO_Biological_Process_2023,top100
GO_Biological_Process_2023,Regulation Of Cellular Component Organization (GO:0051128),1/153,0.1424373812642738,0.1608486825697264,0,0,6.865650969529086,13.380143154067955,AP2S1,Gstp1,GO_Biological_Process_2023,top100
GO_Biological_Process_2023,Epithelium Development (GO:0060429),1/154,0.1433015535621199,0.1608486825697264,0,0,6.820433436532507,13.250766063915645,VDAC1,Gstp1,GO_Biological_Process_2023,top100
GO_Biological_Process_2023,Apoptotic Process (GO:0006915),1/228,0.2050043553834591,0.225504790921805,0,0,4.579874797124971,7.257837756669995,VDAC1,Gstp1,GO_Biological_Process_2023,top100
GO_Biological_Process_2023,Regulation Of Autophagy (GO:0010506),1/241,0.2153983833385634,0.2322923741886468,0,0,4.328947368421052,6.646085795720058,VDAC1,Gstp1,GO_Biological_Process_2023,top100
GO_Biological_Process_2023,Negative Regulation Of Programmed Cell Death (GO:0043069),1/381,0.3194538394860498,0.337883868687168,0,0,2.714681440443213,3.097838346524308,VDAC1,Gstp1,GO_Biological_Process_2023,top100
GO_Biological_Process_2023,Vesicle-Mediated Transport (GO:0016192),1/411,0.3399768862337602,0.3528062026954116,0,0,2.5121951219512195,2.710351157825964,AP2S1,Gstp1,GO_Biological_Process_2023,top100
GO_Biological_Process_2023,Negative Regulation Of Apoptotic Process (GO:0043066),1/482,0.3862311934886067,0.393383622997655,0,0,2.133603238866397,2.02973760246591,VDAC1,Gstp1,GO_Biological_Process_2023,top100
GO_Biological_Process_2023,Regulation Of Apoptotic Process (GO:0042981),1/705,0.5123081427293787,0.5123081427293787,0,0,1.4410885167464116,0.963841782499852,VDAC1,Gstp1,GO_Biological_Process_2023,top100
