Gene_set,Term,Overlap,P-value,Adjusted P-value,Old P-value,Old Adjusted P-value,Odds Ratio,Combined Score,Genes,Reference_Gene,Gene_Set_Library,Method
GO_Cellular_Component_2023,Axonal Growth Cone (GO:0044295),2/15,9.897575036981038e-05,0.0046351734527642,0,0,170.65811965811966,1573.5763478145914,HSP90AA1;HSP90AB1,Hspa8,GO_Cellular_Component_2023,top100
GO_Cellular_Component_2023,Endocytic Vesicle Lumen (GO:0071682),2/21,0.000197241423521882,0.0046351734527642,0,0,116.7309941520468,995.841692324286,HSP90AA1;HSPH1,Hspa8,GO_Cellular_Component_2023,top100
GO_Cellular_Component_2023,Ficolin-1-Rich Granule (GO:0101002),3/184,0.0007781941193477316,0.0121917078697811,0,0,19.303542411439714,138.18507537034668,HSP90AA1;HSP90AB1;DYNLL1,Hspa8,GO_Cellular_Component_2023,top100
GO_Cellular_Component_2023,Cytoplasmic Stress Granule (GO:0010494),2/76,0.0025901140533562,0.030433840126936,0,0,29.88888888888889,178.0198173382836,NUFIP2;YTHDF3,Hspa8,GO_Cellular_Component_2023,top100
GO_Cellular_Component_2023,Secretory Granule Lumen (GO:0034774),3/316,0.0036488140519614,0.0342988520884378,0,0,11.088329261417028,62.24270722776978,DNAJC3;HSP90AA1;HSP90AB1,Hspa8,GO_Cellular_Component_2023,top100
GO_Cellular_Component_2023,Cytoplasmic Vesicle Lumen (GO:0060205),2/115,0.0058199377615766,0.0445148204177139,0,0,19.53490658800393,100.535726926328,HSP90AA1;HSP90AB1,Hspa8,GO_Cellular_Component_2023,top100
GO_Cellular_Component_2023,Ficolin-1-Rich Granule Lumen (GO:1904813),2/123,0.0066298668707233,0.0445148204177139,0,0,18.23599632690542,91.47486781276542,HSP90AA1;HSP90AB1,Hspa8,GO_Cellular_Component_2023,top100
GO_Cellular_Component_2023,Intracellular Organelle Lumen (GO:0070013),4/856,0.0093299768120771,0.0548136137709532,0,0,5.612676056338028,26.236581910555,DNAJC3;HSP90AA1;HSP90AB1;HSPH1,Hspa8,GO_Cellular_Component_2023,top100
GO_Cellular_Component_2023,Vacuolar Lumen (GO:0005775),2/161,0.0111258864531351,0.0581018514774833,0,0,13.851153039832283,62.309145632506784,DNAJC3;HSP90AA1,Hspa8,GO_Cellular_Component_2023,top100
GO_Cellular_Component_2023,Endocytic Vesicle (GO:0030139),2/196,0.0161666242170096,0.0759831338199452,0,0,11.332187857961054,46.74308095109728,HSP90AA1;HSPH1,Hspa8,GO_Cellular_Component_2023,top100
GO_Cellular_Component_2023,Cytoplasmic Dynein Complex (GO:0005868),1/21,0.0208014680109953,0.0888789996833436,0,0,52.526315789473685,203.4203291515269,DYNLL1,Hspa8,GO_Cellular_Component_2023,top100
GO_Cellular_Component_2023,Polysomal Ribosome (GO:0042788),1/28,0.0276434890482457,0.1082703321056291,0,0,38.89473684210526,139.56851455439977,NUFIP2,Hspa8,GO_Cellular_Component_2023,top100
GO_Cellular_Component_2023,Secretory Granule Membrane (GO:0030667),2/279,0.0312280578200399,0.1129014398109136,0,0,7.903329322101885,27.396403453174507,DYNLL1;ITGAL,Hspa8,GO_Cellular_Component_2023,top100
GO_Cellular_Component_2023,Cortical Actin Cytoskeleton (GO:0030864),1/44,0.0431122594296053,0.1306980808348115,0,0,24.402692778457773,76.72079424655034,DYNLL1,Hspa8,GO_Cellular_Component_2023,top100
GO_Cellular_Component_2023,Extracellular Membrane-Bounded Organelle (GO:0065010),1/57,0.0555082103235644,0.1306980808348115,0,0,18.72556390977444,54.1398060702703,DNAJC3,Hspa8,GO_Cellular_Component_2023,top100
GO_Cellular_Component_2023,Focal Adhesion (GO:0005925),2/387,0.0564185021858079,0.1306980808348115,0,0,5.655122655122655,16.25824080449533,ITGB7;DYNLL1,Hspa8,GO_Cellular_Component_2023,top100
GO_Cellular_Component_2023,Extracellular Vesicle (GO:1903561),1/60,0.058347071283324,0.1306980808348115,0,0,17.770740410347905,50.492824203227855,DNAJC3,Hspa8,GO_Cellular_Component_2023,top100
GO_Cellular_Component_2023,Ficolin-1-Rich Granule Membrane (GO:0101003),1/60,0.058347071283324,0.1306980808348115,0,0,17.770740410347905,50.492824203227855,DYNLL1,Hspa8,GO_Cellular_Component_2023,top100
GO_Cellular_Component_2023,Cell-Substrate Junction (GO:0030055),2/395,0.0585011948892997,0.1306980808348115,0,0,5.5377438507209495,15.72003832196913,ITGB7;DYNLL1,Hspa8,GO_Cellular_Component_2023,top100
GO_Cellular_Component_2023,Ribosome (GO:0005840),1/61,0.0592915555925576,0.1306980808348115,0,0,17.473684210526315,49.3681970360476,NUFIP2,Hspa8,GO_Cellular_Component_2023,top100
GO_Cellular_Component_2023,Caveola (GO:0005901),1/62,0.0602351399190365,0.1306980808348115,0,0,17.186367558239862,48.28508895429952,DYNLL1,Hspa8,GO_Cellular_Component_2023,top100
GO_Cellular_Component_2023,Cortical Cytoskeleton (GO:0030863),1/63,0.0611778250716139,0.1306980808348115,0,0,16.908319185059423,47.24134484792992,DYNLL1,Hspa8,GO_Cellular_Component_2023,top100
GO_Cellular_Component_2023,Tertiary Granule Membrane (GO:0070821),1/72,0.0696216623496152,0.1398547971977986,0,0,14.758339510748703,39.32624503481652,DYNLL1,Hspa8,GO_Cellular_Component_2023,top100
GO_Cellular_Component_2023,Extrinsic Component Of Cytoplasmic Side Of Plasma Membrane (GO:0031234),1/77,0.0742814572247087,0.1398547971977986,0,0,13.78393351800554,35.8367650118558,GRAMD1A,Hspa8,GO_Cellular_Component_2023,top100
GO_Cellular_Component_2023,Plasma Membrane Raft (GO:0044853),1/82,0.0789190752282122,0.1398547971977986,0,0,12.929824561403509,32.8331213455501,DYNLL1,Hspa8,GO_Cellular_Component_2023,top100
GO_Cellular_Component_2023,P-body (GO:0000932),1/83,0.0798439464103719,0.1398547971977986,0,0,12.771501925545572,32.28228555834262,YTHDF3,Hspa8,GO_Cellular_Component_2023,top100
GO_Cellular_Component_2023,Lysosomal Lumen (GO:0043202),1/86,0.0826132694677771,0.1398547971977986,0,0,12.318885448916408,30.718187529247054,HSP90AA1,Hspa8,GO_Cellular_Component_2023,top100
GO_Cellular_Component_2023,Azurophil Granule Lumen (GO:0035578),1/89,0.0853746735440269,0.1398547971977986,0,0,11.897129186602871,29.27533461302574,DNAJC3,Hspa8,GO_Cellular_Component_2023,top100
GO_Cellular_Component_2023,Specific Granule Membrane (GO:0035579),1/90,0.0862933855050247,0.1398547971977986,0,0,11.762862211709049,28.81903981668561,ITGAL,Hspa8,GO_Cellular_Component_2023,top100
GO_Cellular_Component_2023,Cytoplasmic Side Of Plasma Membrane (GO:0009898),1/124,0.1170131002125961,0.1810822741016963,0,0,8.496790757381259,18.22960442221716,GRAMD1A,Hspa8,GO_Cellular_Component_2023,top100
GO_Cellular_Component_2023,Cytoskeleton (GO:0005856),2/599,0.1194372446202678,0.1810822741016963,0,0,3.6074818537130096,7.66576977386968,DNAJA1;DYNLL1,Hspa8,GO_Cellular_Component_2023,top100
GO_Cellular_Component_2023,Mitotic Spindle (GO:0072686),1/143,0.1337499897609051,0.1964452974613293,0,0,7.3528539659006675,14.792346387731271,DYNLL1,Hspa8,GO_Cellular_Component_2023,top100
GO_Cellular_Component_2023,Azurophil Granule (GO:0042582),1/155,0.1441648985018541,0.2016772830861246,0,0,6.775803144224197,13.123358631426164,DNAJC3,Hspa8,GO_Cellular_Component_2023,top100
GO_Cellular_Component_2023,Specific Granule (GO:0042581),1/159,0.1476100199777224,0.2016772830861246,0,0,6.602931379080613,12.632606048584067,ITGAL,Hspa8,GO_Cellular_Component_2023,top100
GO_Cellular_Component_2023,Tertiary Granule (GO:0070820),1/162,0.1501852108088162,0.2016772830861246,0,0,6.478914677999346,12.283283683900576,DYNLL1,Hspa8,GO_Cellular_Component_2023,top100
GO_Cellular_Component_2023,Membrane Raft (GO:0045121),1/169,0.1561652770251732,0.2038824450050873,0,0,6.206766917293233,11.524975344842169,DYNLL1,Hspa8,GO_Cellular_Component_2023,top100
GO_Cellular_Component_2023,Endoplasmic Reticulum Membrane (GO:0005789),2/801,0.1899825613024312,0.2354903894108978,0,0,2.6673619802530943,4.43001610919938,DNAJA1;GRAMD1A,Hspa8,GO_Cellular_Component_2023,top100
GO_Cellular_Component_2023,Spindle (GO:0005819),1/210,0.1903964850556194,0.2354903894108978,0,0,4.9788466381264165,8.258147136064768,DYNLL1,Hspa8,GO_Cellular_Component_2023,top100
GO_Cellular_Component_2023,Vesicle (GO:0031982),1/235,0.2106172849722148,0.253820830607541,0,0,4.441295546558704,6.918262067655786,DNAJC3,Hspa8,GO_Cellular_Component_2023,top100
GO_Cellular_Component_2023,Cilium (GO:0005929),1/257,0.2280138519188525,0.2679162760046518,0,0,4.055098684210527,5.994850670447606,DYNLL1,Hspa8,GO_Cellular_Component_2023,top100
GO_Cellular_Component_2023,Endoplasmic Reticulum Lumen (GO:0005788),1/284,0.2488665952413865,0.2852860969840284,0,0,3.663195090198996,5.094911988492453,DNAJC3,Hspa8,GO_Cellular_Component_2023,top100
GO_Cellular_Component_2023,Actin Cytoskeleton (GO:0015629),1/327,0.2809756474487896,0.3081345237291535,0,0,3.173070713593801,4.028172900840054,DYNLL1,Hspa8,GO_Cellular_Component_2023,top100
GO_Cellular_Component_2023,Nucleus (GO:0005634),6/4487,0.2819103089436937,0.3081345237291535,0,0,1.4823540663754902,1.8769067813377496,HSP90AA1;HSP90AB1;HSPH1;NUFIP2;CACYBP;DYNLL1,Hspa8,GO_Cellular_Component_2023,top100
GO_Cellular_Component_2023,Microtubule Cytoskeleton (GO:0015630),1/342,0.291866431087855,0.3117664150256633,0,0,3.0311776508720483,3.7327710264919576,DNAJA1,Hspa8,GO_Cellular_Component_2023,top100
GO_Cellular_Component_2023,Lysosome (GO:0005764),1/503,0.399310787287629,0.4170579333893014,0,0,2.042147200671,1.874722272514952,HSP90AA1,Hspa8,GO_Cellular_Component_2023,top100
GO_Cellular_Component_2023,Intracellular Membrane-Bounded Organelle (GO:0043231),6/5175,0.4183857711880775,0.4274811140399923,0,0,1.2280076278915513,1.0700261344430584,HSP90AA1;HSP90AB1;HSPH1;NUFIP2;CACYBP;DYNLL1,Hspa8,GO_Cellular_Component_2023,top100
GO_Cellular_Component_2023,Intracellular Non-Membrane-Bounded Organelle (GO:0043232),1/1195,0.7085219677639155,0.7085219677639155,0,0,0.8280878074583443,0.285337705637837,DYNLL1,Hspa8,GO_Cellular_Component_2023,top100
