Gene_set,Term,Overlap,P-value,Adjusted P-value,Old P-value,Old Adjusted P-value,Odds Ratio,Combined Score,Genes,Reference_Gene,Gene_Set_Library,Method
GO_Molecular_Function_2023,DNA Polymerase Binding (GO:0070182),2/19,0.0001608034054265043,0.0050597828975925,0,0,130.47712418300654,1139.760479290825,HSP90AA1;HSP90AB1,Hspa8,GO_Molecular_Function_2023,top100
GO_Molecular_Function_2023,Disordered Domain Specific Binding (GO:0097718),2/23,0.0002373444131594564,0.0050597828975925,0,0,105.6031746031746,881.3639106067293,HSP90AA1;HSP90AB1,Hspa8,GO_Molecular_Function_2023,top100
GO_Molecular_Function_2023,MHC Class II Protein Complex Binding (GO:0023026),2/25,0.0002810990498662536,0.0050597828975925,0,0,96.41062801932368,788.3307567801231,HSP90AA1;HSP90AB1,Hspa8,GO_Molecular_Function_2023,top100
GO_Molecular_Function_2023,Tau Protein Binding (GO:0048156),2/39,0.0006885154392429702,0.00929495842978,0,0,59.888888888888886,436.0493719555131,HSP90AA1;HSP90AB1,Hspa8,GO_Molecular_Function_2023,top100
GO_Molecular_Function_2023,Ubiquitin Protein Ligase Binding (GO:0031625),3/271,0.002364603011625,0.025533355375816,0,0,12.97980684811238,78.49077578166657,DNAJA1;HSP90AA1;HSP90AB1,Hspa8,GO_Molecular_Function_2023,top100
GO_Molecular_Function_2023,Ubiquitin-Like Protein Ligase Binding (GO:0044389),3/289,0.0028370394862017,0.025533355375816,0,0,12.151789387083504,71.27017433511101,DNAJA1;HSP90AA1;HSP90AB1,Hspa8,GO_Molecular_Function_2023,top100
GO_Molecular_Function_2023,Histone Deacetylase Binding (GO:0042826),2/99,0.0043484089895178,0.0335448693477093,0,0,22.77548682703322,123.85185041479878,HSP90AA1;HSP90AB1,Hspa8,GO_Molecular_Function_2023,top100
GO_Molecular_Function_2023,L-serine Transmembrane Transporter Activity (GO:0015194),1/6,0.0059856908667451,0.0369487564971389,0,0,210.26315789473685,1076.2074808846232,SLC38A2,Hspa8,GO_Molecular_Function_2023,top100
GO_Molecular_Function_2023,Neutral L-amino Acid:Sodium Symporter Activity (GO:0005295),1/7,0.0069799958941807,0.0369487564971389,0,0,175.21052631578948,869.8689177892479,SLC38A2,Hspa8,GO_Molecular_Function_2023,top100
GO_Molecular_Function_2023,L-glutamine Transmembrane Transporter Activity (GO:0015186),1/8,0.0079733565142536,0.0369487564971389,0,0,150.17293233082708,725.5830081396662,SLC38A2,Hspa8,GO_Molecular_Function_2023,top100
GO_Molecular_Function_2023,Serine Transmembrane Transporter Activity (GO:0022889),1/8,0.0079733565142536,0.0369487564971389,0,0,150.17293233082708,725.5830081396662,SLC38A2,Hspa8,GO_Molecular_Function_2023,top100
GO_Molecular_Function_2023,Amino Acid:Monoatomic Cation Symporter Activity (GO:0005416),1/9,0.0089657734963174,0.0369487564971389,0,0,131.39473684210526,619.439581424405,SLC38A2,Hspa8,GO_Molecular_Function_2023,top100
GO_Molecular_Function_2023,Tat Protein Binding (GO:0030957),1/9,0.0089657734963174,0.0369487564971389,0,0,131.39473684210526,619.439581424405,DNAJA1,Hspa8,GO_Molecular_Function_2023,top100
GO_Molecular_Function_2023,N6-methyladenosine-containing RNA Binding (GO:1990247),1/10,0.0099572476243861,0.0369487564971389,0,0,116.78947368421052,538.3357753631753,YTHDF3,Hspa8,GO_Molecular_Function_2023,top100
GO_Molecular_Function_2023,Organic Acid:Sodium Symporter Activity (GO:0005343),1/11,0.0109477797028559,0.0369487564971389,0,0,105.10526315789474,474.5101770765117,SLC38A2,Hspa8,GO_Molecular_Function_2023,top100
GO_Molecular_Function_2023,Histone Methyltransferase Binding (GO:1990226),1/11,0.0109477797028559,0.0369487564971389,0,0,105.10526315789474,474.5101770765117,HSP90AB1,Hspa8,GO_Molecular_Function_2023,top100
GO_Molecular_Function_2023,Alanine Transmembrane Transporter Activity (GO:0022858),1/14,0.01391373176082,0.04419655971084,0,0,80.83805668016194,345.57291333057793,SLC38A2,Hspa8,GO_Molecular_Function_2023,top100
GO_Molecular_Function_2023,Acidic Amino Acid Transmembrane Transporter Activity (GO:0015172),1/15,0.0149005037888985,0.0447015113666957,0,0,75.06015037593986,315.7300332957057,SLC38A2,Hspa8,GO_Molecular_Function_2023,top100
GO_Molecular_Function_2023,Cholesterol Transfer Activity (GO:0120020),1/18,0.0178551954764704,0.0482090277864701,0,0,61.80495356037152,248.79341471282052,GRAMD1A,Hspa8,GO_Molecular_Function_2023,top100
GO_Molecular_Function_2023,Amino Acid:Sodium Symporter Activity (GO:0005283),1/18,0.0178551954764704,0.0482090277864701,0,0,61.80495356037152,248.79341471282052,SLC38A2,Hspa8,GO_Molecular_Function_2023,top100
GO_Molecular_Function_2023,Sterol Transfer Activity (GO:0120015),1/19,0.0188382206720142,0.0484411388708938,0,0,58.36842105263158,231.8316321803268,GRAMD1A,Hspa8,GO_Molecular_Function_2023,top100
GO_Molecular_Function_2023,Low-Density Lipoprotein Particle Receptor Binding (GO:0050750),1/22,0.0217816918149241,0.0534388308035246,0,0,50.02255639097744,191.42059056605152,DNAJA1,Hspa8,GO_Molecular_Function_2023,top100
GO_Molecular_Function_2023,N-acetyltransferase Activity (GO:0008080),1/23,0.0227609834903901,0.0534388308035246,0,0,47.74641148325359,180.6107068727385,SLC38A2,Hspa8,GO_Molecular_Function_2023,top100
GO_Molecular_Function_2023,Lipoprotein Particle Receptor Binding (GO:0070325),1/27,0.0266688455361458,0.0561912934044751,0,0,40.392712550607285,146.39366123411943,DNAJA1,Hspa8,GO_Molecular_Function_2023,top100
GO_Molecular_Function_2023,Acetyltransferase Activity (GO:0016407),1/27,0.0266688455361458,0.0561912934044751,0,0,40.392712550607285,146.39366123411943,SLC38A2,Hspa8,GO_Molecular_Function_2023,top100
GO_Molecular_Function_2023,Protein Homodimerization Activity (GO:0042803),3/662,0.0270550671947472,0.0561912934044751,0,0,5.173881995893957,18.677098128281514,HSP90AA1;HSP90AB1;CACYBP,Hspa8,GO_Molecular_Function_2023,top100
GO_Molecular_Function_2023,SH2 Domain Binding (GO:0042169),1/31,0.0305618601074184,0.0602255400815056,0,0,35.0,122.08008572013848,DYNLL1,Hspa8,GO_Molecular_Function_2023,top100
GO_Molecular_Function_2023,ATP Binding (GO:0005524),2/279,0.0312280578200399,0.0602255400815056,0,0,7.903329322101885,27.396403453174507,HSP90AA1;HSP90AB1,Hspa8,GO_Molecular_Function_2023,top100
GO_Molecular_Function_2023,Hsp70 Protein Binding (GO:0030544),1/34,0.0334719094011011,0.060249436921982,0,0,31.8133971291866,108.07165990908112,DNAJA1,Hspa8,GO_Molecular_Function_2023,top100
GO_Molecular_Function_2023,Kinase Inhibitor Activity (GO:0019210),1/34,0.0334719094011011,0.060249436921982,0,0,31.8133971291866,108.07165990908112,DNAJC3,Hspa8,GO_Molecular_Function_2023,top100
GO_Molecular_Function_2023,N-acyltransferase Activity (GO:0016410),1/37,0.0363736593292806,0.0633605678639081,0,0,29.157894736842103,96.62665093408292,SLC38A2,Hspa8,GO_Molecular_Function_2023,top100
GO_Molecular_Function_2023,Adenyl Ribonucleotide Binding (GO:0032559),2/309,0.0376423882471722,0.0635215301671031,0,0,7.120159247195078,23.351448828951337,HSP90AA1;HSP90AB1,Hspa8,GO_Molecular_Function_2023,top100
GO_Molecular_Function_2023,Neutral L-amino Acid Transmembrane Transporter Activity (GO:0015175),1/41,0.0402297877766736,0.065830561816375,0,0,26.23684210526316,84.30284540999916,SLC38A2,Hspa8,GO_Molecular_Function_2023,top100
GO_Molecular_Function_2023,Protein Kinase Inhibitor Activity (GO:0004860),1/45,0.044071254437806,0.0699955217541624,0,0,23.84688995215311,74.44873932423765,DNAJC3,Hspa8,GO_Molecular_Function_2023,top100
GO_Molecular_Function_2023,RNA Binding (GO:0003723),4/1411,0.0481978904713929,0.0732788249730416,0,0,3.300106609808102,10.007375370471324,HSP90AA1;HSP90AB1;NUFIP2;YTHDF3,Hspa8,GO_Molecular_Function_2023,top100
GO_Molecular_Function_2023,Cholesterol Binding (GO:0015485),1/50,0.0488525499820277,0.0732788249730416,0,0,21.40816326530612,64.63014669364038,GRAMD1A,Hspa8,GO_Molecular_Function_2023,top100
GO_Molecular_Function_2023,Amino Acid Transmembrane Transporter Activity (GO:0015171),1/56,0.0545601179499192,0.079479257792426,0,0,19.066985645933013,55.45541451142644,SLC38A2,Hspa8,GO_Molecular_Function_2023,top100
GO_Molecular_Function_2023,Sterol Binding (GO:0032934),1/59,0.0574016861834188,0.079479257792426,0,0,18.07803992740472,51.661282065881295,GRAMD1A,Hspa8,GO_Molecular_Function_2023,top100
GO_Molecular_Function_2023,Carboxylic Acid Transmembrane Transporter Activity (GO:0046943),1/59,0.0574016861834188,0.079479257792426,0,0,18.07803992740472,51.661282065881295,SLC38A2,Hspa8,GO_Molecular_Function_2023,top100
GO_Molecular_Function_2023,L-amino Acid Transmembrane Transporter Activity (GO:0015179),1/63,0.0611778250716139,0.0825900638466787,0,0,16.908319185059423,47.24134484792992,SLC38A2,Hspa8,GO_Molecular_Function_2023,top100
GO_Molecular_Function_2023,Double-Stranded RNA Binding (GO:0003725),1/65,0.0630605011079274,0.0830552941421483,0,0,16.37828947368421,45.26403459739593,HSP90AB1,Hspa8,GO_Molecular_Function_2023,top100
GO_Molecular_Function_2023,Kinase Binding (GO:0019900),2/460,0.0763833668513782,0.0980292512739316,0,0,4.736050460941291,12.181075930539771,DNAJC3;HSP90AB1,Hspa8,GO_Molecular_Function_2023,top100
GO_Molecular_Function_2023,Purine Ribonucleoside Triphosphate Binding (GO:0035639),2/476,0.0810288899615929,0.0980292512739316,0,0,4.572433192686357,11.490293804600494,HSP90AA1;HSP90AB1,Hspa8,GO_Molecular_Function_2023,top100
GO_Molecular_Function_2023,Protein Tyrosine Kinase Binding (GO:1990782),1/85,0.0816910427282763,0.0980292512739316,0,0,12.466165413533837,31.225387249064404,HSP90AA1,Hspa8,GO_Molecular_Function_2023,top100
GO_Molecular_Function_2023,Ribosome Binding (GO:0043022),1/85,0.0816910427282763,0.0980292512739316,0,0,12.466165413533837,31.225387249064404,YTHDF3,Hspa8,GO_Molecular_Function_2023,top100
GO_Molecular_Function_2023,Protein Kinase Binding (GO:0019901),2/511,0.0914948760655273,0.1074070284247495,0,0,4.250382012660992,10.164670879798164,DNAJC3;HSP90AA1,Hspa8,GO_Molecular_Function_2023,top100
GO_Molecular_Function_2023,Protein Kinase Regulator Activity (GO:0019887),1/103,0.0981571479706876,0.1127762976684496,0,0,10.256965944272446,23.808320971600697,DNAJC3,Hspa8,GO_Molecular_Function_2023,top100
GO_Molecular_Function_2023,G Protein-Coupled Receptor Binding (GO:0001664),1/140,0.1311275119680028,0.1475184509640031,0,0,7.512684589170768,15.262657737297207,DNAJA1,Hspa8,GO_Molecular_Function_2023,top100
GO_Molecular_Function_2023,GTPase Activator Activity (GO:0005096),1/211,0.1912146784670498,0.2107263803514426,0,0,4.954887218045113,8.197159840645964,DYNLL1,Hspa8,GO_Molecular_Function_2023,top100
GO_Molecular_Function_2023,GTPase Binding (GO:0051020),1/225,0.2025872256013588,0.2170634351118979,0,0,4.6419172932330826,7.411214321535025,HSP90AA1,Hspa8,GO_Molecular_Function_2023,top100
GO_Molecular_Function_2023,RNA Polymerase II-specific DNA-binding Transcription Factor Binding (GO:0061629),1/228,0.2050043553834591,0.2170634351118979,0,0,4.579874797124971,7.257837756669995,DNAJA1,Hspa8,GO_Molecular_Function_2023,top100
GO_Molecular_Function_2023,mRNA Binding (GO:0003729),1/282,0.2473404855024508,0.256853581098699,0,0,3.689642255103952,5.154391148859824,YTHDF3,Hspa8,GO_Molecular_Function_2023,top100
GO_Molecular_Function_2023,Cadherin Binding (GO:0045296),1/319,0.2751023557551568,0.2802929662411032,0,0,3.254220456802383,4.199936127810808,HSP90AB1,Hspa8,GO_Molecular_Function_2023,top100
GO_Molecular_Function_2023,GTPase Regulator Activity (GO:0030695),1/424,0.3486863847142679,0.3486863847142679,0,0,2.433370660694289,2.5637564324223114,DYNLL1,Hspa8,GO_Molecular_Function_2023,top100
