Gene_set,Term,Overlap,P-value,Adjusted P-value,Old P-value,Old Adjusted P-value,Odds Ratio,Combined Score,Genes,Reference_Gene,Gene_Set_Library,Method
GO_Biological_Process_2023,Response To Unfolded Protein (GO:0006986),4/44,9.617829204733133e-08,2.289043350726485e-05,0,0,124.625,2013.573871581848,DNAJA1;HSP90AA1;HSP90AB1;HSPH1,Hspa8,GO_Biological_Process_2023,top100
GO_Biological_Process_2023,Positive Regulation Of Tau-Protein Kinase Activity (GO:1902949),2/5,9.482777500558208e-06,0.0011284505225664,0,0,739.8888888888889,8557.579526684436,HSP90AA1;HSP90AB1,Hspa8,GO_Biological_Process_2023,top100
GO_Biological_Process_2023,Regulation Of Tau-Protein Kinase Activity (GO:1902947),2/9,3.405659800132413e-05,0.0027018234414383,0,0,317.031746031746,3261.459893047559,HSP90AA1;HSP90AB1,Hspa8,GO_Biological_Process_2023,top100
GO_Biological_Process_2023,Central Nervous System Neuron Axonogenesis (GO:0021955),2/11,5.196871583395421e-05,0.0030921385921202,0,0,246.55555555555557,2432.238167772633,HSP90AA1;HSP90AB1,Hspa8,GO_Biological_Process_2023,top100
GO_Biological_Process_2023,Central Nervous System Neuron Development (GO:0021954),2/17,0.0001280437171265482,0.0042675871634734,0,0,147.88888888888889,1325.548639908665,HSP90AA1;HSP90AB1,Hspa8,GO_Biological_Process_2023,top100
GO_Biological_Process_2023,Telomere Maintenance Via Telomerase (GO:0007004),2/19,0.0001608034054265043,0.0042675871634734,0,0,130.47712418300654,1139.760479290825,HSP90AA1;HSP90AB1,Hspa8,GO_Biological_Process_2023,top100
GO_Biological_Process_2023,RNA-templated DNA Biosynthetic Process (GO:0006278),2/19,0.0001608034054265043,0.0042675871634734,0,0,130.47712418300654,1139.760479290825,HSP90AA1;HSP90AB1,Hspa8,GO_Biological_Process_2023,top100
GO_Biological_Process_2023,Receptor Clustering (GO:0043113),2/19,0.0001608034054265043,0.0042675871634734,0,0,130.47712418300654,1139.760479290825,ITGB7;ITGAL,Hspa8,GO_Biological_Process_2023,top100
GO_Biological_Process_2023,Cell-Matrix Adhesion (GO:0007160),3/109,0.00016778039954187316,0.0042675871634734,0,0,33.086570477247506,287.6167456833332,ITGB7;DYNLL1;ITGAL,Hspa8,GO_Biological_Process_2023,top100
GO_Biological_Process_2023,Regulation Of Protein Ubiquitination (GO:0031396),3/113,0.00018664631260868848,0.0042675871634734,0,0,31.877005347593585,273.70537508790994,DNAJA1;HSP90AA1;HSP90AB1,Hspa8,GO_Biological_Process_2023,top100
GO_Biological_Process_2023,Chaperone-Mediated Protein Complex Assembly (GO:0051131),2/21,0.000197241423521882,0.0042675871634734,0,0,116.7309941520468,995.841692324286,HSP90AA1;HSP90AB1,Hspa8,GO_Biological_Process_2023,top100
GO_Biological_Process_2023,Axon Extension (GO:0048675),2/23,0.0002373444131594564,0.0047073308609958,0,0,105.6031746031746,881.3639106067293,HSP90AA1;HSP90AB1,Hspa8,GO_Biological_Process_2023,top100
GO_Biological_Process_2023,Telomere Maintenance Via Telomere Lengthening (GO:0010833),2/26,0.00030434158117427734,0.0055717920245752,0,0,92.38888888888889,748.1060808668657,HSP90AA1;HSP90AB1,Hspa8,GO_Biological_Process_2023,top100
GO_Biological_Process_2023,Positive Regulation Of Nitric Oxide Biosynthetic Process (GO:0045429),2/27,0.0003284920428102522,0.0055843647277742,0,0,88.68888888888888,711.3733953565135,HSP90AA1;HSP90AB1,Hspa8,GO_Biological_Process_2023,top100
GO_Biological_Process_2023,Positive Regulation Of Nitric Oxide Metabolic Process (GO:1904407),2/28,0.0003535487787187227,0.005609640622337,0,0,85.27350427350427,677.710245242856,HSP90AA1;HSP90AB1,Hspa8,GO_Biological_Process_2023,top100
GO_Biological_Process_2023,Regulation Of Protein Modification By Small Protein Conjugation Or Removal (GO:1903320),2/29,0.0003795101348772626,0.0056452132562992,0,0,82.11111111111111,646.758779988934,HSP90AA1;HSP90AB1,Hspa8,GO_Biological_Process_2023,top100
GO_Biological_Process_2023,Positive Regulation Of Protein Dephosphorylation (GO:0035307),2/33,0.0004923687563769557,0.0065102091120953,0,0,71.50179211469533,544.5778563946176,HSP90AB1;DYNLL1,Hspa8,GO_Biological_Process_2023,top100
GO_Biological_Process_2023,Positive Regulation Of Telomerase Activity (GO:0051973),2/33,0.0004923687563769557,0.0065102091120953,0,0,71.50179211469533,544.5778563946176,HSP90AA1;HSP90AB1,Hspa8,GO_Biological_Process_2023,top100
GO_Biological_Process_2023,Positive Regulation Of Cellular Biosynthetic Process (GO:0031328),3/174,0.0006616665494226945,0.0078031749780869,0,0,20.44272445820433,149.6560511738449,HSP90AA1;HSP90AB1;YTHDF3,Hspa8,GO_Biological_Process_2023,top100
GO_Biological_Process_2023,Neuron Projection Extension (GO:1990138),2/39,0.0006885154392429702,0.0078031749780869,0,0,59.888888888888886,436.0493719555131,HSP90AA1;HSP90AB1,Hspa8,GO_Biological_Process_2023,top100
GO_Biological_Process_2023,Regulation Of Nitric Oxide Biosynthetic Process (GO:0045428),2/39,0.0006885154392429702,0.0078031749780869,0,0,59.888888888888886,436.0493719555131,HSP90AA1;HSP90AB1,Hspa8,GO_Biological_Process_2023,top100
GO_Biological_Process_2023,Cellular Response To Heat (GO:0034605),2/40,0.0007243190568082219,0.0078358152509253,0,0,58.30994152046784,421.5971209696659,HSP90AA1;HSP90AB1,Hspa8,GO_Biological_Process_2023,top100
GO_Biological_Process_2023,Regulation Of Telomerase Activity (GO:0051972),2/45,0.0009165786855226654,0.0094845968327997,0,0,51.51679586563308,360.3529107334306,HSP90AA1;HSP90AB1,Hspa8,GO_Biological_Process_2023,top100
GO_Biological_Process_2023,Regulation Of Translational Initiation (GO:0006446),2/65,0.0019028153491433,0.0181148021238442,0,0,35.12698412698413,220.05020743610217,DNAJC3;YTHDF3,Hspa8,GO_Biological_Process_2023,top100
GO_Biological_Process_2023,Positive Regulation Of DNA Biosynthetic Process (GO:2000573),2/65,0.0019028153491433,0.0181148021238442,0,0,35.12698412698413,220.05020743610217,HSP90AA1;HSP90AB1,Hspa8,GO_Biological_Process_2023,top100
GO_Biological_Process_2023,Regulation Of Cellular Localization (GO:0060341),2/72,0.0023284906232039,0.0213146449354821,0,0,31.603174603174605,191.59535285451057,HSP90AA1;HSP90AB1,Hspa8,GO_Biological_Process_2023,top100
GO_Biological_Process_2023,Integrin-Mediated Signaling Pathway (GO:0007229),2/85,0.0032270347482887,0.0284457137071376,0,0,26.63587684069612,152.78849293856263,ITGB7;ITGAL,Hspa8,GO_Biological_Process_2023,top100
GO_Biological_Process_2023,Positive Regulation Of Peptidyl-Serine Phosphorylation (GO:0033138),2/89,0.0035313354289598,0.0300163511461589,0,0,25.406130268199234,143.44502292528725,HSP90AA1;HSP90AB1,Hspa8,GO_Biological_Process_2023,top100
GO_Biological_Process_2023,Positive Regulation Of Protein Kinase B Signaling (GO:0051897),2/93,0.0038485584136363,0.0305318967481815,0,0,24.284493284493283,135.02315810678772,HSP90AA1;HSP90AB1,Hspa8,GO_Biological_Process_2023,top100
GO_Biological_Process_2023,Regulation Of Peptidyl-Serine Phosphorylation (GO:0033135),2/93,0.0038485584136363,0.0305318967481815,0,0,24.284493284493283,135.02315810678772,HSP90AA1;HSP90AB1,Hspa8,GO_Biological_Process_2023,top100
GO_Biological_Process_2023,Regulation Of Protein Localization (GO:0032880),2/97,0.0041786061661169,0.0320809118559947,0,0,23.257309941520468,127.39837006488538,HSP90AA1;HSP90AB1,Hspa8,GO_Biological_Process_2023,top100
GO_Biological_Process_2023,Regulation Of NK T Cell Activation (GO:0051133),1/5,0.0049904406959516,0.0371164026761404,0,0,262.8421052631579,1393.123889480945,HSPH1,Hspa8,GO_Biological_Process_2023,top100
GO_Biological_Process_2023,Negative Regulation Of Establishment Of Protein Localization To Mitochondrion (GO:1903748),1/6,0.0059856908667451,0.0395720673968152,0,0,210.26315789473685,1076.2074808846232,DNAJA1,Hspa8,GO_Biological_Process_2023,top100
GO_Biological_Process_2023,Polyamine Biosynthetic Process (GO:0006596),1/6,0.0059856908667451,0.0395720673968152,0,0,210.26315789473685,1076.2074808846232,SLC38A2,Hspa8,GO_Biological_Process_2023,top100
GO_Biological_Process_2023,Regulation Of MHC Class I Biosynthetic Process (GO:0045343),1/6,0.0059856908667451,0.0395720673968152,0,0,210.26315789473685,1076.2074808846232,HSPH1,Hspa8,GO_Biological_Process_2023,top100
GO_Biological_Process_2023,Serine Transport (GO:0032329),1/6,0.0059856908667451,0.0395720673968152,0,0,210.26315789473685,1076.2074808846232,SLC38A2,Hspa8,GO_Biological_Process_2023,top100
GO_Biological_Process_2023,Positive Regulation Of Macromolecule Biosynthetic Process (GO:0010557),2/122,0.0065259614572547,0.0405180249467079,0,0,18.38888888888889,92.53228181387864,HSPH1;YTHDF3,Hspa8,GO_Biological_Process_2023,top100
GO_Biological_Process_2023,Spermidine Metabolic Process (GO:0008216),1/7,0.0069799958941807,0.0405180249467079,0,0,175.21052631578948,869.8689177892479,SLC38A2,Hspa8,GO_Biological_Process_2023,top100
GO_Biological_Process_2023,Regulation Of Establishment Of Protein Localization To Mitochondrion (GO:1903747),1/7,0.0069799958941807,0.0405180249467079,0,0,175.21052631578948,869.8689177892479,DNAJA1,Hspa8,GO_Biological_Process_2023,top100
GO_Biological_Process_2023,Regulation Of Transforming Growth Factor Beta Activation (GO:1901388),1/7,0.0069799958941807,0.0405180249467079,0,0,175.21052631578948,869.8689177892479,HSP90AB1,Hspa8,GO_Biological_Process_2023,top100
GO_Biological_Process_2023,Positive Regulation Of Execution Phase Of Apoptosis (GO:1900119),1/7,0.0069799958941807,0.0405180249467079,0,0,175.21052631578948,869.8689177892479,DYNLL1,Hspa8,GO_Biological_Process_2023,top100
GO_Biological_Process_2023,Glutamine Transport (GO:0006868),1/8,0.0079733565142536,0.0435376565071172,0,0,150.17293233082708,725.5830081396662,SLC38A2,Hspa8,GO_Biological_Process_2023,top100
GO_Biological_Process_2023,Proline Transport (GO:0015824),1/8,0.0079733565142536,0.0435376565071172,0,0,150.17293233082708,725.5830081396662,SLC38A2,Hspa8,GO_Biological_Process_2023,top100
GO_Biological_Process_2023,Regulation Of Protein Kinase B Signaling (GO:0051896),2/136,0.0080489785139208,0.0435376565071172,0,0,16.456053067993366,79.35454511781225,HSP90AA1;HSP90AB1,Hspa8,GO_Biological_Process_2023,top100
GO_Biological_Process_2023,Positive Regulation Of Transferase Activity (GO:0051347),2/143,0.0088649770095239,0.0451441007629326,0,0,15.63356973995272,73.87873089122361,HSP90AA1;HSP90AB1,Hspa8,GO_Biological_Process_2023,top100
GO_Biological_Process_2023,Negative Regulation Of Establishment Of Protein Localization (GO:1904950),1/9,0.0089657734963174,0.0451441007629326,0,0,131.39473684210526,619.439581424405,DNAJA1,Hspa8,GO_Biological_Process_2023,top100
GO_Biological_Process_2023,Negative Regulation Of Transforming Growth Factor Beta Production (GO:0071635),1/9,0.0089657734963174,0.0451441007629326,0,0,131.39473684210526,619.439581424405,HSP90AB1,Hspa8,GO_Biological_Process_2023,top100
GO_Biological_Process_2023,Positive Regulation Of Protein Kinase Activity (GO:0045860),2/145,0.0091046925908435,0.0451441007629326,0,0,15.413364413364413,72.42686498237548,HSP90AA1;HSP90AB1,Hspa8,GO_Biological_Process_2023,top100
GO_Biological_Process_2023,protein-RNA Complex Assembly (GO:0022618),2/150,0.0097166464818749,0.0471951400548212,0,0,14.88888888888889,68.99384156820626,HSP90AA1;HSP90AB1,Hspa8,GO_Biological_Process_2023,top100
GO_Biological_Process_2023,Cellular Response To Cholesterol (GO:0071397),1/10,0.0099572476243861,0.0473964986920782,0,0,116.78947368421052,538.3357753631753,GRAMD1A,Hspa8,GO_Biological_Process_2023,top100
GO_Biological_Process_2023,Polyamine Metabolic Process (GO:0006595),1/11,0.0109477797028559,0.0491617277222589,0,0,105.10526315789474,474.5101770765117,SLC38A2,Hspa8,GO_Biological_Process_2023,top100
GO_Biological_Process_2023,Negative Regulation Of Nitrogen Compound Metabolic Process (GO:0051172),1/11,0.0109477797028559,0.0491617277222589,0,0,105.10526315789474,474.5101770765117,HSP90AB1,Hspa8,GO_Biological_Process_2023,top100
GO_Biological_Process_2023,Biogenic Amine Biosynthetic Process (GO:0042401),1/11,0.0109477797028559,0.0491617277222589,0,0,105.10526315789474,474.5101770765117,SLC38A2,Hspa8,GO_Biological_Process_2023,top100
GO_Biological_Process_2023,Positive Regulation Of Protein Localization To Cell Surface (GO:2000010),1/12,0.0119373705403343,0.0507338247964209,0,0,95.54545454545456,423.0830518492731,HSP90AB1,Hspa8,GO_Biological_Process_2023,top100
GO_Biological_Process_2023,Alanine Transport (GO:0032328),1/12,0.0119373705403343,0.0507338247964209,0,0,95.54545454545456,423.0830518492731,SLC38A2,Hspa8,GO_Biological_Process_2023,top100
GO_Biological_Process_2023,Negative Regulation Of JUN Kinase Activity (GO:0043508),1/12,0.0119373705403343,0.0507338247964209,0,0,95.54545454545456,423.0830518492731,DNAJA1,Hspa8,GO_Biological_Process_2023,top100
GO_Biological_Process_2023,Heart Development (GO:0007507),2/171,0.0124808418461157,0.051273216446479,0,0,13.024983563445105,57.09580297600449,CACYBP;DYNLL1,Hspa8,GO_Biological_Process_2023,top100
GO_Biological_Process_2023,Regulation Of Response To Stress (GO:0080134),1/13,0.0129260209528938,0.051273216446479,0,0,87.57894736842105,380.8381798737429,SLC38A2,Hspa8,GO_Biological_Process_2023,top100
GO_Biological_Process_2023,Regulation Of Trophoblast Cell Migration (GO:1901163),1/13,0.0129260209528938,0.051273216446479,0,0,87.57894736842105,380.8381798737429,YTHDF3,Hspa8,GO_Biological_Process_2023,top100
GO_Biological_Process_2023,Intraciliary Retrograde Transport (GO:0035721),1/13,0.0129260209528938,0.051273216446479,0,0,87.57894736842105,380.8381798737429,DYNLL1,Hspa8,GO_Biological_Process_2023,top100
GO_Biological_Process_2023,Regulation Of Establishment Of Protein Localization (GO:0070201),1/14,0.01391373176082,0.0530762230959591,0,0,80.83805668016194,345.57291333057793,DNAJA1,Hspa8,GO_Biological_Process_2023,top100
GO_Biological_Process_2023,Negative Regulation Of Focal Adhesion Assembly (GO:0051895),1/15,0.0149005037888985,0.0530762230959591,0,0,75.06015037593986,315.7300332957057,DYNLL1,Hspa8,GO_Biological_Process_2023,top100
GO_Biological_Process_2023,Cellular Response To Sterol (GO:0036315),1/15,0.0149005037888985,0.0530762230959591,0,0,75.06015037593986,315.7300332957057,GRAMD1A,Hspa8,GO_Biological_Process_2023,top100
GO_Biological_Process_2023,Negative Regulation Of Type I Interferon-Mediated Signaling Pathway (GO:0060339),1/15,0.0149005037888985,0.0530762230959591,0,0,75.06015037593986,315.7300332957057,YTHDF3,Hspa8,GO_Biological_Process_2023,top100
GO_Biological_Process_2023,Intracellular Sterol Transport (GO:0032366),1/15,0.0149005037888985,0.0530762230959591,0,0,75.06015037593986,315.7300332957057,GRAMD1A,Hspa8,GO_Biological_Process_2023,top100
GO_Biological_Process_2023,Negative Regulation Of Cell-Substrate Junction Organization (GO:0150118),1/15,0.0149005037888985,0.0530762230959591,0,0,75.06015037593986,315.7300332957057,DYNLL1,Hspa8,GO_Biological_Process_2023,top100
GO_Biological_Process_2023,Axonogenesis (GO:0007409),2/188,0.0149416258295347,0.0530762230959591,0,0,11.824372759856631,49.70498395663007,HSP90AA1;HSP90AB1,Hspa8,GO_Biological_Process_2023,top100
GO_Biological_Process_2023,Protein Localization To Membrane (GO:0072657),2/192,0.0155488416827921,0.0544209458897725,0,0,11.57309941520468,48.18771411798436,ITGB7;ITGAL,Hspa8,GO_Biological_Process_2023,top100
GO_Biological_Process_2023,Protein Localization To Mitochondrion (GO:0070585),1/16,0.0158863378646896,0.0547963537941468,0,0,70.05263157894737,290.1787210723924,DNAJA1,Hspa8,GO_Biological_Process_2023,top100
GO_Biological_Process_2023,Positive Regulation Of Protein Metabolic Process (GO:0051247),2/196,0.0161666242170096,0.0549665223378327,0,0,11.332187857961054,46.74308095109728,HSP90AA1;YTHDF3,Hspa8,GO_Biological_Process_2023,top100
GO_Biological_Process_2023,Motile Cilium Assembly (GO:0044458),1/17,0.0168712348172723,0.0550048477604222,0,0,65.67105263157895,268.0787715603985,DYNLL1,Hspa8,GO_Biological_Process_2023,top100
GO_Biological_Process_2023,Negative Regulation Of Rho Protein Signal Transduction (GO:0035024),1/17,0.0168712348172723,0.0550048477604222,0,0,65.67105263157895,268.0787715603985,DYNLL1,Hspa8,GO_Biological_Process_2023,top100
GO_Biological_Process_2023,Leukocyte Tethering Or Rolling (GO:0050901),1/17,0.0168712348172723,0.0550048477604222,0,0,65.67105263157895,268.0787715603985,ITGB7,Hspa8,GO_Biological_Process_2023,top100
GO_Biological_Process_2023,Positive Regulation Of Phosphoprotein Phosphatase Activity (GO:0032516),1/18,0.0178551954764704,0.0551748760673696,0,0,61.80495356037152,248.79341471282052,HSP90AB1,Hspa8,GO_Biological_Process_2023,top100
GO_Biological_Process_2023,Response To Cholesterol (GO:0070723),1/18,0.0178551954764704,0.0551748760673696,0,0,61.80495356037152,248.79341471282052,GRAMD1A,Hspa8,GO_Biological_Process_2023,top100
GO_Biological_Process_2023,Intracellular Lipid Transport (GO:0032365),1/18,0.0178551954764704,0.0551748760673696,0,0,61.80495356037152,248.79341471282052,GRAMD1A,Hspa8,GO_Biological_Process_2023,top100
GO_Biological_Process_2023,Positive Regulation Of Cyclin-Dependent Protein Kinase Activity (GO:1904031),1/18,0.0178551954764704,0.0551748760673696,0,0,61.80495356037152,248.79341471282052,HSP90AB1,Hspa8,GO_Biological_Process_2023,top100
GO_Biological_Process_2023,Protein Stabilization (GO:0050821),2/208,0.0180825224086337,0.0551748760673696,0,0,10.665587918015104,42.79897166722122,HSP90AA1;HSP90AB1,Hspa8,GO_Biological_Process_2023,top100
GO_Biological_Process_2023,RNA Destabilization (GO:0050779),1/19,0.0188382206720142,0.0553518088881407,0,0,58.36842105263158,231.8316321803268,YTHDF3,Hspa8,GO_Biological_Process_2023,top100
GO_Biological_Process_2023,Positive Regulation Of Alpha-Beta T Cell Activation (GO:0046635),1/19,0.0188382206720142,0.0553518088881407,0,0,58.36842105263158,231.8316321803268,HSPH1,Hspa8,GO_Biological_Process_2023,top100
GO_Biological_Process_2023,Leukocyte Adhesion To Vascular Endothelial Cell (GO:0061756),1/19,0.0188382206720142,0.0553518088881407,0,0,58.36842105263158,231.8316321803268,ITGB7,Hspa8,GO_Biological_Process_2023,top100
GO_Biological_Process_2023,Negative Regulation Of Phosphate Metabolic Process (GO:0045936),1/20,0.019820311238232,0.056834145478304,0,0,55.29362880886426,216.80897525048425,DYNLL1,Hspa8,GO_Biological_Process_2023,top100
GO_Biological_Process_2023,Ameboidal-Type Cell Migration (GO:0001667),1/20,0.019820311238232,0.056834145478304,0,0,55.29362880886426,216.80897525048425,ITGB7,Hspa8,GO_Biological_Process_2023,top100
GO_Biological_Process_2023,Focal Adhesion Assembly (GO:0048041),1/21,0.0208014680109953,0.0579883352725059,0,0,52.526315789473685,203.4203291515269,DYNLL1,Hspa8,GO_Biological_Process_2023,top100
GO_Biological_Process_2023,Positive Regulation Of Translational Initiation (GO:0045948),1/21,0.0208014680109953,0.0579883352725059,0,0,52.526315789473685,203.4203291515269,YTHDF3,Hspa8,GO_Biological_Process_2023,top100
GO_Biological_Process_2023,Positive Regulation Of Protein Modification Process (GO:0031401),2/225,0.0209537682077122,0.0579883352725059,0,0,9.844045839561534,38.05153687263902,HSP90AA1;DYNLL1,Hspa8,GO_Biological_Process_2023,top100
GO_Biological_Process_2023,Positive Regulation Of Phosphatase Activity (GO:0010922),1/22,0.0217816918149241,0.0589095755903629,0,0,50.02255639097744,191.42059056605152,HSP90AB1,Hspa8,GO_Biological_Process_2023,top100
GO_Biological_Process_2023,Negative Regulation Of Cell Communication (GO:0010648),1/22,0.0217816918149241,0.0589095755903629,0,0,50.02255639097744,191.42059056605152,HSP90AB1,Hspa8,GO_Biological_Process_2023,top100
GO_Biological_Process_2023,Stress Granule Assembly (GO:0034063),1/24,0.0237393438664972,0.0607522993572725,0,0,45.66819221967963,170.827422984315,YTHDF3,Hspa8,GO_Biological_Process_2023,top100
GO_Biological_Process_2023,Regulation Of Execution Phase Of Apoptosis (GO:1900117),1/24,0.0237393438664972,0.0607522993572725,0,0,45.66819221967963,170.827422984315,DYNLL1,Hspa8,GO_Biological_Process_2023,top100
GO_Biological_Process_2023,Positive Regulation Of Cellular Response To Transforming Growth Factor Beta Stimulus (GO:1903846),1/24,0.0237393438664972,0.0607522993572725,0,0,45.66819221967963,170.827422984315,HSP90AB1,Hspa8,GO_Biological_Process_2023,top100
GO_Biological_Process_2023,Positive Regulation Of Transforming Growth Factor Beta Receptor Signaling Pathway (GO:0030511),1/24,0.0237393438664972,0.0607522993572725,0,0,45.66819221967963,170.827422984315,HSP90AB1,Hspa8,GO_Biological_Process_2023,top100
GO_Biological_Process_2023,Negative Regulation Of Cell Junction Assembly (GO:1901889),1/24,0.0237393438664972,0.0607522993572725,0,0,45.66819221967963,170.827422984315,DYNLL1,Hspa8,GO_Biological_Process_2023,top100
GO_Biological_Process_2023,Sterol Transport (GO:0015918),1/25,0.0247167737784927,0.0612770016591798,0,0,43.76315789473684,161.93563879493826,GRAMD1A,Hspa8,GO_Biological_Process_2023,top100
GO_Biological_Process_2023,Negative Regulation Of Proteolysis Involved In Protein Catabolic Process (GO:1903051),1/25,0.0247167737784927,0.0612770016591798,0,0,43.76315789473684,161.93563879493826,HSP90AB1,Hspa8,GO_Biological_Process_2023,top100
GO_Biological_Process_2023,Negative Regulation Of Stress Fiber Assembly (GO:0051497),1/25,0.0247167737784927,0.0612770016591798,0,0,43.76315789473684,161.93563879493826,DYNLL1,Hspa8,GO_Biological_Process_2023,top100
GO_Biological_Process_2023,L-amino Acid Transport (GO:0015807),1/26,0.0256932740553108,0.0614873868549765,0,0,42.01052631578948,153.82263569148483,SLC38A2,Hspa8,GO_Biological_Process_2023,top100
GO_Biological_Process_2023,T Cell Activation Involved In Immune Response (GO:0002286),1/27,0.0266688455361458,0.0614873868549765,0,0,40.392712550607285,146.39366123411943,ITGAL,Hspa8,GO_Biological_Process_2023,top100
GO_Biological_Process_2023,Chaperone Cofactor-Dependent Protein Refolding (GO:0051085),1/27,0.0266688455361458,0.0614873868549765,0,0,40.392712550607285,146.39366123411943,SDF2L1,Hspa8,GO_Biological_Process_2023,top100
GO_Biological_Process_2023,Amino Acid Import Across Plasma Membrane (GO:0089718),1/27,0.0266688455361458,0.0614873868549765,0,0,40.392712550607285,146.39366123411943,SLC38A2,Hspa8,GO_Biological_Process_2023,top100
GO_Biological_Process_2023,Regulation Of Protein Transport (GO:0051223),1/28,0.0276434890482457,0.0614873868549765,0,0,38.89473684210526,139.56851455439977,DNAJA1,Hspa8,GO_Biological_Process_2023,top100
GO_Biological_Process_2023,Protein Insertion Into Mitochondrial Membrane (GO:0051204),1/28,0.0276434890482457,0.0614873868549765,0,0,38.89473684210526,139.56851455439977,HSP90AA1,Hspa8,GO_Biological_Process_2023,top100
GO_Biological_Process_2023,Cell-Substrate Junction Assembly (GO:0007044),1/28,0.0276434890482457,0.0614873868549765,0,0,38.89473684210526,139.56851455439977,DYNLL1,Hspa8,GO_Biological_Process_2023,top100
GO_Biological_Process_2023,Negative Regulation Of Signaling (GO:0023057),1/28,0.0276434890482457,0.0614873868549765,0,0,38.89473684210526,139.56851455439977,HSP90AB1,Hspa8,GO_Biological_Process_2023,top100
GO_Biological_Process_2023,Negative Regulation Of Actin Filament Bundle Assembly (GO:0032232),1/28,0.0276434890482457,0.0614873868549765,0,0,38.89473684210526,139.56851455439977,DYNLL1,Hspa8,GO_Biological_Process_2023,top100
GO_Biological_Process_2023,Positive Regulation Of Defense Response To Virus By Host (GO:0002230),1/28,0.0276434890482457,0.0614873868549765,0,0,38.89473684210526,139.56851455439977,HSP90AA1,Hspa8,GO_Biological_Process_2023,top100
GO_Biological_Process_2023,Primary Neural Tube Formation (GO:0014020),1/28,0.0276434890482457,0.0614873868549765,0,0,38.89473684210526,139.56851455439977,DYNLL1,Hspa8,GO_Biological_Process_2023,top100
GO_Biological_Process_2023,Tube Closure (GO:0060606),1/29,0.0286172054274548,0.0619172262884931,0,0,37.50375939849624,133.2788782141628,DYNLL1,Hspa8,GO_Biological_Process_2023,top100
GO_Biological_Process_2023,Heterotypic Cell-Cell Adhesion (GO:0034113),1/29,0.0286172054274548,0.0619172262884931,0,0,37.50375939849624,133.2788782141628,ITGB7,Hspa8,GO_Biological_Process_2023,top100
GO_Biological_Process_2023,Positive Regulation Of Dephosphorylation (GO:0035306),1/29,0.0286172054274548,0.0619172262884931,0,0,37.50375939849624,133.2788782141628,DYNLL1,Hspa8,GO_Biological_Process_2023,top100
GO_Biological_Process_2023,Positive Regulation Of Apoptotic Process (GO:0043065),2/270,0.0293989884074069,0.0630356688375032,0,0,8.172470978441128,28.822629891804034,DNAJA1;DYNLL1,Hspa8,GO_Biological_Process_2023,top100
GO_Biological_Process_2023,Regulation Of Protein Localization To Cell Surface (GO:2000008),1/31,0.0305618601074184,0.0638045851365403,0,0,35.0,122.08008572013848,HSP90AB1,Hspa8,GO_Biological_Process_2023,top100
GO_Biological_Process_2023,Leukocyte Cell-Cell Adhesion (GO:0007159),1/31,0.0305618601074184,0.0638045851365403,0,0,35.0,122.08008572013848,ITGAL,Hspa8,GO_Biological_Process_2023,top100
GO_Biological_Process_2023,Negative Regulation Of Cell-Matrix Adhesion (GO:0001953),1/31,0.0305618601074184,0.0638045851365403,0,0,35.0,122.08008572013848,DYNLL1,Hspa8,GO_Biological_Process_2023,top100
GO_Biological_Process_2023,'De Novo' Post-Translational Protein Folding (GO:0051084),1/32,0.0315328000758389,0.0639311591902244,0,0,33.869269949066215,117.07681999296598,SDF2L1,Hspa8,GO_Biological_Process_2023,top100
GO_Biological_Process_2023,Negative Regulation Of Proteasomal Ubiquitin-Dependent Protein Catabolic Process (GO:0032435),1/32,0.0315328000758389,0.0639311591902244,0,0,33.869269949066215,117.07681999296598,HSP90AB1,Hspa8,GO_Biological_Process_2023,top100
GO_Biological_Process_2023,Neural Tube Closure (GO:0001843),1/32,0.0315328000758389,0.0639311591902244,0,0,33.869269949066215,117.07681999296598,DYNLL1,Hspa8,GO_Biological_Process_2023,top100
GO_Biological_Process_2023,Regulation Of Apoptotic Process (GO:0042981),3/705,0.0318057273463812,0.0639311591902244,0,0,4.846153846153846,16.710066208568932,DNAJA1;DNAJC3;HSP90AA1,Hspa8,GO_Biological_Process_2023,top100
GO_Biological_Process_2023,Regulation Of Protein Polymerization (GO:0032271),1/33,0.0325028162269628,0.0639311591902244,0,0,32.80921052631579,112.41841533087528,HSP90AA1,Hspa8,GO_Biological_Process_2023,top100
GO_Biological_Process_2023,Regulation Of Type I Interferon-Mediated Signaling Pathway (GO:0060338),1/33,0.0325028162269628,0.0639311591902244,0,0,32.80921052631579,112.41841533087528,YTHDF3,Hspa8,GO_Biological_Process_2023,top100
GO_Biological_Process_2023,Positive Regulation Of RNA Metabolic Process (GO:0051254),1/33,0.0325028162269628,0.0639311591902244,0,0,32.80921052631579,112.41841533087528,SLC38A2,Hspa8,GO_Biological_Process_2023,top100
GO_Biological_Process_2023,Negative Regulation Of JNK Cascade (GO:0046329),1/34,0.0334719094011011,0.0647667840444071,0,0,31.8133971291866,108.07165990908112,DNAJA1,Hspa8,GO_Biological_Process_2023,top100
GO_Biological_Process_2023,Negative Regulation Of Ras Protein Signal Transduction (GO:0046580),1/34,0.0334719094011011,0.0647667840444071,0,0,31.8133971291866,108.07165990908112,DYNLL1,Hspa8,GO_Biological_Process_2023,top100
GO_Biological_Process_2023,Neutral Amino Acid Transport (GO:0015804),1/35,0.0344400804224879,0.0661027350044526,0,0,30.876160990712076,104.00740624656504,SLC38A2,Hspa8,GO_Biological_Process_2023,top100
GO_Biological_Process_2023,Substrate Adhesion-Dependent Cell Spreading (GO:0034446),1/36,0.0354073301248565,0.066353894249731,0,0,29.99248120300752,100.19997336732251,ITGB7,Hspa8,GO_Biological_Process_2023,top100
GO_Biological_Process_2023,Positive Regulation Of Interferon-Beta Production (GO:0032728),1/36,0.0354073301248565,0.066353894249731,0,0,29.99248120300752,100.19997336732251,HSP90AA1,Hspa8,GO_Biological_Process_2023,top100
GO_Biological_Process_2023,Positive Regulation Of RNA Splicing (GO:0033120),1/36,0.0354073301248565,0.066353894249731,0,0,29.99248120300752,100.19997336732251,SLC38A2,Hspa8,GO_Biological_Process_2023,top100
GO_Biological_Process_2023,Regulation Of Defense Response To Virus By Host (GO:0050691),1/37,0.0363736593292806,0.0665917763105291,0,0,29.157894736842103,96.62665093408292,HSP90AA1,Hspa8,GO_Biological_Process_2023,top100
GO_Biological_Process_2023,Regulation Of Phosphoprotein Phosphatase Activity (GO:0043666),1/37,0.0363736593292806,0.0665917763105291,0,0,29.157894736842103,96.62665093408292,HSP90AB1,Hspa8,GO_Biological_Process_2023,top100
GO_Biological_Process_2023,Regulation Of Cellular Component Biogenesis (GO:0044087),1/37,0.0363736593292806,0.0665917763105291,0,0,29.157894736842103,96.62665093408292,HSP90AA1,Hspa8,GO_Biological_Process_2023,top100
GO_Biological_Process_2023,Regulation Of Neurotransmitter Secretion (GO:0046928),1/38,0.0373390688738262,0.0678373923051195,0,0,28.36842105263158,93.26728562261796,SLC38A2,Hspa8,GO_Biological_Process_2023,top100
GO_Biological_Process_2023,Carboxylic Acid Transmembrane Transport (GO:1905039),1/39,0.0383035595748703,0.0680316953643219,0,0,27.62049861495845,90.10393439678076,SLC38A2,Hspa8,GO_Biological_Process_2023,top100
GO_Biological_Process_2023,Negative Regulation Of Proteasomal Protein Catabolic Process (GO:1901799),1/39,0.0383035595748703,0.0680316953643219,0,0,27.62049861495845,90.10393439678076,HSP90AB1,Hspa8,GO_Biological_Process_2023,top100
GO_Biological_Process_2023,Negative Regulation Of Ubiquitin-Dependent Protein Catabolic Process (GO:2000059),1/39,0.0383035595748703,0.0680316953643219,0,0,27.62049861495845,90.10393439678076,HSP90AB1,Hspa8,GO_Biological_Process_2023,top100
GO_Biological_Process_2023,Regulation Of Protein Dephosphorylation (GO:0035304),1/40,0.039267132268101,0.0687174814691767,0,0,26.910931174089068,87.12057233834933,DYNLL1,Hspa8,GO_Biological_Process_2023,top100
GO_Biological_Process_2023,L-alpha-amino Acid Transmembrane Transport (GO:1902475),1/40,0.039267132268101,0.0687174814691767,0,0,26.910931174089068,87.12057233834933,SLC38A2,Hspa8,GO_Biological_Process_2023,top100
GO_Biological_Process_2023,Substantia Nigra Development (GO:0021762),1/42,0.0411915269172122,0.0710404594659168,0,0,25.59563543003851,81.63786025385905,DYNLL1,Hspa8,GO_Biological_Process_2023,top100
GO_Biological_Process_2023,Amino Acid Transmembrane Transport (GO:0003333),1/42,0.0411915269172122,0.0710404594659168,0,0,25.59563543003851,81.63786025385905,SLC38A2,Hspa8,GO_Biological_Process_2023,top100
GO_Biological_Process_2023,Protein-Containing Complex Assembly (GO:0065003),2/328,0.0419469545895752,0.0711507760715888,0,0,6.6987048398091344,21.243933875279083,HSP90AA1;HSP90AB1,Hspa8,GO_Biological_Process_2023,top100
GO_Biological_Process_2023,mRNA Destabilization (GO:0061157),1/43,0.0421523505298068,0.0711507760715888,0,0,24.98496240601504,79.11400474395023,YTHDF3,Hspa8,GO_Biological_Process_2023,top100
GO_Biological_Process_2023,Regulation Of JUN Kinase Activity (GO:0043506),1/43,0.0421523505298068,0.0711507760715888,0,0,24.98496240601504,79.11400474395023,DNAJA1,Hspa8,GO_Biological_Process_2023,top100
GO_Biological_Process_2023,Regulation Of Transport (GO:0051049),1/44,0.0431122594296053,0.0722585756637047,0,0,24.402692778457773,76.72079424655034,DNAJA1,Hspa8,GO_Biological_Process_2023,top100
GO_Biological_Process_2023,Positive Regulation Of mRNA Catabolic Process (GO:0061014),1/45,0.044071254437806,0.0733493605328519,0,0,23.84688995215311,74.44873932423765,YTHDF3,Hspa8,GO_Biological_Process_2023,top100
GO_Biological_Process_2023,Regulation Of mRNA Catabolic Process (GO:0061013),1/46,0.0450293363875485,0.0739102211050797,0,0,23.31578947368421,72.28923154104575,YTHDF3,Hspa8,GO_Biological_Process_2023,top100
GO_Biological_Process_2023,Amino Acid Transport (GO:0006865),1/46,0.0450293363875485,0.0739102211050797,0,0,23.31578947368421,72.28923154104575,SLC38A2,Hspa8,GO_Biological_Process_2023,top100
GO_Biological_Process_2023,Heterophilic Cell-Cell Adhesion Via Plasma Membrane Cell Adhesion Molecules (GO:0007157),1/49,0.0478981120694178,0.0780804840583661,0,0,21.855263157894736,66.41113333547993,ITGAL,Hspa8,GO_Biological_Process_2023,top100
GO_Biological_Process_2023,Regulation Of Interferon-Beta Production (GO:0032648),1/50,0.0488525499820277,0.0788262290021258,0,0,21.40816326530612,64.63014669364038,HSP90AA1,Hspa8,GO_Biological_Process_2023,top100
GO_Biological_Process_2023,Negative Regulation Of MAP Kinase Activity (GO:0043407),1/51,0.0498060789247286,0.0788262290021258,0,0,20.978947368421053,62.92883309083605,DNAJA1,Hspa8,GO_Biological_Process_2023,top100
GO_Biological_Process_2023,Negative Regulation Of Innate Immune Response (GO:0045824),1/52,0.0507586997365511,0.0788262290021258,0,0,20.56656346749226,61.30218505418602,YTHDF3,Hspa8,GO_Biological_Process_2023,top100
GO_Biological_Process_2023,Neurotransmitter Transport (GO:0006836),1/52,0.0507586997365511,0.0788262290021258,0,0,20.56656346749226,61.30218505418602,SLC38A2,Hspa8,GO_Biological_Process_2023,top100
GO_Biological_Process_2023,Regulation Of Proteasomal Protein Catabolic Process (GO:0061136),1/53,0.051710413228189,0.0788262290021258,0,0,20.17004048582996,59.74559828701417,HSP90AB1,Hspa8,GO_Biological_Process_2023,top100
GO_Biological_Process_2023,Carboxylic Acid Transport (GO:0046942),1/53,0.051710413228189,0.0788262290021258,0,0,20.17004048582996,59.74559828701417,SLC38A2,Hspa8,GO_Biological_Process_2023,top100
GO_Biological_Process_2023,Regulation Of Cyclin-Dependent Protein Kinase Activity (GO:1904029),1/53,0.051710413228189,0.0788262290021258,0,0,20.17004048582996,59.74559828701417,HSP90AB1,Hspa8,GO_Biological_Process_2023,top100
GO_Biological_Process_2023,Cellular Response To Alcohol (GO:0097306),1/53,0.051710413228189,0.0788262290021258,0,0,20.17004048582996,59.74559828701417,GRAMD1A,Hspa8,GO_Biological_Process_2023,top100
GO_Biological_Process_2023,Mitochondrial Transport (GO:0006839),1/53,0.051710413228189,0.0788262290021258,0,0,20.17004048582996,59.74559828701417,HSP90AA1,Hspa8,GO_Biological_Process_2023,top100
GO_Biological_Process_2023,Regulation Of Focal Adhesion Assembly (GO:0051893),1/54,0.0526612202157059,0.0788262290021258,0,0,19.788480635551142,58.25483230121243,DYNLL1,Hspa8,GO_Biological_Process_2023,top100
GO_Biological_Process_2023,Negative Regulation Of Protein Catabolic Process (GO:0042177),1/54,0.0526612202157059,0.0788262290021258,0,0,19.788480635551142,58.25483230121243,HSP90AB1,Hspa8,GO_Biological_Process_2023,top100
GO_Biological_Process_2023,Negative Regulation Of Protein Modification By Small Protein Conjugation Or Removal (GO:1903321),1/54,0.0526612202157059,0.0788262290021258,0,0,19.788480635551142,58.25483230121243,DNAJA1,Hspa8,GO_Biological_Process_2023,top100
GO_Biological_Process_2023,Negative Regulation Of Protein Ubiquitination (GO:0031397),1/54,0.0526612202157059,0.0788262290021258,0,0,19.788480635551142,58.25483230121243,DNAJA1,Hspa8,GO_Biological_Process_2023,top100
GO_Biological_Process_2023,"Regulation Of Synaptic Transmission, Glutamatergic (GO:0051966)",1/55,0.0536111215176,0.0796103340253401,0,0,19.42105263157895,56.82597555721978,SLC38A2,Hspa8,GO_Biological_Process_2023,top100
GO_Biological_Process_2023,Positive Regulation Of Protein Phosphorylation (GO:0001934),2/377,0.0538540494877301,0.0796103340253401,0,0,5.808888888888889,16.97053922755498,HSP90AA1;HSP90AB1,Hspa8,GO_Biological_Process_2023,top100
GO_Biological_Process_2023,Negative Regulation Of Programmed Cell Death (GO:0043069),2/381,0.0548745847044455,0.0806182170349262,0,0,5.746408677807095,16.68012906115317,DNAJA1;DNAJC3,Hspa8,GO_Biological_Process_2023,top100
GO_Biological_Process_2023,Protein Targeting To Mitochondrion (GO:0006626),1/59,0.0574016861834188,0.0827975837069919,0,0,18.07803992740472,51.661282065881295,HSP90AA1,Hspa8,GO_Biological_Process_2023,top100
GO_Biological_Process_2023,Heart Morphogenesis (GO:0003007),1/59,0.0574016861834188,0.0827975837069919,0,0,18.07803992740472,51.661282065881295,DYNLL1,Hspa8,GO_Biological_Process_2023,top100
GO_Biological_Process_2023,Negative Regulation Of Cytokine-Mediated Signaling Pathway (GO:0001960),1/59,0.0574016861834188,0.0827975837069919,0,0,18.07803992740472,51.661282065881295,YTHDF3,Hspa8,GO_Biological_Process_2023,top100
GO_Biological_Process_2023,Negative Regulation Of Intrinsic Apoptotic Signaling Pathway (GO:2001243),1/61,0.0592915555925576,0.0850083748857152,0,0,17.473684210526315,49.3681970360476,DNAJA1,Hspa8,GO_Biological_Process_2023,top100
GO_Biological_Process_2023,Cellular Response To Virus (GO:0098586),1/64,0.0621196118687717,0.0880027834807599,0,0,16.639097744360903,46.23495322747936,HSP90AA1,Hspa8,GO_Biological_Process_2023,top100
GO_Biological_Process_2023,Positive Regulation Of Type I Interferon Production (GO:0032481),1/64,0.0621196118687717,0.0880027834807599,0,0,16.639097744360903,46.23495322747936,HSP90AA1,Hspa8,GO_Biological_Process_2023,top100
GO_Biological_Process_2023,Activation Of Cysteine-Type Endopeptidase Activity Involved In Apoptotic Process (GO:0006919),1/67,0.0649395901837056,0.0914533873593014,0,0,15.880382775119616,43.421696050712754,DYNLL1,Hspa8,GO_Biological_Process_2023,top100
GO_Biological_Process_2023,Positive Regulation Of Protein Polymerization (GO:0032273),1/70,0.0677515123929905,0.0942974266054488,0,0,15.187643020594964,40.88374528633187,HSP90AA1,Hspa8,GO_Biological_Process_2023,top100
GO_Biological_Process_2023,Regulation Of Actin Filament-Based Process (GO:0032970),1/70,0.0677515123929905,0.0942974266054488,0,0,15.187643020594964,40.88374528633187,DYNLL1,Hspa8,GO_Biological_Process_2023,top100
GO_Biological_Process_2023,Regulation Of Cell Migration (GO:0030334),2/434,0.0690330531903383,0.0955224805773286,0,0,5.027777777777778,13.440104004959046,YTHDF3;DYNLL1,Hspa8,GO_Biological_Process_2023,top100
GO_Biological_Process_2023,Regulation Of Rho Protein Signal Transduction (GO:0035023),1/73,0.0705554002871621,0.0970646547303156,0,0,14.552631578947368,38.5842224505161,DYNLL1,Hspa8,GO_Biological_Process_2023,top100
GO_Biological_Process_2023,Regulation Of mRNA Stability (GO:0043488),1/74,0.0714882479432861,0.0977827759224258,0,0,14.352559480894016,37.865241152955655,YTHDF3,Hspa8,GO_Biological_Process_2023,top100
GO_Biological_Process_2023,Regulation Of Stress Fiber Assembly (GO:0051492),1/75,0.0724202061022377,0.097931869615526,0,0,14.157894736842104,37.16829530659873,DYNLL1,Hspa8,GO_Biological_Process_2023,top100
GO_Biological_Process_2023,Negative Regulation Of Phosphorylation (GO:0042326),1/75,0.0724202061022377,0.097931869615526,0,0,14.157894736842104,37.16829530659873,DYNLL1,Hspa8,GO_Biological_Process_2023,top100
GO_Biological_Process_2023,Regulation Of Ras Protein Signal Transduction (GO:0046578),1/76,0.0733512756104792,0.098630528786972,0,0,13.968421052631578,36.49243551909278,DYNLL1,Hspa8,GO_Biological_Process_2023,top100
GO_Biological_Process_2023,Positive Regulation Of Catabolic Process (GO:0009896),1/79,0.0761391600452789,0.1018040454537998,0,0,13.429149797570853,34.58264664318254,HSP90AA1,Hspa8,GO_Biological_Process_2023,top100
GO_Biological_Process_2023,Regulation Of Phosphorylation (GO:0042325),1/82,0.0789190752282122,0.1049315078453324,0,0,12.929824561403509,32.8331213455501,DYNLL1,Hspa8,GO_Biological_Process_2023,top100
GO_Biological_Process_2023,Vascular Transport (GO:0010232),1/83,0.0798439464103719,0.105571440253714,0,0,12.771501925545572,32.28228555834262,SLC38A2,Hspa8,GO_Biological_Process_2023,top100
GO_Biological_Process_2023,Transport Across Blood-Brain Barrier (GO:0150104),1/85,0.0816910427282763,0.1062429954608184,0,0,12.466165413533837,31.225387249064404,SLC38A2,Hspa8,GO_Biological_Process_2023,top100
GO_Biological_Process_2023,Positive Regulation Of Protein Localization (GO:1903829),1/85,0.0816910427282763,0.1062429954608184,0,0,12.466165413533837,31.225387249064404,HSP90AB1,Hspa8,GO_Biological_Process_2023,top100
GO_Biological_Process_2023,Positive Regulation Of Amide Metabolic Process (GO:0034250),1/85,0.0816910427282763,0.1062429954608184,0,0,12.466165413533837,31.225387249064404,YTHDF3,Hspa8,GO_Biological_Process_2023,top100
GO_Biological_Process_2023,Positive Regulation Of Gene Expression (GO:0010628),2/480,0.0822042607813134,0.1063294242714815,0,0,4.533240353324035,11.326519270835336,YTHDF3;SLC38A2,Hspa8,GO_Biological_Process_2023,top100
GO_Biological_Process_2023,Negative Regulation Of Apoptotic Process (GO:0043066),2/482,0.0827940049398317,0.1065133685171889,0,0,4.513888888888889,11.245901082002437,DNAJA1;DNAJC3,Hspa8,GO_Biological_Process_2023,top100
GO_Biological_Process_2023,Regulation Of Actin Cytoskeleton Organization (GO:0032956),1/91,0.0872112207421384,0.1115928523474674,0,0,11.63157894736842,28.37433281380585,DYNLL1,Hspa8,GO_Biological_Process_2023,top100
GO_Biological_Process_2023,Positive Regulation Of Protein Catabolic Process (GO:0045732),1/92,0.0881281800641533,0.1121631382634679,0,0,11.50318102949682,27.94080032839929,HSP90AA1,Hspa8,GO_Biological_Process_2023,top100
GO_Biological_Process_2023,Positive Regulation Of Transmembrane Receptor Protein Serine/Threonine Kinase Signaling Pathway (GO:0090100),1/95,0.0908738104379916,0.1150423770438404,0,0,11.13437849944009,26.70339549535462,HSP90AB1,Hspa8,GO_Biological_Process_2023,top100
GO_Biological_Process_2023,Regulation Of Protein Metabolic Process (GO:0051246),1/96,0.0917872740073591,0.1155839746759337,0,0,11.01662049861496,26.310792233027552,HSP90AB1,Hspa8,GO_Biological_Process_2023,top100
GO_Biological_Process_2023,Positive Regulation Of Protein-Containing Complex Assembly (GO:0031334),1/98,0.0936115860195749,0.1172608288034676,0,0,10.788388497015736,25.553389086720664,HSP90AA1,Hspa8,GO_Biological_Process_2023,top100
GO_Biological_Process_2023,Positive Regulation Of Intracellular Signal Transduction (GO:1902533),2/525,0.0957915245584067,0.119363260968067,0,0,4.13363076269386,9.695766059415275,HSP90AA1;HSP90AB1,Hspa8,GO_Biological_Process_2023,top100
GO_Biological_Process_2023,Protein Catabolic Process (GO:0030163),1/102,0.0972497716409988,0.1199245888629934,0,0,10.359041167274622,24.14146206514577,HSP90AA1,Hspa8,GO_Biological_Process_2023,top100
GO_Biological_Process_2023,Regulation Of RNA Splicing (GO:0043484),1/102,0.0972497716409988,0.1199245888629934,0,0,10.359041167274622,24.14146206514577,SLC38A2,Hspa8,GO_Biological_Process_2023,top100
GO_Biological_Process_2023,Regulation Of Cellular Response To Stress (GO:0080135),1/107,0.1017779964901721,0.1242213495623639,0,0,9.867924528301886,22.547826080103853,SLC38A2,Hspa8,GO_Biological_Process_2023,top100
GO_Biological_Process_2023,Negative Regulation Of Translation (GO:0017148),1/107,0.1017779964901721,0.1242213495623639,0,0,9.867924528301886,22.547826080103853,YTHDF3,Hspa8,GO_Biological_Process_2023,top100
GO_Biological_Process_2023,Positive Regulation Of Translation (GO:0045727),1/108,0.1026810483364275,0.1245091442185396,0,0,9.775209050664044,22.249624223401657,YTHDF3,Hspa8,GO_Biological_Process_2023,top100
GO_Biological_Process_2023,Regulation Of Proteasomal Ubiquitin-Dependent Protein Catabolic Process (GO:0032434),1/109,0.1035832376271884,0.1245091442185396,0,0,9.68421052631579,21.95778295069413,HSP90AB1,Hspa8,GO_Biological_Process_2023,top100
GO_Biological_Process_2023,Positive Regulation Of Cysteine-Type Endopeptidase Activity Involved In Apoptotic Process (GO:0043280),1/109,0.1035832376271884,0.1245091442185396,0,0,9.68421052631579,21.95778295069413,DYNLL1,Hspa8,GO_Biological_Process_2023,top100
GO_Biological_Process_2023,Regulation Of Transforming Growth Factor Beta Receptor Signaling Pathway (GO:0017015),1/111,0.1053850316942243,0.126038379614198,0,0,9.507177033492823,21.392428630708658,HSP90AB1,Hspa8,GO_Biological_Process_2023,top100
GO_Biological_Process_2023,Regulation Of Cytoskeleton Organization (GO:0051493),1/114,0.1080812731653967,0.1286167150668221,0,0,9.253376804843969,20.587577159291502,DYNLL1,Hspa8,GO_Biological_Process_2023,top100
GO_Biological_Process_2023,Regulation Of Small GTPase Mediated Signal Transduction (GO:0051056),1/118,0.1116642551220043,0.1322193667613782,0,0,8.935222672064777,19.58831903150389,DYNLL1,Hspa8,GO_Biological_Process_2023,top100
GO_Biological_Process_2023,Regulation Of Protein-Containing Complex Assembly (GO:0043254),1/119,0.1125578617216778,0.1326176786621749,0,0,8.859054415700268,19.350725039139657,HSP90AA1,Hspa8,GO_Biological_Process_2023,top100
GO_Biological_Process_2023,Regulation Of Protein Catabolic Process (GO:0042176),1/122,0.1152335606361476,0.135101415918242,0,0,8.638103523270987,18.66516440827309,HSP90AA1,Hspa8,GO_Biological_Process_2023,top100
GO_Biological_Process_2023,Circulatory System Development (GO:0072359),1/132,0.1240973142667693,0.1447801999778975,0,0,7.974688629971876,16.64069686633284,CACYBP,Hspa8,GO_Biological_Process_2023,top100
GO_Biological_Process_2023,Negative Regulation Of Cell Motility (GO:2000146),1/133,0.1249790349715015,0.1450976113327677,0,0,7.913875598086125,16.457769102687624,DYNLL1,Hspa8,GO_Biological_Process_2023,top100
GO_Biological_Process_2023,Non-Membrane-Bounded Organelle Assembly (GO:0140694),1/135,0.1267399474222517,0.1464277062451257,0,0,7.794972505891595,16.10143512741297,YTHDF3,Hspa8,GO_Biological_Process_2023,top100
GO_Biological_Process_2023,Protein Localization To Organelle (GO:0033365),1/137,0.1284974930534796,0.1477410789697011,0,0,7.679566563467493,15.757287045296094,DNAJA1,Hspa8,GO_Biological_Process_2023,top100
GO_Biological_Process_2023,Regulation Of Cell Adhesion (GO:0030155),1/144,0.1346224767664678,0.1540391801462468,0,0,7.301067353698933,14.640690814421308,CYTIP,Hspa8,GO_Biological_Process_2023,top100
GO_Biological_Process_2023,Negative Regulation Of Protein Metabolic Process (GO:0051248),1/147,0.1372349315735105,0.1562770991124187,0,0,7.149963950973324,14.200264502888531,HSP90AB1,Hspa8,GO_Biological_Process_2023,top100
GO_Biological_Process_2023,Negative Regulation Of Protein Phosphorylation (GO:0001933),1/149,0.1389724038190062,0.1575020576615404,0,0,7.052631578947368,13.91822665778434,DNAJC3,Hspa8,GO_Biological_Process_2023,top100
GO_Biological_Process_2023,Regulation Of Cellular Component Organization (GO:0051128),1/153,0.1424373812642738,0.1606639655966691,0,0,6.865650969529086,13.380143154067955,HSP90AA1,Hspa8,GO_Biological_Process_2023,top100
GO_Biological_Process_2023,Nitrogen Compound Transport (GO:0071705),1/163,0.151041964046623,0.1687698940990435,0,0,6.43859649122807,12.17021946242288,SLC38A2,Hspa8,GO_Biological_Process_2023,top100
GO_Biological_Process_2023,Negative Regulation Of Cell Migration (GO:0030336),1/163,0.151041964046623,0.1687698940990435,0,0,6.43859649122807,12.17021946242288,DYNLL1,Hspa8,GO_Biological_Process_2023,top100
GO_Biological_Process_2023,Cell-Cell Adhesion Via Plasma-Membrane Adhesion Molecules (GO:0098742),1/172,0.1587159055637305,0.1765158202063919,0,0,6.096952908587258,11.22229194089618,ITGAL,Hspa8,GO_Biological_Process_2023,top100
GO_Biological_Process_2023,Negative Regulation Of Macromolecule Metabolic Process (GO:0010605),1/186,0.1705223035059393,0.1887642243461096,0,0,5.631578947368421,9.961639057655574,HSP90AB1,Hspa8,GO_Biological_Process_2023,top100
GO_Biological_Process_2023,Regulation Of Cell Differentiation (GO:0045595),1/193,0.176366309481075,0.1943295447059993,0,0,5.4243421052631575,9.412275801923704,HSP90AB1,Hspa8,GO_Biological_Process_2023,top100
GO_Biological_Process_2023,Regulation Of Programmed Cell Death (GO:0043067),1/195,0.1780288277208828,0.1952574239519359,0,0,5.367878459034183,9.263937187086414,HSP90AA1,Hspa8,GO_Biological_Process_2023,top100
GO_Biological_Process_2023,Regulation Of Translation (GO:0006417),1/202,0.1838225713143234,0.2006870273982063,0,0,5.17910447761194,8.772285712048289,YTHDF3,Hspa8,GO_Biological_Process_2023,top100
GO_Biological_Process_2023,Apoptotic Process (GO:0006915),1/228,0.2050043553834591,0.2227901213756314,0,0,4.579874797124971,7.257837756669995,DYNLL1,Hspa8,GO_Biological_Process_2023,top100
GO_Biological_Process_2023,Positive Regulation Of Phosphorylation (GO:0042327),1/231,0.2074145235836311,0.2243848027859282,0,0,4.519450800915332,7.109258623489633,HSP90AA1,Hspa8,GO_Biological_Process_2023,top100
GO_Biological_Process_2023,Positive Regulation Of Developmental Process (GO:0051094),1/233,0.209017444281756,0.2250957092265064,0,0,4.480036297640654,7.012769109428109,HSP90AB1,Hspa8,GO_Biological_Process_2023,top100
GO_Biological_Process_2023,Inflammatory Response (GO:0006954),1/236,0.2114160520894761,0.2266532450328617,0,0,4.422172452407615,6.871734393514913,ITGAL,Hspa8,GO_Biological_Process_2023,top100
GO_Biological_Process_2023,Cilium Assembly (GO:0060271),1/243,0.2169859601744004,0.2315814283475664,0,0,4.292735972161809,6.558968424426781,DYNLL1,Hspa8,GO_Biological_Process_2023,top100
GO_Biological_Process_2023,Positive Regulation Of Programmed Cell Death (GO:0043068),1/245,0.2185704849775349,0.2322311402886308,0,0,4.257118205349439,6.473572881408745,DNAJA1,Hspa8,GO_Biological_Process_2023,top100
GO_Biological_Process_2023,Cellular Component Assembly (GO:0022607),1/260,0.2303576972693562,0.2436672531115856,0,0,4.007518796992481,5.88352640155123,YTHDF3,Hspa8,GO_Biological_Process_2023,top100
GO_Biological_Process_2023,Regulation Of Protein Phosphorylation (GO:0001932),1/265,0.2342490899395189,0.2466870947150687,0,0,3.930622009569378,5.704787820650501,HSP90AA1,Hspa8,GO_Biological_Process_2023,top100
GO_Biological_Process_2023,Positive Regulation Of Cell Differentiation (GO:0045597),1/283,0.2481039082004818,0.2601265645449986,0,0,3.6763717805151175,5.124522697220845,HSP90AB1,Hspa8,GO_Biological_Process_2023,top100
GO_Biological_Process_2023,Regulation Of Intracellular Signal Transduction (GO:1902531),1/297,0.2587148864025256,0.2696647509854619,0,0,3.5,4.732100269175356,DYNLL1,Hspa8,GO_Biological_Process_2023,top100
GO_Biological_Process_2023,Regulation Of Cell Cycle (GO:0051726),1/298,0.2594673444355915,0.2696647509854619,0,0,3.488038277511962,4.70579763420095,HSP90AB1,Hspa8,GO_Biological_Process_2023,top100
GO_Biological_Process_2023,Supramolecular Fiber Organization (GO:0097435),1/316,0.2728881438519747,0.2823799053772607,0,0,3.2857142857142856,4.26713511950017,HSP90AB1,Hspa8,GO_Biological_Process_2023,top100
GO_Biological_Process_2023,Organelle Assembly (GO:0070925),1/322,0.2773101610873619,0.2857134993021304,0,0,3.2233152975897688,4.134284425406205,YTHDF3,Hspa8,GO_Biological_Process_2023,top100
GO_Biological_Process_2023,Positive Regulation Of Macromolecule Metabolic Process (GO:0010604),1/364,0.3075564964625346,0.3155105437848416,0,0,2.8442801217920834,3.353680680530016,SLC38A2,Hspa8,GO_Biological_Process_2023,top100
GO_Biological_Process_2023,Negative Regulation Of Cell Population Proliferation (GO:0008285),1/379,0.3180642988083315,0.3248897129458494,0,0,2.7293233082706765,3.1264445416874,DYNLL1,Hspa8,GO_Biological_Process_2023,top100
GO_Biological_Process_2023,Organelle Organization (GO:0006996),1/418,0.3446802713619546,0.3505722418125863,0,0,2.4691404770920107,2.629975451524217,YTHDF3,Hspa8,GO_Biological_Process_2023,top100
GO_Biological_Process_2023,Negative Regulation Of Cellular Process (GO:0048523),1/537,0.419927494033212,0.4252882705527849,0,0,1.9092694422623724,1.6566219569144875,DYNLL1,Hspa8,GO_Biological_Process_2023,top100
GO_Biological_Process_2023,Positive Regulation Of Cellular Process (GO:0048522),1/594,0.4529906402414605,0.4568295439723203,0,0,1.720688737019615,1.3625855622405671,HSP90AB1,Hspa8,GO_Biological_Process_2023,top100
GO_Biological_Process_2023,Regulation Of Cell Population Proliferation (GO:0042127),1/766,0.5422497661362374,0.5445377398330148,0,0,1.3219814241486068,0.8090903881077673,DYNLL1,Hspa8,GO_Biological_Process_2023,top100
GO_Biological_Process_2023,Regulation Of Gene Expression (GO:0010468),1/1127,0.6866905044097535,0.6866905044097535,0,0,0.8812751238665046,0.3312462831890405,SLC38A2,Hspa8,GO_Biological_Process_2023,top100
