Gene_set,Term,Overlap,P-value,Adjusted P-value,Old P-value,Old Adjusted P-value,Odds Ratio,Combined Score,Genes,Reference_Gene,Gene_Set_Library,Method
GO_Molecular_Function_2023,ADP Binding (GO:0043531),2/27,0.0003284920428102522,0.007380381745091,0,0,88.68888888888888,711.3733953565135,GCLC;PGK1,Pkm,GO_Molecular_Function_2023,top100
GO_Molecular_Function_2023,Adenyl Nucleotide Binding (GO:0030554),2/31,0.0004341401026524156,0.007380381745091,0,0,76.44061302681992,591.8141768431133,ALDH1A1;CAT,Pkm,GO_Molecular_Function_2023,top100
GO_Molecular_Function_2023,Acid-Amino Acid Ligase Activity (GO:0016881),1/6,0.0059856908667451,0.0525629866519867,0,0,210.26315789473685,1076.2074808846232,GCLC,Pkm,GO_Molecular_Function_2023,top100
GO_Molecular_Function_2023,Retinal Dehydrogenase Activity (GO:0001758),1/7,0.0069799958941807,0.0525629866519867,0,0,175.21052631578948,869.8689177892479,ALDH1A1,Pkm,GO_Molecular_Function_2023,top100
GO_Molecular_Function_2023,Purine Nucleobase Transmembrane Transporter Activity (GO:0005345),1/9,0.0089657734963174,0.0525629866519867,0,0,131.39473684210526,619.439581424405,SLC43A3,Pkm,GO_Molecular_Function_2023,top100
GO_Molecular_Function_2023,CoA-ligase Activity (GO:0016405),1/12,0.0119373705403343,0.0525629866519867,0,0,95.54545454545456,423.0830518492731,ACSS1,Pkm,GO_Molecular_Function_2023,top100
GO_Molecular_Function_2023,Acid-Thiol Ligase Activity (GO:0016878),1/12,0.0119373705403343,0.0525629866519867,0,0,95.54545454545456,423.0830518492731,ACSS1,Pkm,GO_Molecular_Function_2023,top100
GO_Molecular_Function_2023,Aldehyde Dehydrogenase (NAD+) Activity (GO:0004029),1/14,0.01391373176082,0.0525629866519867,0,0,80.83805668016194,345.57291333057793,ALDH1A1,Pkm,GO_Molecular_Function_2023,top100
GO_Molecular_Function_2023,Aldehyde Dehydrogenase [NAD(P)+] Activity (GO:0004030),1/14,0.01391373176082,0.0525629866519867,0,0,80.83805668016194,345.57291333057793,ALDH1A1,Pkm,GO_Molecular_Function_2023,top100
GO_Molecular_Function_2023,Phosphatidylcholine Transporter Activity (GO:0008525),1/17,0.0168712348172723,0.057362198378726,0,0,65.67105263157895,268.0787715603985,ABCB4,Pkm,GO_Molecular_Function_2023,top100
GO_Molecular_Function_2023,"Oxidoreductase Activity, Acting On The Aldehyde Or Oxo Group Of Donors, NAD Or NADP As Acceptor (GO:0016620)",1/20,0.019820311238232,0.0612627801908992,0,0,55.29362880886426,216.80897525048425,ALDH1A1,Pkm,GO_Molecular_Function_2023,top100
GO_Molecular_Function_2023,Ferrous Iron Binding (GO:0008198),1/25,0.0247167737784927,0.0671977936831206,0,0,43.76315789473684,161.93563879493826,FECH,Pkm,GO_Molecular_Function_2023,top100
GO_Molecular_Function_2023,NAD Binding (GO:0051287),1/26,0.0256932740553108,0.0671977936831206,0,0,42.01052631578948,153.82263569148483,ALDH1A1,Pkm,GO_Molecular_Function_2023,top100
GO_Molecular_Function_2023,Monocarboxylic Acid Transmembrane Transporter Activity (GO:0008028),1/32,0.0315328000758389,0.0765796573270373,0,0,33.869269949066215,117.07681999296598,TSPO2,Pkm,GO_Molecular_Function_2023,top100
GO_Molecular_Function_2023,Alpha-Tubulin Binding (GO:0043014),1/38,0.0373390688738262,0.0799900750252409,0,0,28.36842105263158,93.26728562261796,TBCEL,Pkm,GO_Molecular_Function_2023,top100
GO_Molecular_Function_2023,Adenyl Ribonucleotide Binding (GO:0032559),2/309,0.0376423882471722,0.0799900750252409,0,0,7.120159247195078,23.351448828951337,GCLC;PGK1,Pkm,GO_Molecular_Function_2023,top100
GO_Molecular_Function_2023,Cholesterol Binding (GO:0015485),1/50,0.0488525499820277,0.0927522005148627,0,0,21.40816326530612,64.63014669364038,TSPO2,Pkm,GO_Molecular_Function_2023,top100
GO_Molecular_Function_2023,Protein Serine/Threonine Kinase Activator Activity (GO:0043539),1/56,0.0545601179499192,0.0927522005148627,0,0,19.066985645933013,55.45541451142644,STRADB,Pkm,GO_Molecular_Function_2023,top100
GO_Molecular_Function_2023,Amino Acid Transmembrane Transporter Activity (GO:0015171),1/56,0.0545601179499192,0.0927522005148627,0,0,19.066985645933013,55.45541451142644,TSPO2,Pkm,GO_Molecular_Function_2023,top100
GO_Molecular_Function_2023,Iron Ion Binding (GO:0005506),1/56,0.0545601179499192,0.0927522005148627,0,0,19.066985645933013,55.45541451142644,FECH,Pkm,GO_Molecular_Function_2023,top100
GO_Molecular_Function_2023,Sterol Binding (GO:0032934),1/59,0.0574016861834188,0.0929360633445828,0,0,18.07803992740472,51.661282065881295,TSPO2,Pkm,GO_Molecular_Function_2023,top100
GO_Molecular_Function_2023,Heme Binding (GO:0020037),1/87,0.0835346163259223,0.124846646038005,0,0,12.175030599755202,30.22444243789128,CAT,Pkm,GO_Molecular_Function_2023,top100
GO_Molecular_Function_2023,Protein Kinase Activator Activity (GO:0030295),1/88,0.0844550840845328,0.124846646038005,0,0,12.03448275862069,29.7436505826784,STRADB,Pkm,GO_Molecular_Function_2023,top100
GO_Molecular_Function_2023,Kinase Activity (GO:0016301),1/106,0.1008740813042086,0.1429049485142955,0,0,9.962406015037594,22.852586421851232,PGK1,Pkm,GO_Molecular_Function_2023,top100
GO_Molecular_Function_2023,Protein Homodimerization Activity (GO:0042803),2/662,0.1406372413839853,0.1885233288101169,0,0,3.2525252525252526,6.380060708186544,FECH;CAT,Pkm,GO_Molecular_Function_2023,top100
GO_Molecular_Function_2023,Magnesium Ion Binding (GO:0000287),1/155,0.1441648985018541,0.1885233288101169,0,0,6.775803144224197,13.123358631426164,GCLC,Pkm,GO_Molecular_Function_2023,top100
GO_Molecular_Function_2023,Actin Binding (GO:0003779),1/183,0.1680056895810476,0.2115627202131711,0,0,5.725274725274725,10.212501350602295,TMOD1,Pkm,GO_Molecular_Function_2023,top100
GO_Molecular_Function_2023,GTPase Activator Activity (GO:0005096),1/211,0.1912146784670498,0.2321892524242747,0,0,4.954887218045113,8.197159840645964,ALDH1A1,Pkm,GO_Molecular_Function_2023,top100
GO_Molecular_Function_2023,ATP Binding (GO:0005524),1/279,0.2450457967138161,0.2872950720093017,0,0,3.7300265051117,5.245574173234264,PGK1,Pkm,GO_Molecular_Function_2023,top100
GO_Molecular_Function_2023,Tubulin Binding (GO:0015631),1/322,0.2773101610873619,0.3142848492323435,0,0,3.2233152975897688,4.134284425406205,TBCEL,Pkm,GO_Molecular_Function_2023,top100
GO_Molecular_Function_2023,GTPase Regulator Activity (GO:0030695),1/424,0.3486863847142679,0.3824302283962937,0,0,2.433370660694289,2.5637564324223114,ALDH1A1,Pkm,GO_Molecular_Function_2023,top100
GO_Molecular_Function_2023,Purine Ribonucleoside Triphosphate Binding (GO:0035639),1/476,0.3824447552989771,0.4063475525051632,0,0,2.161218836565097,2.0773010145945787,PGK1,Pkm,GO_Molecular_Function_2023,top100
GO_Molecular_Function_2023,Metal Ion Binding (GO:0046872),1/521,0.4103106939364084,0.4227443513284207,0,0,1.9696356275303644,1.7546314160652892,GCLC,Pkm,GO_Molecular_Function_2023,top100
GO_Molecular_Function_2023,RNA Binding (GO:0003723),1/1411,0.768682159701653,0.768682159701653,0,0,0.6931690929451287,0.1823573385145276,DEK,Pkm,GO_Molecular_Function_2023,top100
