Gene_set,Term,Overlap,P-value,Adjusted P-value,Old P-value,Old Adjusted P-value,Odds Ratio,Combined Score,Genes,Reference_Gene,Gene_Set_Library,Method
GO_Biological_Process_2023,Monocarboxylic Acid Transport (GO:0015718),2/73,0.0023926495225994,0.0789573789448346,0,0,31.156494522691705,188.04047198052453,TSPO2;ABCB4,Pkm,GO_Biological_Process_2023,top100
GO_Biological_Process_2023,Positive Regulation Of Sterol Transport (GO:0032373),1/5,0.0049904406959516,0.0789573789448346,0,0,262.8421052631579,1393.123889480945,ABCB4,Pkm,GO_Biological_Process_2023,top100
GO_Biological_Process_2023,Gamma-Aminobutyric Acid Metabolic Process (GO:0009448),1/5,0.0049904406959516,0.0789573789448346,0,0,262.8421052631579,1393.123889480945,ALDH1A1,Pkm,GO_Biological_Process_2023,top100
GO_Biological_Process_2023,Glutathione Biosynthetic Process (GO:0006750),1/6,0.0059856908667451,0.0789573789448346,0,0,210.26315789473685,1076.2074808846232,GCLC,Pkm,GO_Biological_Process_2023,top100
GO_Biological_Process_2023,Tubulin Complex Assembly (GO:0007021),1/6,0.0059856908667451,0.0789573789448346,0,0,210.26315789473685,1076.2074808846232,TBCEL,Pkm,GO_Biological_Process_2023,top100
GO_Biological_Process_2023,Regulation Of Phospholipid Transport (GO:2001138),1/6,0.0059856908667451,0.0789573789448346,0,0,210.26315789473685,1076.2074808846232,ABCB4,Pkm,GO_Biological_Process_2023,top100
GO_Biological_Process_2023,Nonribosomal Peptide Biosynthetic Process (GO:0019184),1/7,0.0069799958941807,0.0789573789448346,0,0,175.21052631578948,869.8689177892479,GCLC,Pkm,GO_Biological_Process_2023,top100
GO_Biological_Process_2023,Plasminogen Activation (GO:0031639),1/8,0.0079733565142536,0.0789573789448346,0,0,150.17293233082708,725.5830081396662,PGK1,Pkm,GO_Biological_Process_2023,top100
GO_Biological_Process_2023,Purine Nucleobase Transport (GO:0006863),1/8,0.0079733565142536,0.0789573789448346,0,0,150.17293233082708,725.5830081396662,SLC43A3,Pkm,GO_Biological_Process_2023,top100
GO_Biological_Process_2023,Positive Regulation Of Phospholipid Transport (GO:2001140),1/10,0.0099572476243861,0.0789573789448346,0,0,116.78947368421052,538.3357753631753,ABCB4,Pkm,GO_Biological_Process_2023,top100
GO_Biological_Process_2023,Positive Regulation Of Lipid Transport (GO:0032370),1/11,0.0109477797028559,0.0789573789448346,0,0,105.10526315789474,474.5101770765117,ABCB4,Pkm,GO_Biological_Process_2023,top100
GO_Biological_Process_2023,Regulation Of Tube Diameter (GO:0035296),1/12,0.0119373705403343,0.0789573789448346,0,0,95.54545454545456,423.0830518492731,GCLC,Pkm,GO_Biological_Process_2023,top100
GO_Biological_Process_2023,Vascular Process In Circulatory System (GO:0003018),1/12,0.0119373705403343,0.0789573789448346,0,0,95.54545454545456,423.0830518492731,GCLC,Pkm,GO_Biological_Process_2023,top100
GO_Biological_Process_2023,acetyl-CoA Biosynthetic Process (GO:0006085),1/12,0.0119373705403343,0.0789573789448346,0,0,95.54545454545456,423.0830518492731,ACSS1,Pkm,GO_Biological_Process_2023,top100
GO_Biological_Process_2023,acyl-CoA Biosynthetic Process (GO:0071616),1/13,0.0129260209528938,0.0789573789448346,0,0,87.57894736842105,380.8381798737429,ACSS1,Pkm,GO_Biological_Process_2023,top100
GO_Biological_Process_2023,Positive Regulation Of Histone Acetylation (GO:0035066),1/14,0.01391373176082,0.0789573789448346,0,0,80.83805668016194,345.57291333057793,DEK,Pkm,GO_Biological_Process_2023,top100
GO_Biological_Process_2023,Striated Muscle Cell Development (GO:0055002),1/14,0.01391373176082,0.0789573789448346,0,0,80.83805668016194,345.57291333057793,TMOD1,Pkm,GO_Biological_Process_2023,top100
GO_Biological_Process_2023,Serine Family Amino Acid Metabolic Process (GO:0009069),1/14,0.01391373176082,0.0789573789448346,0,0,80.83805668016194,345.57291333057793,GCLC,Pkm,GO_Biological_Process_2023,top100
GO_Biological_Process_2023,Ceramide Transport (GO:0035627),1/14,0.01391373176082,0.0789573789448346,0,0,80.83805668016194,345.57291333057793,ABCB4,Pkm,GO_Biological_Process_2023,top100
GO_Biological_Process_2023,Intracellular Sterol Transport (GO:0032366),1/15,0.0149005037888985,0.0789573789448346,0,0,75.06015037593986,315.7300332957057,TSPO2,Pkm,GO_Biological_Process_2023,top100
GO_Biological_Process_2023,Positive Regulation Of Transcription By RNA Polymerase III (GO:0045945),1/15,0.0149005037888985,0.0789573789448346,0,0,75.06015037593986,315.7300332957057,DEK,Pkm,GO_Biological_Process_2023,top100
GO_Biological_Process_2023,acetyl-CoA Metabolic Process (GO:0006084),1/16,0.0158863378646896,0.0789573789448346,0,0,70.05263157894737,290.1787210723924,ACSS1,Pkm,GO_Biological_Process_2023,top100
GO_Biological_Process_2023,Intracellular Cholesterol Transport (GO:0032367),1/16,0.0158863378646896,0.0789573789448346,0,0,70.05263157894737,290.1787210723924,TSPO2,Pkm,GO_Biological_Process_2023,top100
GO_Biological_Process_2023,Sulfur Amino Acid Metabolic Process (GO:0000096),1/17,0.0168712348172723,0.0789573789448346,0,0,65.67105263157895,268.0787715603985,GCLC,Pkm,GO_Biological_Process_2023,top100
GO_Biological_Process_2023,Positive Regulation Of Peptidyl-Lysine Acetylation (GO:2000758),1/17,0.0168712348172723,0.0789573789448346,0,0,65.67105263157895,268.0787715603985,DEK,Pkm,GO_Biological_Process_2023,top100
GO_Biological_Process_2023,Heme Biosynthetic Process (GO:0006783),1/19,0.0188382206720142,0.0828205862454698,0,0,58.36842105263158,231.8316321803268,FECH,Pkm,GO_Biological_Process_2023,top100
GO_Biological_Process_2023,Hydrogen Peroxide Catabolic Process (GO:0042744),1/20,0.019820311238232,0.0828205862454698,0,0,55.29362880886426,216.80897525048425,CAT,Pkm,GO_Biological_Process_2023,top100
GO_Biological_Process_2023,Glutamate Metabolic Process (GO:0006536),1/20,0.019820311238232,0.0828205862454698,0,0,55.29362880886426,216.80897525048425,GCLC,Pkm,GO_Biological_Process_2023,top100
GO_Biological_Process_2023,Porphyrin-Containing Compound Biosynthetic Process (GO:0006779),1/21,0.0208014680109953,0.0838485820198444,0,0,52.526315789473685,203.4203291515269,FECH,Pkm,GO_Biological_Process_2023,top100
GO_Biological_Process_2023,Regulation Of Histone Acetylation (GO:0035065),1/22,0.0217816918149241,0.0838485820198444,0,0,50.02255639097744,191.42059056605152,DEK,Pkm,GO_Biological_Process_2023,top100
GO_Biological_Process_2023,Regulation Of Cholesterol Transport (GO:0032374),1/23,0.0227609834903901,0.0838485820198444,0,0,47.74641148325359,180.6107068727385,ABCB4,Pkm,GO_Biological_Process_2023,top100
GO_Biological_Process_2023,Lipid Translocation (GO:0034204),1/24,0.0237393438664972,0.0838485820198444,0,0,45.66819221967963,170.827422984315,ABCB4,Pkm,GO_Biological_Process_2023,top100
GO_Biological_Process_2023,Protein Export From Nucleus (GO:0006611),1/26,0.0256932740553108,0.0838485820198444,0,0,42.01052631578948,153.82263569148483,STRADB,Pkm,GO_Biological_Process_2023,top100
GO_Biological_Process_2023,Regulation Of Transcription By RNA Polymerase III (GO:0006359),1/26,0.0256932740553108,0.0838485820198444,0,0,42.01052631578948,153.82263569148483,DEK,Pkm,GO_Biological_Process_2023,top100
GO_Biological_Process_2023,Amino Acid Import Across Plasma Membrane (GO:0089718),1/27,0.0266688455361458,0.0838485820198444,0,0,40.392712550607285,146.39366123411943,TSPO2,Pkm,GO_Biological_Process_2023,top100
GO_Biological_Process_2023,Diterpenoid Metabolic Process (GO:0016101),1/28,0.0276434890482457,0.0838485820198444,0,0,38.89473684210526,139.56851455439977,ALDH1A1,Pkm,GO_Biological_Process_2023,top100
GO_Biological_Process_2023,Glycolytic Process (GO:0006096),1/29,0.0286172054274548,0.0838485820198444,0,0,37.50375939849624,133.2788782141628,PGK1,Pkm,GO_Biological_Process_2023,top100
GO_Biological_Process_2023,Lipid Droplet Organization (GO:0034389),1/29,0.0286172054274548,0.0838485820198444,0,0,37.50375939849624,133.2788782141628,TSPO2,Pkm,GO_Biological_Process_2023,top100
GO_Biological_Process_2023,Organic Cation Transport (GO:0015695),1/31,0.0305618601074184,0.0838485820198444,0,0,35.0,122.08008572013848,TSPO2,Pkm,GO_Biological_Process_2023,top100
GO_Biological_Process_2023,Phospholipid Translocation (GO:0045332),1/31,0.0305618601074184,0.0838485820198444,0,0,35.0,122.08008572013848,ABCB4,Pkm,GO_Biological_Process_2023,top100
GO_Biological_Process_2023,Positive Regulation Of Cholesterol Transport (GO:0032376),1/31,0.0305618601074184,0.0838485820198444,0,0,35.0,122.08008572013848,ABCB4,Pkm,GO_Biological_Process_2023,top100
GO_Biological_Process_2023,Glutamine Family Amino Acid Metabolic Process (GO:0009064),1/31,0.0305618601074184,0.0838485820198444,0,0,35.0,122.08008572013848,GCLC,Pkm,GO_Biological_Process_2023,top100
GO_Biological_Process_2023,Gluconeogenesis (GO:0006094),1/32,0.0315328000758389,0.0838485820198444,0,0,33.869269949066215,117.07681999296598,PGK1,Pkm,GO_Biological_Process_2023,top100
GO_Biological_Process_2023,Regulation Of Transcription By RNA Polymerase I (GO:0006356),1/32,0.0315328000758389,0.0838485820198444,0,0,33.869269949066215,117.07681999296598,DEK,Pkm,GO_Biological_Process_2023,top100
GO_Biological_Process_2023,Positive Regulation Of Transcription By RNA Polymerase I (GO:0045943),1/34,0.0334719094011011,0.0851350739114964,0,0,31.8133971291866,108.07165990908112,DEK,Pkm,GO_Biological_Process_2023,top100
GO_Biological_Process_2023,Cellular Response To Hydrogen Peroxide (GO:0070301),1/34,0.0334719094011011,0.0851350739114964,0,0,31.8133971291866,108.07165990908112,CAT,Pkm,GO_Biological_Process_2023,top100
GO_Biological_Process_2023,Hexose Biosynthetic Process (GO:0019319),1/35,0.0344400804224879,0.085733817221938,0,0,30.876160990712076,104.00740624656504,PGK1,Pkm,GO_Biological_Process_2023,top100
GO_Biological_Process_2023,Blood Vessel Diameter Maintenance (GO:0097746),1/36,0.0354073301248565,0.0863053671793377,0,0,29.99248120300752,100.19997336732251,GCLC,Pkm,GO_Biological_Process_2023,top100
GO_Biological_Process_2023,Retinoid Metabolic Process (GO:0001523),1/40,0.039267132268101,0.0937602954156697,0,0,26.910931174089068,87.12057233834933,ALDH1A1,Pkm,GO_Biological_Process_2023,top100
GO_Biological_Process_2023,Carbohydrate Catabolic Process (GO:0016052),1/41,0.0402297877766736,0.0941377033974163,0,0,26.23684210526316,84.30284540999916,PGK1,Pkm,GO_Biological_Process_2023,top100
GO_Biological_Process_2023,Zymogen Activation (GO:0031638),1/45,0.044071254437806,0.0968770906423262,0,0,23.84688995215311,74.44873932423765,PGK1,Pkm,GO_Biological_Process_2023,top100
GO_Biological_Process_2023,Myofibril Assembly (GO:0030239),1/46,0.0450293363875485,0.0968770906423262,0,0,23.31578947368421,72.28923154104575,TMOD1,Pkm,GO_Biological_Process_2023,top100
GO_Biological_Process_2023,Response To Hydrogen Peroxide (GO:0042542),1/46,0.0450293363875485,0.0968770906423262,0,0,23.31578947368421,72.28923154104575,CAT,Pkm,GO_Biological_Process_2023,top100
GO_Biological_Process_2023,Negative Regulation Of Cold-Induced Thermogenesis (GO:0120163),1/46,0.0450293363875485,0.0968770906423262,0,0,23.31578947368421,72.28923154104575,ALDH1A1,Pkm,GO_Biological_Process_2023,top100
GO_Biological_Process_2023,Erythrocyte Differentiation (GO:0030218),1/49,0.0478981120694178,0.0968770906423262,0,0,21.855263157894736,66.41113333547993,TSPO2,Pkm,GO_Biological_Process_2023,top100
GO_Biological_Process_2023,Nuclear Export (GO:0051168),1/49,0.0478981120694178,0.0968770906423262,0,0,21.855263157894736,66.41113333547993,STRADB,Pkm,GO_Biological_Process_2023,top100
GO_Biological_Process_2023,Dicarboxylic Acid Metabolic Process (GO:0043648),1/50,0.0488525499820277,0.0968770906423262,0,0,21.40816326530612,64.63014669364038,GCLC,Pkm,GO_Biological_Process_2023,top100
GO_Biological_Process_2023,Pyruvate Metabolic Process (GO:0006090),1/50,0.0488525499820277,0.0968770906423262,0,0,21.40816326530612,64.63014669364038,PGK1,Pkm,GO_Biological_Process_2023,top100
GO_Biological_Process_2023,Blood Circulation (GO:0008015),1/50,0.0488525499820277,0.0968770906423262,0,0,21.40816326530612,64.63014669364038,GCLC,Pkm,GO_Biological_Process_2023,top100
GO_Biological_Process_2023,Cholesterol Transport (GO:0030301),1/51,0.0498060789247286,0.0971218539032209,0,0,20.978947368421053,62.92883309083605,TSPO2,Pkm,GO_Biological_Process_2023,top100
GO_Biological_Process_2023,Negative Regulation Of Metabolic Process (GO:0009892),1/53,0.051710413228189,0.0991822679950512,0,0,20.17004048582996,59.74559828701417,ALDH1A1,Pkm,GO_Biological_Process_2023,top100
GO_Biological_Process_2023,Negative Regulation Of Programmed Cell Death (GO:0043069),2/381,0.0548745847044455,0.1033230351301538,0,0,5.746408677807095,16.68012906115317,GCLC;CAT,Pkm,GO_Biological_Process_2023,top100
GO_Biological_Process_2023,Response To Organic Cyclic Compound (GO:0014070),1/58,0.0564553994621354,0.1033230351301538,0,0,18.39612188365651,52.87605301742885,ABCB4,Pkm,GO_Biological_Process_2023,top100
GO_Biological_Process_2023,Phospholipid Transport (GO:0015914),1/59,0.0574016861834188,0.1033230351301538,0,0,18.07803992740472,51.661282065881295,ABCB4,Pkm,GO_Biological_Process_2023,top100
GO_Biological_Process_2023,Glucose Metabolic Process (GO:0006006),1/59,0.0574016861834188,0.1033230351301538,0,0,18.07803992740472,51.661282065881295,PGK1,Pkm,GO_Biological_Process_2023,top100
GO_Biological_Process_2023,Response To Light Stimulus (GO:0009416),1/60,0.058347071283324,0.1034334445477108,0,0,17.770740410347905,50.492824203227855,FECH,Pkm,GO_Biological_Process_2023,top100
GO_Biological_Process_2023,Response To Reactive Oxygen Species (GO:0000302),1/66,0.0640004936134332,0.1117620560115178,0,0,16.125506072874494,44.32683091319527,CAT,Pkm,GO_Biological_Process_2023,top100
GO_Biological_Process_2023,Phosphorylation (GO:0016310),2/429,0.0676488663904133,0.1163958436423288,0,0,5.087952120739006,13.704015820207852,STRADB;PGK1,Pkm,GO_Biological_Process_2023,top100
GO_Biological_Process_2023,Cellular Response To Hypoxia (GO:0071456),1/72,0.0696216623496152,0.1179283119085425,0,0,14.758339510748703,39.32624503481652,PGK1,Pkm,GO_Biological_Process_2023,top100
GO_Biological_Process_2023,Cellular Response To Decreased Oxygen Levels (GO:0036294),1/73,0.0705554002871621,0.1179283119085425,0,0,14.552631578947368,38.5842224505161,PGK1,Pkm,GO_Biological_Process_2023,top100
GO_Biological_Process_2023,Actomyosin Structure Organization (GO:0031032),1/77,0.0742814572247087,0.1207073679901516,0,0,13.78393351800554,35.8367650118558,TMOD1,Pkm,GO_Biological_Process_2023,top100
GO_Biological_Process_2023,Negative Regulation Of Blood Vessel Morphogenesis (GO:2000181),1/77,0.0742814572247087,0.1207073679901516,0,0,13.78393351800554,35.8367650118558,PGK1,Pkm,GO_Biological_Process_2023,top100
GO_Biological_Process_2023,Activation Of Protein Kinase Activity (GO:0032147),1/81,0.0779933209779836,0.1250029938962204,0,0,13.092105263157896,33.39968978978988,STRADB,Pkm,GO_Biological_Process_2023,top100
GO_Biological_Process_2023,Positive Regulation Of Canonical Wnt Signaling Pathway (GO:0090263),1/85,0.0816910427282763,0.1274591918152673,0,0,12.466165413533837,31.225387249064404,GID8,Pkm,GO_Biological_Process_2023,top100
GO_Biological_Process_2023,Negative Regulation Of Angiogenesis (GO:0016525),1/86,0.0826132694677771,0.1274591918152673,0,0,12.318885448916408,30.718187529247054,PGK1,Pkm,GO_Biological_Process_2023,top100
GO_Biological_Process_2023,Negative Regulation Of Apoptotic Process (GO:0043066),2/482,0.0827940049398317,0.1274591918152673,0,0,4.513888888888889,11.245901082002437,GCLC;CAT,Pkm,GO_Biological_Process_2023,top100
GO_Biological_Process_2023,Regulation Of Double-Strand Break Repair (GO:2000779),1/88,0.0844550840845328,0.1283278550375368,0,0,12.03448275862069,29.7436505826784,DEK,Pkm,GO_Biological_Process_2023,top100
GO_Biological_Process_2023,Muscle Contraction (GO:0006936),1/94,0.0899594741237405,0.1349392111856108,0,0,11.254668930390492,27.10569960599241,TMOD1,Pkm,GO_Biological_Process_2023,top100
GO_Biological_Process_2023,Response To UV (GO:0009411),1/100,0.0954324164624814,0.1413366167862067,0,0,10.569377990430622,24.83103038927071,CAT,Pkm,GO_Biological_Process_2023,top100
GO_Biological_Process_2023,Positive Regulation Of Wnt Signaling Pathway (GO:0030177),1/109,0.1035832376271884,0.1514904850297631,0,0,9.68421052631579,21.95778295069413,GID8,Pkm,GO_Biological_Process_2023,top100
GO_Biological_Process_2023,Regulation Of DNA Repair (GO:0006282),1/129,0.1214470850948444,0.1754235673592197,0,0,8.162828947368421,17.209501461061883,DEK,Pkm,GO_Biological_Process_2023,top100
GO_Biological_Process_2023,Epithelial Cell Differentiation (GO:0030855),1/132,0.1240973142667693,0.1770656801123416,0,0,7.974688629971876,16.64069686633284,PGK1,Pkm,GO_Biological_Process_2023,top100
GO_Biological_Process_2023,Non-Membrane-Bounded Organelle Assembly (GO:0140694),1/135,0.1267399474222517,0.1786575162458247,0,0,7.794972505891595,16.10143512741297,TMOD1,Pkm,GO_Biological_Process_2023,top100
GO_Biological_Process_2023,Positive Regulation Of Protein Kinase Activity (GO:0045860),1/145,0.1354941288857612,0.187702338682981,0,0,7.25,14.491495524216845,STRADB,Pkm,GO_Biological_Process_2023,top100
GO_Biological_Process_2023,Regulation Of Cold-Induced Thermogenesis (GO:0120161),1/146,0.1363649469064392,0.187702338682981,0,0,7.199637023593467,14.34470478778898,ALDH1A1,Pkm,GO_Biological_Process_2023,top100
GO_Biological_Process_2023,Cellular Response To Organic Cyclic Compound (GO:0071407),1/152,0.1415723809153899,0.1926042856639607,0,0,6.911467410247473,13.511532897552032,ABCB4,Pkm,GO_Biological_Process_2023,top100
GO_Biological_Process_2023,Epithelium Development (GO:0060429),1/154,0.1433015535621199,0.192715882376644,0,0,6.820433436532507,13.250766063915645,PGK1,Pkm,GO_Biological_Process_2023,top100
GO_Biological_Process_2023,Regulation Of Apoptotic Process (GO:0042981),2/705,0.155572197455609,0.2068403079807529,0,0,3.046783625730994,5.668983824653513,GCLC;CAT,Pkm,GO_Biological_Process_2023,top100
GO_Biological_Process_2023,Phosphate-Containing Compound Metabolic Process (GO:0006796),1/184,0.1688453657431134,0.2219652560892614,0,0,5.693701466781708,10.127796623203372,PGK1,Pkm,GO_Biological_Process_2023,top100
GO_Biological_Process_2023,Protein Localization To Membrane (GO:0072657),1/192,0.1755338529080929,0.2256863823104052,0,0,5.453017360154313,9.487832290769862,TM9SF3,Pkm,GO_Biological_Process_2023,top100
GO_Biological_Process_2023,Transcription By RNA Polymerase II (GO:0006366),1/192,0.1755338529080929,0.2256863823104052,0,0,5.453017360154313,9.487832290769862,DEK,Pkm,GO_Biological_Process_2023,top100
GO_Biological_Process_2023,DNA-templated Transcription (GO:0006351),1/199,0.1813443049449992,0.2306226486800534,0,0,5.258373205741627,8.977924599699485,DEK,Pkm,GO_Biological_Process_2023,top100
GO_Biological_Process_2023,Regulation Of Angiogenesis (GO:0045765),1/205,0.1862937094122744,0.2339218144526866,0,0,5.102167182662539,8.573838716448728,PGK1,Pkm,GO_Biological_Process_2023,top100
GO_Biological_Process_2023,Regulation Of Canonical Wnt Signaling Pathway (GO:0060828),1/207,0.1879371842611328,0.2339218144526866,0,0,5.052120592743996,8.445364749744975,GID8,Pkm,GO_Biological_Process_2023,top100
GO_Biological_Process_2023,Proteasomal Protein Catabolic Process (GO:0010498),1/220,0.1985431540949234,0.244521568727432,0,0,4.749098774333093,7.678099751613271,GID8,Pkm,GO_Biological_Process_2023,top100
GO_Biological_Process_2023,Chromatin Remodeling (GO:0006338),1/228,0.2050043553834591,0.2498490581235908,0,0,4.579874797124971,7.257837756669995,DEK,Pkm,GO_Biological_Process_2023,top100
GO_Biological_Process_2023,Negative Regulation Of Multicellular Organismal Process (GO:0051241),1/231,0.2074145235836311,0.2501804047348953,0,0,4.519450800915332,7.109258623489633,ALDH1A1,Pkm,GO_Biological_Process_2023,top100
GO_Biological_Process_2023,Chromatin Organization (GO:0006325),1/268,0.2365749458712976,0.2824415170096105,0,0,3.885866351271437,5.601438362527015,DEK,Pkm,GO_Biological_Process_2023,top100
GO_Biological_Process_2023,Supramolecular Fiber Organization (GO:0097435),1/316,0.2728881438519747,0.3218697562335335,0,0,3.2857142857142856,4.26713511950017,TMOD1,Pkm,GO_Biological_Process_2023,top100
GO_Biological_Process_2023,Proteasome-Mediated Ubiquitin-Dependent Protein Catabolic Process (GO:0043161),1/319,0.2751023557551568,0.3218697562335335,0,0,3.254220456802383,4.199936127810808,GID8,Pkm,GO_Biological_Process_2023,top100
GO_Biological_Process_2023,Intracellular Protein Transport (GO:0006886),1/325,0.2795115774127264,0.3231340666244295,0,0,3.192982456140351,4.070131664880384,STRADB,Pkm,GO_Biological_Process_2023,top100
GO_Biological_Process_2023,Protein-Containing Complex Assembly (GO:0065003),1/328,0.2817066221854001,0.3231340666244295,0,0,3.1632061805890874,4.0074314199822245,TBCEL,Pkm,GO_Biological_Process_2023,top100
GO_Biological_Process_2023,Protein Localization (GO:0008104),1/351,0.2983254853341996,0.3388745804281685,0,0,2.95187969924812,3.5705055879105934,TM9SF3,Pkm,GO_Biological_Process_2023,top100
GO_Biological_Process_2023,Ubiquitin-Dependent Protein Catabolic Process (GO:0006511),1/367,0.3096702851856908,0.3483790708339021,0,0,2.82053494391717,3.306364031707098,GID8,Pkm,GO_Biological_Process_2023,top100
GO_Biological_Process_2023,Cellular Response To Oxygen-Containing Compound (GO:1901701),1/406,0.3365977101372046,0.3750660198671708,0,0,2.543859649122807,2.769924316217717,ABCB4,Pkm,GO_Biological_Process_2023,top100
GO_Biological_Process_2023,Organelle Organization (GO:0006996),1/418,0.3446802713619546,0.3804489787674405,0,0,2.4691404770920107,2.629975451524217,TSPO2,Pkm,GO_Biological_Process_2023,top100
GO_Biological_Process_2023,Negative Regulation Of Nucleic Acid-Templated Transcription (GO:1903507),1/456,0.3696623813155064,0.4042102674197593,0,0,2.2585309427414693,2.2476113359998484,GCLC,Pkm,GO_Biological_Process_2023,top100
GO_Biological_Process_2023,Positive Regulation Of Cell Population Proliferation (GO:0008284),1/483,0.3868601183294989,0.4190984615236238,0,0,2.1290674819829656,2.021958573619618,GID8,Pkm,GO_Biological_Process_2023,top100
GO_Biological_Process_2023,Protein Phosphorylation (GO:0006468),1/500,0.3974586230753241,0.4266298981634213,0,0,2.054741061069508,1.895836517027884,STRADB,Pkm,GO_Biological_Process_2023,top100
GO_Biological_Process_2023,Positive Regulation Of Cellular Process (GO:0048522),1/594,0.4529906402414605,0.4818173173477353,0,0,1.720688737019615,1.3625855622405671,GID8,Pkm,GO_Biological_Process_2023,top100
GO_Biological_Process_2023,Protein Modification Process (GO:0036211),1/711,0.5153337446566959,0.5431896227462469,0,0,1.4284655300222386,0.9469877103209676,STRADB,Pkm,GO_Biological_Process_2023,top100
GO_Biological_Process_2023,Regulation Of Cell Population Proliferation (GO:0042127),1/766,0.5422497661362374,0.5664573449816052,0,0,1.3219814241486068,0.8090903881077673,GID8,Pkm,GO_Biological_Process_2023,top100
GO_Biological_Process_2023,Regulation Of DNA-templated Transcription (GO:0006355),2/1922,0.5856981194303218,0.6064307962243155,0,0,1.0451388888888888,0.5590978603690087,GCLC;DEK,Pkm,GO_Biological_Process_2023,top100
GO_Biological_Process_2023,Positive Regulation Of Transcription By RNA Polymerase II (GO:0045944),1/938,0.6175566364498595,0.6338081268827506,0,0,1.0696511823849912,0.5155552857582298,DEK,Pkm,GO_Biological_Process_2023,top100
GO_Biological_Process_2023,Negative Regulation Of DNA-templated Transcription (GO:0045892),1/1025,0.6510093519389176,0.6623312537117683,0,0,0.9743009868421052,0.4182004512882278,GCLC,Pkm,GO_Biological_Process_2023,top100
GO_Biological_Process_2023,Positive Regulation Of DNA-templated Transcription (GO:0045893),1/1243,0.7230537371308502,0.7292869590026678,0,0,0.7940503432494279,0.2574880819824222,DEK,Pkm,GO_Biological_Process_2023,top100
GO_Biological_Process_2023,Regulation Of Transcription By RNA Polymerase II (GO:0006357),1/2028,0.8822754372186573,0.8822754372186573,0,0,0.4661542855659128,0.0583862832570108,DEK,Pkm,GO_Biological_Process_2023,top100
