Gene_set,Term,Overlap,P-value,Adjusted P-value,Old P-value,Old Adjusted P-value,Odds Ratio,Combined Score,Genes,Reference_Gene,Gene_Set_Library,Method
GO_Cellular_Component_2023,B-WICH Complex (GO:0110016),1/6,0.0059856908667451,0.1708479866409959,0,0,210.26315789473685,1076.2074808846232,DEK,Pkm,GO_Cellular_Component_2023,top100
GO_Cellular_Component_2023,Protein Kinase Complex (GO:1902911),1/17,0.0168712348172723,0.1708479866409959,0,0,65.67105263157895,268.0787715603985,STRADB,Pkm,GO_Cellular_Component_2023,top100
GO_Cellular_Component_2023,Myofibril (GO:0030016),1/29,0.0286172054274548,0.1708479866409959,0,0,37.50375939849624,133.2788782141628,TMOD1,Pkm,GO_Cellular_Component_2023,top100
GO_Cellular_Component_2023,Aggresome (GO:0016235),1/35,0.0344400804224879,0.1708479866409959,0,0,30.876160990712076,104.00740624656504,STRADB,Pkm,GO_Cellular_Component_2023,top100
GO_Cellular_Component_2023,Peroxisomal Matrix (GO:0005782),1/49,0.0478981120694178,0.1708479866409959,0,0,21.855263157894736,66.41113333547993,CAT,Pkm,GO_Cellular_Component_2023,top100
GO_Cellular_Component_2023,Microbody Lumen (GO:0031907),1/49,0.0478981120694178,0.1708479866409959,0,0,21.855263157894736,66.41113333547993,CAT,Pkm,GO_Cellular_Component_2023,top100
GO_Cellular_Component_2023,Mitochondrial Matrix (GO:0005759),2/355,0.0483693053937928,0.1708479866409959,0,0,6.177840730248662,18.711999098330377,FECH;ACSS1,Pkm,GO_Cellular_Component_2023,top100
GO_Cellular_Component_2023,Peroxisomal Membrane (GO:0005778),1/53,0.051710413228189,0.1708479866409959,0,0,20.17004048582996,59.74559828701417,CAT,Pkm,GO_Cellular_Component_2023,top100
GO_Cellular_Component_2023,Microbody Membrane (GO:0031903),1/53,0.051710413228189,0.1708479866409959,0,0,20.17004048582996,59.74559828701417,CAT,Pkm,GO_Cellular_Component_2023,top100
GO_Cellular_Component_2023,Intracellular Organelle Lumen (GO:0070013),3/856,0.0517721171639381,0.1708479866409959,0,0,3.957037445693401,11.716406233610028,FECH;CAT;ACSS1,Pkm,GO_Cellular_Component_2023,top100
GO_Cellular_Component_2023,Serine/Threonine Protein Kinase Complex (GO:1902554),1/60,0.058347071283324,0.1750412138499721,0,0,17.770740410347905,50.492824203227855,STRADB,Pkm,GO_Cellular_Component_2023,top100
GO_Cellular_Component_2023,Actin Filament (GO:0005884),1/71,0.0686870333104677,0.1888893416037862,0,0,14.969924812030076,40.09237540517205,TMOD1,Pkm,GO_Cellular_Component_2023,top100
GO_Cellular_Component_2023,Cytoplasmic Vesicle Lumen (GO:0060205),1/115,0.108978303522462,0.2671835872086578,0,0,9.171745152354571,20.330149616722807,CAT,Pkm,GO_Cellular_Component_2023,top100
GO_Cellular_Component_2023,Ficolin-1-Rich Granule Lumen (GO:1904813),1/123,0.1161237558827442,0.2671835872086578,0,0,8.566867989646246,18.4453131497958,CAT,Pkm,GO_Cellular_Component_2023,top100
GO_Cellular_Component_2023,Peroxisome (GO:0005777),1/129,0.1214470850948444,0.2671835872086578,0,0,8.162828947368421,17.209501461061883,CAT,Pkm,GO_Cellular_Component_2023,top100
GO_Cellular_Component_2023,Membrane Raft (GO:0045121),1/169,0.1561652770251732,0.3064467565733978,0,0,6.206766917293233,11.524975344842169,PGK1,Pkm,GO_Cellular_Component_2023,top100
GO_Cellular_Component_2023,Basolateral Plasma Membrane (GO:0016323),1/171,0.1578665109620534,0.3064467565733978,0,0,6.13312693498452,11.321785872550064,SLC43A3,Pkm,GO_Cellular_Component_2023,top100
GO_Cellular_Component_2023,Ficolin-1-Rich Granule (GO:0101002),1/184,0.1688453657431134,0.3095498371957079,0,0,5.693701466781708,10.127796623203372,CAT,Pkm,GO_Cellular_Component_2023,top100
GO_Cellular_Component_2023,Axon (GO:0030424),1/205,0.1862937094122744,0.3235627584528978,0,0,5.102167182662539,8.573838716448728,ALDH1A1,Pkm,GO_Cellular_Component_2023,top100
GO_Cellular_Component_2023,Polymeric Cytoskeletal Fiber (GO:0099513),1/265,0.2342490899395189,0.3865109984002063,0,0,3.930622009569378,5.704787820650501,TMOD1,Pkm,GO_Cellular_Component_2023,top100
GO_Cellular_Component_2023,Secretory Granule Lumen (GO:0034774),1/316,0.2728881438519747,0.420314424727242,0,0,3.2857142857142856,4.26713511950017,CAT,Pkm,GO_Cellular_Component_2023,top100
GO_Cellular_Component_2023,Actin Cytoskeleton (GO:0015629),1/327,0.2809756474487896,0.420314424727242,0,0,3.173070713593801,4.028172900840054,TMOD1,Pkm,GO_Cellular_Component_2023,top100
GO_Cellular_Component_2023,Mitochondrial Inner Membrane (GO:0005743),1/370,0.3117779429625869,0.420314424727242,0,0,2.797175866495507,3.2600079582360446,FECH,Pkm,GO_Cellular_Component_2023,top100
GO_Cellular_Component_2023,Focal Adhesion (GO:0005925),1/387,0.3236063407245134,0.420314424727242,0,0,2.6716662121625308,3.0142472904791817,CAT,Pkm,GO_Cellular_Component_2023,top100
GO_Cellular_Component_2023,Cell-Substrate Junction (GO:0030055),1/395,0.329105577435109,0.420314424727242,0,0,2.6163505209724818,2.9077509443005174,CAT,Pkm,GO_Cellular_Component_2023,top100
GO_Cellular_Component_2023,Organelle Inner Membrane (GO:0019866),1/398,0.3311568194820695,0.420314424727242,0,0,2.596181890494498,2.869204792144366,FECH,Pkm,GO_Cellular_Component_2023,top100
GO_Cellular_Component_2023,Mitochondrial Membrane (GO:0031966),1/540,0.4217139770203449,0.5088353215659132,0,0,1.8983497705302217,1.6390882969106002,FECH,Pkm,GO_Cellular_Component_2023,top100
GO_Cellular_Component_2023,Neuron Projection (GO:0043005),1/557,0.431739060722593,0.5088353215659132,0,0,1.8386974630821655,1.544384329873897,ALDH1A1,Pkm,GO_Cellular_Component_2023,top100
GO_Cellular_Component_2023,Nucleolus (GO:0005730),1/771,0.5446249638206491,0.6037579280702983,0,0,1.3130553656869446,0.7978884148542503,DEK,Pkm,GO_Cellular_Component_2023,top100
GO_Cellular_Component_2023,Nuclear Lumen (GO:0031981),1/780,0.5488708437002711,0.6037579280702983,0,0,1.2972772109992567,0.7782263796116276,DEK,Pkm,GO_Cellular_Component_2023,top100
GO_Cellular_Component_2023,Intracellular Non-Membrane-Bounded Organelle (GO:0043232),1/1195,0.7085219677639155,0.7542330624583616,0,0,0.8280878074583443,0.285337705637837,DEK,Pkm,GO_Cellular_Component_2023,top100
GO_Cellular_Component_2023,Intracellular Membrane-Bounded Organelle (GO:0043231),4/5175,0.8004523672237028,0.8254665036994435,0,0,0.715964030168246,0.1593580223986682,STRADB;GID8;CAT;DEK,Pkm,GO_Cellular_Component_2023,top100
GO_Cellular_Component_2023,Nucleus (GO:0005634),3/4487,0.8592104292261914,0.8592104292261914,0,0,0.6098546465865561,0.0925402082386428,STRADB;GID8;DEK,Pkm,GO_Cellular_Component_2023,top100
