Gene_set,Term,Overlap,P-value,Adjusted P-value,Old P-value,Old Adjusted P-value,Odds Ratio,Combined Score,Genes,Reference_Gene,Gene_Set_Library,Method
GO_Molecular_Function_2023,RNA Binding (GO:0003723),12/1411,1.0751444315447192e-09,2.7953755220162704e-08,0,0,19.922444603288064,411.4146347630232,RPL4;RPL5;PPP1CC;RPL3;RPS7;RPS8;RPS5;RPLP0;RPS6;RPSA;RALY;RPL6,Rack1,GO_Molecular_Function_2023,top100
GO_Molecular_Function_2023,rRNA Binding (GO:0019843),3/46,1.262892516653142e-05,0.00016417602716490846,0,0,81.82079343365253,922.8993354216932,RPL5;RPS5;RPLP0,Rack1,GO_Molecular_Function_2023,top100
GO_Molecular_Function_2023,Ubiquitin Ligase Inhibitor Activity (GO:1990948),2/7,1.989010047124072e-05,0.0001722779516343062,0,0,443.8888888888889,4805.225245888672,RPL5;RPS7,Rack1,GO_Molecular_Function_2023,top100
GO_Molecular_Function_2023,Ubiquitin-Protein Transferase Inhibitor Activity (GO:0055105),2/8,2.650430025143172e-05,0.0001722779516343062,0,0,369.8888888888889,3897.964407357134,RPL5;RPS7,Rack1,GO_Molecular_Function_2023,top100
GO_Molecular_Function_2023,mRNA 5'-UTR Binding (GO:0048027),2/24,0.00025876610708752327,0.0013455837568551,0,0,100.7979797979798,832.5495793111635,RPL5;RPS7,Rack1,GO_Molecular_Function_2023,top100
GO_Molecular_Function_2023,Translation Initiation Factor Activity (GO:0003743),2/41,0.0007610076105649785,0.0032976996457815,0,0,56.81196581196581,407.9591818331578,EIF3K;EIF3F,Rack1,GO_Molecular_Function_2023,top100
GO_Molecular_Function_2023,mRNA Binding (GO:0003729),3/282,0.002646934081441,0.0098314694453524,0,0,12.461100569259962,73.94857277600035,RPL5;RPS7;RPS5,Rack1,GO_Molecular_Function_2023,top100
GO_Molecular_Function_2023,mRNA 3'-UTR Binding (GO:0003730),2/93,0.0038485584136363,0.012507814844318,0,0,24.284493284493283,135.02315810678772,RPL5;RPS7,Rack1,GO_Molecular_Function_2023,top100
GO_Molecular_Function_2023,Large Ribosomal Subunit rRNA Binding (GO:0070180),1/5,0.0049904406959516,0.0144168286771936,0,0,262.8421052631579,1393.123889480945,RPLP0,Rack1,GO_Molecular_Function_2023,top100
GO_Molecular_Function_2023,5S rRNA Binding (GO:0008097),1/8,0.0079733565142536,0.0188461153973266,0,0,150.17293233082708,725.5830081396662,RPL5,Rack1,GO_Molecular_Function_2023,top100
GO_Molecular_Function_2023,Metal-Dependent Deubiquitinase Activity (GO:0140492),1/8,0.0079733565142536,0.0188461153973266,0,0,150.17293233082708,725.5830081396662,EIF3F,Rack1,GO_Molecular_Function_2023,top100
GO_Molecular_Function_2023,Kinase Binding (GO:0019900),3/460,0.0103002828138408,0.0223172794299885,0,0,7.538808083408418,34.49444909117849,PPP1CC;RPS7;RPS6,Rack1,GO_Molecular_Function_2023,top100
GO_Molecular_Function_2023,Protein Kinase Binding (GO:0019901),3/511,0.0136783089090259,0.0273566178180519,0,0,6.764242704955998,29.03175083925295,PPP1CC;RPS7;RPS6,Rack1,GO_Molecular_Function_2023,top100
GO_Molecular_Function_2023,Phosphoric Ester Hydrolase Activity (GO:0042578),1/52,0.0507586997365511,0.09292594396384,0,0,20.56656346749226,61.30218505418602,PPP1CC,Rack1,GO_Molecular_Function_2023,top100
GO_Molecular_Function_2023,Protein Serine/Threonine Phosphatase Activity (GO:0004722),1/55,0.0536111215176,0.09292594396384,0,0,19.42105263157895,56.82597555721978,PPP1CC,Rack1,GO_Molecular_Function_2023,top100
GO_Molecular_Function_2023,Phosphatase Activity (GO:0016791),1/83,0.0798439464103719,0.1249392418197168,0,0,12.771501925545572,32.28228555834262,PPP1CC,Rack1,GO_Molecular_Function_2023,top100
GO_Molecular_Function_2023,Ribosome Binding (GO:0043022),1/85,0.0816910427282763,0.1249392418197168,0,0,12.466165413533837,31.225387249064404,RPSA,Rack1,GO_Molecular_Function_2023,top100
GO_Molecular_Function_2023,Deubiquitinase Activity (GO:0101005),1/113,0.1071833849179316,0.1548204448814568,0,0,9.336466165413531,20.8503272666542,EIF3F,Rack1,GO_Molecular_Function_2023,top100
GO_Molecular_Function_2023,Metallopeptidase Activity (GO:0008237),1/124,0.1170131002125961,0.1601231897646053,0,0,8.496790757381259,18.22960442221716,EIF3F,Rack1,GO_Molecular_Function_2023,top100
GO_Molecular_Function_2023,DNA Binding (GO:0003677),2/846,0.2065039942592182,0.2684551925369837,0,0,2.519220642443391,3.973908134457552,BANF1;RPL6,Rack1,GO_Molecular_Function_2023,top100
GO_Molecular_Function_2023,Ubiquitin Protein Ligase Binding (GO:0031625),1/271,0.2388940895616739,0.2856258475781016,0,0,3.842105263157895,5.500876445147768,RPL5,Rack1,GO_Molecular_Function_2023,top100
GO_Molecular_Function_2023,DNA-binding Transcription Factor Binding (GO:0140297),1/282,0.2473404855024508,0.2856258475781016,0,0,3.689642255103952,5.154391148859824,PTMA,Rack1,GO_Molecular_Function_2023,top100
GO_Molecular_Function_2023,Ubiquitin-Like Protein Ligase Binding (GO:0044389),1/289,0.2526690190113976,0.2856258475781016,0,0,3.598684210526316,4.950619440611226,RPL5,Rack1,GO_Molecular_Function_2023,top100
GO_Molecular_Function_2023,Cadherin Binding (GO:0045296),1/319,0.2751023557551568,0.2980275520680865,0,0,3.254220456802383,4.199936127810808,RPL6,Rack1,GO_Molecular_Function_2023,top100
GO_Molecular_Function_2023,Double-Stranded DNA Binding (GO:0003690),1/650,0.4837247069501915,0.4900936311913308,0,0,1.56767496553402,1.1385072031128292,BANF1,Rack1,GO_Molecular_Function_2023,top100
GO_Molecular_Function_2023,Protein Homodimerization Activity (GO:0042803),1/662,0.4900936311913308,0.4900936311913308,0,0,1.5382594155585636,1.097023272834384,BANF1,Rack1,GO_Molecular_Function_2023,top100
