Gene_set,Term,Overlap,P-value,Adjusted P-value,Old P-value,Old Adjusted P-value,Odds Ratio,Combined Score,Genes,Reference_Gene,Gene_Set_Library,Method
GO_Biological_Process_2023,Cytoplasmic Translation (GO:0002181),10/93,5.100659440696498e-19,5.2026726295104265e-17,0,0,239.72289156626505,10097.067526918294,RPL4;RPL5;RPL3;RPS7;RPS8;RPS5;RPLP0;RPS6;RPSA;RPL6,Rack1,GO_Biological_Process_2023,top100
GO_Biological_Process_2023,Peptide Biosynthetic Process (GO:0043043),10/158,1.224594609059714e-16,6.245432506204541e-15,0,0,134.0,4909.592718427737,RPL4;RPL5;RPL3;RPS7;RPS8;RPS5;RPLP0;RPS6;RPSA;RPL6,Rack1,GO_Biological_Process_2023,top100
GO_Biological_Process_2023,Macromolecule Biosynthetic Process (GO:0009059),10/183,5.476951862103724e-16,1.8621636331152662e-14,0,0,114.49132947976878,4023.318373179016,RPL4;RPL5;RPL3;RPS7;RPS8;RPS5;RPLP0;RPS6;RPSA;RPL6,Rack1,GO_Biological_Process_2023,top100
GO_Biological_Process_2023,Gene Expression (GO:0010467),11/296,9.245922216978646e-16,2.3577101653295547e-14,0,0,84.46198830409357,2923.8357572598884,RPL4;RPL5;RPL3;NXT1;RPS7;RPS8;RPS5;RPLP0;RPS6;RPSA;RPL6,Rack1,GO_Biological_Process_2023,top100
GO_Biological_Process_2023,Translation (GO:0006412),10/234,6.608168006933138e-15,1.34806627341436e-13,0,0,88.19642857142857,2879.6548393785265,RPL4;RPL5;RPL3;RPS7;RPS8;RPS5;RPLP0;RPS6;RPSA;RPL6,Rack1,GO_Biological_Process_2023,top100
GO_Biological_Process_2023,protein-RNA Complex Assembly (GO:0022618),7/150,8.280457833134762e-11,1.4076778316329094e-09,0,0,74.69553523399678,1734.0223233580407,RPL5;EIF3K;RPS5;RPLP0;RPSA;EIF3F;RPL6,Rack1,GO_Biological_Process_2023,top100
GO_Biological_Process_2023,Ribosome Assembly (GO:0042255),5/50,1.1980035847042452e-09,1.7456623662833292e-08,0,0,147.66666666666666,3033.4586466141805,RPL5;RPS5;RPLP0;RPSA;RPL6,Rack1,GO_Biological_Process_2023,top100
GO_Biological_Process_2023,Ribosomal Small Subunit Biogenesis (GO:0042274),5/84,1.7088905885869356e-08,2.178835500448343e-07,0,0,83.9704641350211,1501.7980103455711,RPS7;RPS8;RPS5;RPS6;RPSA,Rack1,GO_Biological_Process_2023,top100
GO_Biological_Process_2023,Ribonucleoprotein Complex Biogenesis (GO:0022613),5/118,9.480967662293813e-08,1.0745096683932987e-06,0,0,58.6047197640118,947.720034591558,RPL5;RPS7;RPS8;RPS5;RPS6,Rack1,GO_Biological_Process_2023,top100
GO_Biological_Process_2023,Ribosome Biogenesis (GO:0042254),5/155,3.698415887750061e-07,3.772384205505062e-06,0,0,44.06666666666667,652.6357527737483,RPL5;RPS7;RPS8;RPS5;RPS6,Rack1,GO_Biological_Process_2023,top100
GO_Biological_Process_2023,Ribosomal Large Subunit Assembly (GO:0000027),3/22,1.3009213387008683e-06,1.2063088777044416e-05,0,0,185.39628482972137,2512.5716226669324,RPL5;RPLP0;RPL6,Rack1,GO_Biological_Process_2023,top100
GO_Biological_Process_2023,Ribosomal Large Subunit Biogenesis (GO:0042273),3/54,2.0530658518209544e-05,0.00017451059740478112,0,0,68.95847750865052,744.3096195574882,RPL5;RPLP0;RPL6,Rack1,GO_Biological_Process_2023,top100
GO_Biological_Process_2023,Negative Regulation Of Ubiquitin Protein Ligase Activity (GO:1904667),2/8,2.650430025143172e-05,0.0002079568173573873,0,0,369.8888888888889,3897.964407357134,RPL5;RPS7,Rack1,GO_Biological_Process_2023,top100
GO_Biological_Process_2023,Formation Of Cytoplasmic Translation Initiation Complex (GO:0001732),2/14,8.583035665856277e-05,0.000625335455655243,0,0,184.88888888888889,1731.1401456194585,EIF3K;EIF3F,Rack1,GO_Biological_Process_2023,top100
GO_Biological_Process_2023,rRNA Metabolic Process (GO:0016072),3/91,9.821177076997982e-05,0.0006678400412358628,0,0,39.8903743315508,368.1237115626743,RPL5;RPS7;RPS6,Rack1,GO_Biological_Process_2023,top100
GO_Biological_Process_2023,Negative Regulation Of Ubiquitin-Protein Transferase Activity (GO:0051444),2/17,0.0001280437171265482,0.0006827290371669765,0,0,147.88888888888889,1325.548639908665,RPL5;RPS7,Rack1,GO_Biological_Process_2023,top100
GO_Biological_Process_2023,Ribosomal Small Subunit Assembly (GO:0000028),2/17,0.0001280437171265482,0.0006827290371669765,0,0,147.88888888888889,1325.548639908665,RPS5;RPSA,Rack1,GO_Biological_Process_2023,top100
GO_Biological_Process_2023,Regulation Of Ubiquitin Protein Ligase Activity (GO:1904666),2/17,0.0001280437171265482,0.0006827290371669765,0,0,147.88888888888889,1325.548639908665,RPL5;RPS7,Rack1,GO_Biological_Process_2023,top100
GO_Biological_Process_2023,ncRNA Processing (GO:0034470),3/100,0.00012997496316054035,0.0006827290371669765,0,0,36.1728320194057,323.6806038860264,RPL5;RPS7;RPS6,Rack1,GO_Biological_Process_2023,top100
GO_Biological_Process_2023,rRNA Processing (GO:0006364),3/101,0.0001338684386601915,0.0006827290371669765,0,0,35.801920768307326,319.30490954604386,RPL5;RPS7;RPS6,Rack1,GO_Biological_Process_2023,top100
GO_Biological_Process_2023,Negative Regulation Of Proteolysis Involved In Protein Catabolic Process (GO:1903051),2/25,0.0002810990498662536,0.0013653382422075,0,0,96.41062801932368,788.3307567801231,RPL5;RPS7,Rack1,GO_Biological_Process_2023,top100
GO_Biological_Process_2023,Cytoplasmic Translational Initiation (GO:0002183),2/30,0.00040637445946356223,0.0018840997666037,0,0,79.17460317460318,618.2139479571657,EIF3K;EIF3F,Rack1,GO_Biological_Process_2023,top100
GO_Biological_Process_2023,Negative Regulation Of Ubiquitin-Dependent Protein Catabolic Process (GO:2000059),2/39,0.0006885154392429702,0.0030534162957731,0,0,59.888888888888886,436.0493719555131,RPL5;RPS7,Rack1,GO_Biological_Process_2023,top100
GO_Biological_Process_2023,Regulation Of Ubiquitin-Dependent Protein Catabolic Process (GO:2000058),2/42,0.0007985794740225155,0.0033939627645956,0,0,55.388888888888886,395.07100210657006,RPL5;RPS7,Rack1,GO_Biological_Process_2023,top100
GO_Biological_Process_2023,Negative Regulation Of Catabolic Process (GO:0009895),2/72,0.0023284906232039,0.009500241742672,0,0,31.603174603174605,191.59535285451057,RPL5;RPS7,Rack1,GO_Biological_Process_2023,top100
GO_Biological_Process_2023,Positive Regulation Of Intrinsic Apoptotic Signaling Pathway By P53 Class Mediator (GO:1902255),1/5,0.0049904406959516,0.0195778827302718,0,0,262.8421052631579,1393.123889480945,RPS7,Rack1,GO_Biological_Process_2023,top100
GO_Biological_Process_2023,Regulation Of Intrinsic Apoptotic Signaling Pathway By P53 Class Mediator (GO:1902253),1/8,0.0079733565142536,0.0290457987304952,0,0,150.17293233082708,725.5830081396662,RPS7,Rack1,GO_Biological_Process_2023,top100
GO_Biological_Process_2023,Regulation Of RNA Biosynthetic Process (GO:2001141),1/8,0.0079733565142536,0.0290457987304952,0,0,150.17293233082708,725.5830081396662,RALY,Rack1,GO_Biological_Process_2023,top100
GO_Biological_Process_2023,Mitotic Nuclear Membrane Organization (GO:0101024),1/9,0.0089657734963174,0.0304836298874792,0,0,131.39473684210526,619.439581424405,BANF1,Rack1,GO_Biological_Process_2023,top100
GO_Biological_Process_2023,Mitotic Nuclear Membrane Reassembly (GO:0007084),1/9,0.0089657734963174,0.0304836298874792,0,0,131.39473684210526,619.439581424405,BANF1,Rack1,GO_Biological_Process_2023,top100
GO_Biological_Process_2023,Regulation Of Protein Neddylation (GO:2000434),1/18,0.0178551954764704,0.0576380401775201,0,0,61.80495356037152,248.79341471282052,RPL5,Rack1,GO_Biological_Process_2023,top100
GO_Biological_Process_2023,Protein Stabilization (GO:0050821),2/208,0.0180825224086337,0.0576380401775201,0,0,10.665587918015104,42.79897166722122,RPL5;RPS7,Rack1,GO_Biological_Process_2023,top100
GO_Biological_Process_2023,Positive Regulation Of Signal Transduction By P53 Class Mediator (GO:1901798),1/21,0.0208014680109953,0.06429544657944,0,0,52.526315789473685,203.4203291515269,RPS7,Rack1,GO_Biological_Process_2023,top100
GO_Biological_Process_2023,Nuclear Membrane Reassembly (GO:0031468),1/23,0.0227609834903901,0.0663320090291368,0,0,47.74641148325359,180.6107068727385,BANF1,Rack1,GO_Biological_Process_2023,top100
GO_Biological_Process_2023,Entrainment Of Circadian Clock By Photoperiod (GO:0043153),1/23,0.0227609834903901,0.0663320090291368,0,0,47.74641148325359,180.6107068727385,PPP1CC,Rack1,GO_Biological_Process_2023,top100
GO_Biological_Process_2023,Photoperiodism (GO:0009648),1/24,0.0237393438664972,0.0672614742884088,0,0,45.66819221967963,170.827422984315,PPP1CC,Rack1,GO_Biological_Process_2023,top100
GO_Biological_Process_2023,TOR Signaling (GO:0031929),1/29,0.0286172054274548,0.0788906744216322,0,0,37.50375939849624,133.2788782141628,RPS6,Rack1,GO_Biological_Process_2023,top100
GO_Biological_Process_2023,"Maturation Of SSU-rRNA From Tricistronic rRNA Transcript (SSU-rRNA, 5.8S rRNA, LSU-rRNA) (GO:0000462)",1/30,0.0295899955032417,0.0794257774034383,0,0,36.2087114337568,127.46621354176987,RPS8,Rack1,GO_Biological_Process_2023,top100
GO_Biological_Process_2023,Negative Regulation Of Transferase Activity (GO:0051348),1/37,0.0363736593292806,0.0928923176861044,0,0,29.157894736842103,96.62665093408292,BANF1,Rack1,GO_Biological_Process_2023,top100
GO_Biological_Process_2023,Maturation Of SSU-rRNA (GO:0030490),1/38,0.0373390688738262,0.0928923176861044,0,0,28.36842105263158,93.26728562261796,RPS8,Rack1,GO_Biological_Process_2023,top100
GO_Biological_Process_2023,Negative Regulation Of Type I Interferon Production (GO:0032480),1/38,0.0373390688738262,0.0928923176861044,0,0,28.36842105263158,93.26728562261796,BANF1,Rack1,GO_Biological_Process_2023,top100
GO_Biological_Process_2023,Positive Regulation Of Intrinsic Apoptotic Signaling Pathway (GO:2001244),1/39,0.0383035595748703,0.0930229303961136,0,0,27.62049861495845,90.10393439678076,RPS7,Rack1,GO_Biological_Process_2023,top100
GO_Biological_Process_2023,Nucleic Acid-Templated Transcription (GO:0097659),1/40,0.039267132268101,0.0931452904964256,0,0,26.910931174089068,87.12057233834933,PTMA,Rack1,GO_Biological_Process_2023,top100
GO_Biological_Process_2023,Negative Regulation Of Response To Biotic Stimulus (GO:0002832),1/45,0.044071254437806,0.1021651807421866,0,0,23.84688995215311,74.44873932423765,BANF1,Rack1,GO_Biological_Process_2023,top100
GO_Biological_Process_2023,Regulation Of Signal Transduction By P53 Class Mediator (GO:1901796),1/47,0.0459865060964822,0.1042360804853597,0,0,22.80778032036613,70.23444455974413,RPL5,Rack1,GO_Biological_Process_2023,top100
GO_Biological_Process_2023,Positive Regulation Of Macromolecule Metabolic Process (GO:0010604),2/364,0.0505864941092995,0.1096213155510613,0,0,6.021485573971762,17.96853838967208,RPL5;RPS7,Rack1,GO_Biological_Process_2023,top100
GO_Biological_Process_2023,Negative Regulation Of Innate Immune Response (GO:0045824),1/52,0.0507586997365511,0.1096213155510613,0,0,20.56656346749226,61.30218505418602,BANF1,Rack1,GO_Biological_Process_2023,top100
GO_Biological_Process_2023,Negative Regulation Of Viral Genome Replication (GO:0045071),1/53,0.051710413228189,0.1096213155510613,0,0,20.17004048582996,59.74559828701417,BANF1,Rack1,GO_Biological_Process_2023,top100
GO_Biological_Process_2023,Negative Regulation Of Protein Modification By Small Protein Conjugation Or Removal (GO:1903321),1/54,0.0526612202157059,0.1096213155510613,0,0,19.788480635551142,58.25483230121243,RPL5,Rack1,GO_Biological_Process_2023,top100
GO_Biological_Process_2023,mRNA Transport (GO:0051028),1/58,0.0564553994621354,0.1137774865137357,0,0,18.39612188365651,52.87605301742885,NXT1,Rack1,GO_Biological_Process_2023,top100
GO_Biological_Process_2023,Regulation Of Type I Interferon Production (GO:0032479),1/59,0.0574016861834188,0.1137774865137357,0,0,18.07803992740472,51.661282065881295,BANF1,Rack1,GO_Biological_Process_2023,top100
GO_Biological_Process_2023,protein-DNA Complex Organization (GO:0071824),1/60,0.058347071283324,0.1137774865137357,0,0,17.770740410347905,50.492824203227855,BANF1,Rack1,GO_Biological_Process_2023,top100
GO_Biological_Process_2023,Negative Regulation Of Viral Process (GO:0048525),1/61,0.0592915555925576,0.1137774865137357,0,0,17.473684210526315,49.3681970360476,BANF1,Rack1,GO_Biological_Process_2023,top100
GO_Biological_Process_2023,mRNA Export From Nucleus (GO:0006406),1/62,0.0602351399190365,0.1137774865137357,0,0,17.186367558239862,48.28508895429952,NXT1,Rack1,GO_Biological_Process_2023,top100
GO_Biological_Process_2023,RNA Export From Nucleus (GO:0006405),1/65,0.0630605011079274,0.1162076876971575,0,0,16.37828947368421,45.26403459739593,NXT1,Rack1,GO_Biological_Process_2023,top100
GO_Biological_Process_2023,Negative Regulation Of Immune Response (GO:0050777),1/66,0.0640004936134332,0.1162076876971575,0,0,16.125506072874494,44.32683091319527,BANF1,Rack1,GO_Biological_Process_2023,top100
GO_Biological_Process_2023,Regulation Of Viral Genome Replication (GO:0045069),1/67,0.0649395901837056,0.1162076876971575,0,0,15.880382775119616,43.421696050712754,BANF1,Rack1,GO_Biological_Process_2023,top100
GO_Biological_Process_2023,Cholesterol Homeostasis (GO:0042632),1/72,0.0696216623496152,0.1215300215035864,0,0,14.758339510748703,39.32624503481652,RALY,Rack1,GO_Biological_Process_2023,top100
GO_Biological_Process_2023,Sterol Homeostasis (GO:0055092),1/73,0.0705554002871621,0.1215300215035864,0,0,14.552631578947368,38.5842224505161,RALY,Rack1,GO_Biological_Process_2023,top100
GO_Biological_Process_2023,Import Into Nucleus (GO:0051170),1/74,0.0714882479432861,0.1215300215035864,0,0,14.352559480894016,37.865241152955655,NXT1,Rack1,GO_Biological_Process_2023,top100
GO_Biological_Process_2023,Regulation Of Nucleic Acid-Templated Transcription (GO:1903506),2/452,0.0740949998934753,0.1232729257875944,0,0,4.822222222222222,12.549385960238991,RALY;RPL6,Rack1,GO_Biological_Process_2023,top100
GO_Biological_Process_2023,Regulation Of Innate Immune Response (GO:0045088),1/78,0.0752107517706809,0.1232729257875944,0,0,13.604237867395762,35.20043603994484,BANF1,Rack1,GO_Biological_Process_2023,top100
GO_Biological_Process_2023,Protein Import Into Nucleus (GO:0006606),1/79,0.0761391600452789,0.1232729257875944,0,0,13.429149797570853,34.58264664318254,NXT1,Rack1,GO_Biological_Process_2023,top100
GO_Biological_Process_2023,Establishment Of Protein Localization To Organelle (GO:0072594),1/85,0.0816910427282763,0.1270429484802116,0,0,12.466165413533837,31.225387249064404,NXT1,Rack1,GO_Biological_Process_2023,top100
GO_Biological_Process_2023,Positive Regulation Of Amide Metabolic Process (GO:0034250),1/85,0.0816910427282763,0.1270429484802116,0,0,12.466165413533837,31.225387249064404,RPL5,Rack1,GO_Biological_Process_2023,top100
GO_Biological_Process_2023,Positive Regulation Of Gene Expression (GO:0010628),2/480,0.0822042607813134,0.1270429484802116,0,0,4.533240353324035,11.326519270835336,RPL5;RPS7,Rack1,GO_Biological_Process_2023,top100
GO_Biological_Process_2023,Glucose Homeostasis (GO:0042593),1/87,0.0835346163259223,0.1271721024663294,0,0,12.175030599755202,30.22444243789128,RPS6,Rack1,GO_Biological_Process_2023,top100
GO_Biological_Process_2023,MAPK Cascade (GO:0000165),1/98,0.0936115860195749,0.1404173790293625,0,0,10.788388497015736,25.553389086720664,PPP1CC,Rack1,GO_Biological_Process_2023,top100
GO_Biological_Process_2023,Regulation Of Gene Expression (GO:0010468),3/1127,0.0996300977298713,0.1472792749050272,0,0,2.9604354197194893,6.827625487602167,RPL5;RPS7;RPL6,Rack1,GO_Biological_Process_2023,top100
GO_Biological_Process_2023,Positive Regulation Of Translation (GO:0045727),1/108,0.1026810483364275,0.1496209561473658,0,0,9.775209050664044,22.249624223401657,RPL5,Rack1,GO_Biological_Process_2023,top100
GO_Biological_Process_2023,Protein Deubiquitination (GO:0016579),1/112,0.1062846380154363,0.1505699038552015,0,0,9.421052631578949,21.11855678854484,EIF3F,Rack1,GO_Biological_Process_2023,top100
GO_Biological_Process_2023,Negative Regulation Of Defense Response (GO:0031348),1/112,0.1062846380154363,0.1505699038552015,0,0,9.421052631578949,21.11855678854484,BANF1,Rack1,GO_Biological_Process_2023,top100
GO_Biological_Process_2023,Protein Modification By Small Protein Removal (GO:0070646),1/114,0.1080812731653967,0.1510176693543899,0,0,9.253376804843969,20.587577159291502,EIF3F,Rack1,GO_Biological_Process_2023,top100
GO_Biological_Process_2023,Protein Localization To Nucleus (GO:0034504),1/122,0.1152335606361476,0.1567176424651607,0,0,8.638103523270987,18.66516440827309,NXT1,Rack1,GO_Biological_Process_2023,top100
GO_Biological_Process_2023,Positive Regulation Of Macromolecule Biosynthetic Process (GO:0010557),1/122,0.1152335606361476,0.1567176424651607,0,0,8.638103523270987,18.66516440827309,RPL5,Rack1,GO_Biological_Process_2023,top100
GO_Biological_Process_2023,Protein Dephosphorylation (GO:0006470),1/124,0.1170131002125961,0.1570438976537475,0,0,8.496790757381259,18.22960442221716,PPP1CC,Rack1,GO_Biological_Process_2023,top100
GO_Biological_Process_2023,Negative Regulation Of Response To External Stimulus (GO:0032102),1/146,0.1363649469064392,0.1794610643653599,0,0,7.199637023593467,14.34470478778898,BANF1,Rack1,GO_Biological_Process_2023,top100
GO_Biological_Process_2023,Dephosphorylation (GO:0016311),1/147,0.1372349315735105,0.1794610643653599,0,0,7.149963950973324,14.200264502888531,PPP1CC,Rack1,GO_Biological_Process_2023,top100
GO_Biological_Process_2023,Regulation Of Apoptotic Process (GO:0042981),2/705,0.155572197455609,0.2008653688667357,0,0,3.046783625730994,5.668983824653513,RPS6;PTMA,Rack1,GO_Biological_Process_2023,top100
GO_Biological_Process_2023,Positive Regulation Of Cellular Biosynthetic Process (GO:0031328),1/174,0.1604122537407113,0.2045256235194069,0,0,6.02585944630362,11.027372148017925,RPL5,Rack1,GO_Biological_Process_2023,top100
GO_Biological_Process_2023,Negative Regulation Of Cytokine Production (GO:0001818),1/178,0.1637952066689923,0.2058432434805045,0,0,5.888492417484389,10.653097581617864,BANF1,Rack1,GO_Biological_Process_2023,top100
GO_Biological_Process_2023,"RNA Splicing, Via Transesterification Reactions With Bulged Adenosine As Nucleophile (GO:0000377)",1/180,0.1654818231902095,0.2058432434805045,0,0,5.822111143781241,10.473360337315544,RALY,Rack1,GO_Biological_Process_2023,top100
GO_Biological_Process_2023,Positive Regulation Of Protein Metabolic Process (GO:0051247),1/196,0.1788588908629642,0.2198024923858115,0,0,5.340080971659919,9.191123636275076,RPL5,Rack1,GO_Biological_Process_2023,top100
GO_Biological_Process_2023,DNA-templated Transcription (GO:0006351),1/199,0.1813443049449992,0.2202037988617847,0,0,5.258373205741627,8.977924599699485,PTMA,Rack1,GO_Biological_Process_2023,top100
GO_Biological_Process_2023,Regulation Of Translation (GO:0006417),1/202,0.1838225713143234,0.2205870855771881,0,0,5.17910447761194,8.772285712048289,RPL5,Rack1,GO_Biological_Process_2023,top100
GO_Biological_Process_2023,"mRNA Splicing, Via Spliceosome (GO:0000398)",1/211,0.1912146784670498,0.2267895023678963,0,0,4.954887218045113,8.197159840645964,RALY,Rack1,GO_Biological_Process_2023,top100
GO_Biological_Process_2023,mRNA Processing (GO:0006397),1/214,0.1936645481356278,0.2270549874693567,0,0,4.884358784284656,8.018298920832006,RALY,Rack1,GO_Biological_Process_2023,top100
GO_Biological_Process_2023,Positive Regulation Of Programmed Cell Death (GO:0043068),1/245,0.2185704849775349,0.2533430621330518,0,0,4.257118205349439,6.473572881408745,RPS6,Rack1,GO_Biological_Process_2023,top100
GO_Biological_Process_2023,Chromatin Organization (GO:0006325),1/268,0.2365749458712976,0.2698713578401455,0,0,3.885866351271437,5.601438362527015,BANF1,Rack1,GO_Biological_Process_2023,top100
GO_Biological_Process_2023,Positive Regulation Of Apoptotic Process (GO:0043065),1/270,0.2381217863295401,0.2698713578401455,0,0,3.856583838779104,5.53409379242142,RPS6,Rack1,GO_Biological_Process_2023,top100
GO_Biological_Process_2023,Regulation Of Intracellular Signal Transduction (GO:1902531),1/297,0.2587148864025256,0.2899881144292046,0,0,3.5,4.732100269175356,RPL5,Rack1,GO_Biological_Process_2023,top100
GO_Biological_Process_2023,Intracellular Protein Transport (GO:0006886),1/325,0.2795115774127264,0.3098932706097619,0,0,3.192982456140351,4.070131664880384,NXT1,Rack1,GO_Biological_Process_2023,top100
GO_Biological_Process_2023,Negative Regulation Of Programmed Cell Death (GO:0043069),1/381,0.3194538394860498,0.3503687271782481,0,0,2.714681440443213,3.097838346524308,PTMA,Rack1,GO_Biological_Process_2023,top100
GO_Biological_Process_2023,Negative Regulation Of Apoptotic Process (GO:0043066),1/482,0.3862311934886067,0.4153656007327251,0,0,2.133603238866397,2.02973760246591,PTMA,Rack1,GO_Biological_Process_2023,top100
GO_Biological_Process_2023,Positive Regulation Of Cell Population Proliferation (GO:0008284),1/483,0.3868601183294989,0.4153656007327251,0,0,2.1290674819829656,2.021958573619618,RPS6,Rack1,GO_Biological_Process_2023,top100
GO_Biological_Process_2023,Positive Regulation Of Cellular Process (GO:0048522),1/594,0.4529906402414605,0.4813025552565518,0,0,1.720688737019615,1.3625855622405671,RPS6,Rack1,GO_Biological_Process_2023,top100
GO_Biological_Process_2023,Protein Modification Process (GO:0036211),1/711,0.5153337446566959,0.5418973397420926,0,0,1.4284655300222386,0.9469877103209676,PPP1CC,Rack1,GO_Biological_Process_2023,top100
GO_Biological_Process_2023,Regulation Of Cell Population Proliferation (GO:0042127),1/766,0.5422497661362374,0.5643824096520023,0,0,1.3219814241486068,0.8090903881077673,RPS6,Rack1,GO_Biological_Process_2023,top100
GO_Biological_Process_2023,Positive Regulation Of Transcription By RNA Polymerase II (GO:0045944),1/938,0.6175566364498595,0.636270473918037,0,0,1.0696511823849912,0.5155552857582298,PTMA,Rack1,GO_Biological_Process_2023,top100
GO_Biological_Process_2023,Positive Regulation Of DNA-templated Transcription (GO:0045893),1/1243,0.7230537371308502,0.7375148118734672,0,0,0.7940503432494279,0.2574880819824222,PTMA,Rack1,GO_Biological_Process_2023,top100
GO_Biological_Process_2023,Regulation Of DNA-templated Transcription (GO:0006355),1/1922,0.8675741412794105,0.876163984262375,0,0,0.4947806789227102,0.0702857256505661,RPL6,Rack1,GO_Biological_Process_2023,top100
GO_Biological_Process_2023,Regulation Of Transcription By RNA Polymerase II (GO:0006357),1/2028,0.8822754372186573,0.8822754372186573,0,0,0.4661542855659128,0.0583862832570108,PTMA,Rack1,GO_Biological_Process_2023,top100
