Gene_set,Term,Overlap,P-value,Adjusted P-value,Old P-value,Old Adjusted P-value,Odds Ratio,Combined Score,Genes,Reference_Gene,Gene_Set_Library,Method
GO_Cellular_Component_2023,Focal Adhesion (GO:0005925),9/387,4.8234409597212495e-11,6.365154801141977e-10,0,0,42.42857142857143,1007.8885274116386,RPL4;RPL5;PPP1CC;RPL3;RPS7;RPS8;RPS5;RPLP0;RPL6,Rack1,GO_Cellular_Component_2023,top100
GO_Cellular_Component_2023,Cell-Substrate Junction (GO:0030055),9/395,5.786504364674525e-11,6.365154801141977e-10,0,0,41.53226566179934,979.0362629551092,RPL4;RPL5;PPP1CC;RPL3;RPS7;RPS8;RPS5;RPLP0;RPL6,Rack1,GO_Cellular_Component_2023,top100
GO_Cellular_Component_2023,Cytosolic Small Ribosomal Subunit (GO:0022627),5/41,4.261148108708517e-10,2.658680641638034e-09,0,0,184.66666666666663,3984.425670824527,RPS7;RPS8;RPS5;RPS6;RPSA,Rack1,GO_Cellular_Component_2023,top100
GO_Cellular_Component_2023,Small Ribosomal Subunit (GO:0015935),5/42,4.833964802978245e-10,2.658680641638034e-09,0,0,179.66666666666666,3853.883045878678,RPS7;RPS8;RPS5;RPS6;RPSA,Rack1,GO_Cellular_Component_2023,top100
GO_Cellular_Component_2023,Cytosolic Large Ribosomal Subunit (GO:0022625),5/52,1.4676884193687114e-09,5.381524204351942e-09,0,0,141.36879432624113,2875.381502712512,RPL4;RPL5;RPL3;RPLP0;RPL6,Rack1,GO_Cellular_Component_2023,top100
GO_Cellular_Component_2023,Large Ribosomal Subunit (GO:0015934),5/52,1.4676884193687114e-09,5.381524204351942e-09,0,0,141.36879432624113,2875.381502712512,RPL4;RPL5;RPL3;RPLP0;RPL6,Rack1,GO_Cellular_Component_2023,top100
GO_Cellular_Component_2023,Small-Subunit Processome (GO:0032040),4/73,7.56965669486201e-07,2.379034961242346e-06,0,0,72.1413043478261,1016.7557874616024,RPS7;RPS8;RPS5;RPS6,Rack1,GO_Cellular_Component_2023,top100
GO_Cellular_Component_2023,Nucleus (GO:0005634),14/4487,7.690204705831482e-06,2.1148062941036573e-05,0,0,8.089201877934272,95.25490758762076,RPL4;RPL5;RPL3;NXT1;RPS7;RPS8;RPLP0;RPS6;RPSA;RPL6;PPP1CC;BANF1;RALY;PTMA,Rack1,GO_Cellular_Component_2023,top100
GO_Cellular_Component_2023,Ribosome (GO:0005840),3/61,2.965691309905068e-05,7.249467646434611e-05,0,0,60.614604462474645,631.9566707840806,RPS7;RPS5;RPL6,Rack1,GO_Cellular_Component_2023,top100
GO_Cellular_Component_2023,Intracellular Membrane-Bounded Organelle (GO:0043231),14/5175,4.440067563610093e-05,9.768148639942204e-05,0,0,6.699799780404314,67.14710768778576,RPL4;RPL5;RPL3;NXT1;RPS7;RPS8;RPLP0;RPS6;RPSA;RPL6;PPP1CC;BANF1;RALY;PTMA,Rack1,GO_Cellular_Component_2023,top100
GO_Cellular_Component_2023,Nucleolus (GO:0005730),6/771,7.843964834320246e-05,0.00015336069972969352,0,0,10.764705882352942,101.76071354583696,RPL4;RPL5;PPP1CC;RPL3;RPS7;RPS6,Rack1,GO_Cellular_Component_2023,top100
GO_Cellular_Component_2023,Nuclear Lumen (GO:0031981),6/780,8.365129076165102e-05,0.00015336069972969352,0,0,10.634551495016613,99.84624815338618,RPL4;RPL5;PPP1CC;RPL3;RPS7;RPS6,Rack1,GO_Cellular_Component_2023,top100
GO_Cellular_Component_2023,Intracellular Non-Membrane-Bounded Organelle (GO:0043232),7/1195,0.00010392318885298817,0.00017587001190505686,0,0,8.517482517482517,78.12114443015429,RPL4;RPL5;PPP1CC;RPL3;RPS7;RPS5;RPS6,Rack1,GO_Cellular_Component_2023,top100
GO_Cellular_Component_2023,PTW/PP1 Phosphatase Complex (GO:0072357),1/6,0.0059856908667451,0.0094060856477424,0,0,210.26315789473685,1076.2074808846232,PPP1CC,Rack1,GO_Cellular_Component_2023,top100
GO_Cellular_Component_2023,Polysomal Ribosome (GO:0042788),1/28,0.0276434890482457,0.040543783937427,0,0,38.89473684210526,139.56851455439977,RPL6,Rack1,GO_Cellular_Component_2023,top100
GO_Cellular_Component_2023,Rough Endoplasmic Reticulum (GO:0005791),1/30,0.0295899955032417,0.0406862438169573,0,0,36.2087114337568,127.46621354176987,RPL4,Rack1,GO_Cellular_Component_2023,top100
GO_Cellular_Component_2023,Condensed Chromosome (GO:0000793),1/60,0.058347071283324,0.0755079746019487,0,0,17.770740410347905,50.492824203227855,BANF1,Rack1,GO_Cellular_Component_2023,top100
GO_Cellular_Component_2023,Asymmetric Synapse (GO:0032279),1/133,0.1249790349715015,0.1527521538540575,0,0,7.913875598086125,16.457769102687624,RPLP0,Rack1,GO_Cellular_Component_2023,top100
GO_Cellular_Component_2023,Postsynaptic Density (GO:0014069),1/151,0.1407065517297098,0.1629233756870324,0,0,6.957894736842105,13.64497951804777,RPLP0,Rack1,GO_Cellular_Component_2023,top100
GO_Cellular_Component_2023,Chromosome (GO:0005694),1/164,0.1518978967110384,0.1670876863821423,0,0,6.398773006134969,12.058786655225672,BANF1,Rack1,GO_Cellular_Component_2023,top100
GO_Cellular_Component_2023,Dendrite (GO:0030425),1/270,0.2381217863295401,0.2494609190118992,0,0,3.856583838779104,5.53409379242142,RPS6,Rack1,GO_Cellular_Component_2023,top100
GO_Cellular_Component_2023,Neuron Projection (GO:0043005),1/557,0.431739060722593,0.431739060722593,0,0,1.8386974630821655,1.544384329873897,RPS6,Rack1,GO_Cellular_Component_2023,top100
