Gene_set,Term,Overlap,P-value,Adjusted P-value,Old P-value,Old Adjusted P-value,Odds Ratio,Combined Score,Genes,Reference_Gene,Gene_Set_Library,Method
GO_Cellular_Component_2023,Cytosolic Large Ribosomal Subunit (GO:0022625),8/52,1.4594928759192322e-16,2.9919603956344257e-15,0,0,302.06060606060606,11014.118177551129,RPL32;RPL31;RPL34;RPL37A;RPL36;RPL35;RPL37;RPL39,Rps29,GO_Cellular_Component_2023,top100
GO_Cellular_Component_2023,Large Ribosomal Subunit (GO:0015934),8/52,1.4594928759192322e-16,2.9919603956344257e-15,0,0,302.06060606060606,11014.118177551129,RPL32;RPL31;RPL34;RPL37A;RPL36;RPL35;RPL37;RPL39,Rps29,GO_Cellular_Component_2023,top100
GO_Cellular_Component_2023,Ribosome (GO:0005840),8/61,5.684124945804449e-16,7.76830409259941e-15,0,0,250.65408805031447,8798.881974392702,RPS17;RPL32;RPS19;RPL31;RPS18;RPL36;RPL39;RPS23,Rps29,GO_Cellular_Component_2023,top100
GO_Cellular_Component_2023,Cytosolic Small Ribosomal Subunit (GO:0022627),7/41,6.734338958201845e-15,6.622852072402305e-14,0,0,315.8868778280543,10307.8805772977,RPS15;RPS17;RPS19;RPS18;RPS20;RPS24;RPS23,Rps29,GO_Cellular_Component_2023,top100
GO_Cellular_Component_2023,Small Ribosomal Subunit (GO:0015935),7/42,8.0766488687833e-15,6.622852072402305e-14,0,0,306.84615384615387,9957.096124354211,RPS15;RPS17;RPS19;RPS18;RPS20;RPS24;RPS23,Rps29,GO_Cellular_Component_2023,top100
GO_Cellular_Component_2023,Polysomal Ribosome (GO:0042788),5/28,5.633698174893157e-11,3.8496937528436564e-10,0,0,289.231884057971,6825.776996131523,RPL32;RPL31;RPL36;RPL39;RPS23,Rps29,GO_Cellular_Component_2023,top100
GO_Cellular_Component_2023,Small-Subunit Processome (GO:0032040),4/73,7.56965669486201e-07,4.433656064133463e-06,0,0,72.1413043478261,1016.7557874616024,RPS17;RPS19;RPS24;RPS23,Rps29,GO_Cellular_Component_2023,top100
GO_Cellular_Component_2023,Focal Adhesion (GO:0005925),6/387,1.5556637282927017e-06,7.972776607500096e-06,0,0,22.046119235095613,294.8361624905088,RPS15;RPS17;RPS19;RPL31;RPS18;RPL37A,Rps29,GO_Cellular_Component_2023,top100
GO_Cellular_Component_2023,Cell-Substrate Junction (GO:0030055),6/395,1.7517271401165931e-06,7.980090304975591e-06,0,0,21.583914799853105,286.0928118484203,RPS15;RPS17;RPS19;RPL31;RPS18;RPL37A,Rps29,GO_Cellular_Component_2023,top100
GO_Cellular_Component_2023,Intracellular Non-Membrane-Bounded Organelle (GO:0043232),7/1195,0.00010392318885298817,0.0004260850742972514,0,0,8.517482517482517,78.12114443015429,RPS17;RPS19;RPS18;RPL34;RPL36;RPL35;RPS23,Rps29,GO_Cellular_Component_2023,top100
GO_Cellular_Component_2023,Nucleolus (GO:0005730),4/771,0.0064824615351148,0.023068305946581,0,0,6.26238591916558,31.554001962082072,RPS19;RPL34;RPL36;RPL35,Rps29,GO_Cellular_Component_2023,top100
GO_Cellular_Component_2023,Nuclear Lumen (GO:0031981),4/780,0.0067516993014383,0.023068305946581,0,0,6.186855670103093,30.9216637070519,RPS19;RPL34;RPL36;RPL35,Rps29,GO_Cellular_Component_2023,top100
GO_Cellular_Component_2023,Asymmetric Synapse (GO:0032279),2/133,0.0077103059817958,0.0243171188656637,0,0,16.835453774385073,81.90780602926974,RPS19;RPS18,Rps29,GO_Cellular_Component_2023,top100
GO_Cellular_Component_2023,Postsynaptic Density (GO:0014069),2/151,0.0098411970651095,0.0288206485478207,0,0,14.788217747949291,68.338985367858,RPS19;RPS18,Rps29,GO_Cellular_Component_2023,top100
GO_Cellular_Component_2023,Phagocytic Vesicle Membrane (GO:0030670),1/45,0.044071254437806,0.1204614287966697,0,0,23.84688995215311,74.44873932423765,VAMP8,Rps29,GO_Cellular_Component_2023,top100
GO_Cellular_Component_2023,Azurophil Granule Membrane (GO:0035577),1/58,0.0564553994621354,0.1446669611217219,0,0,18.39612188365651,52.87605301742885,VAMP8,Rps29,GO_Cellular_Component_2023,top100
GO_Cellular_Component_2023,Clathrin-Coated Endocytic Vesicle Membrane (GO:0030669),1/68,0.0658777916264093,0.1502362187544328,0,0,15.642576590730558,42.54708713186295,VAMP8,Rps29,GO_Cellular_Component_2023,top100
GO_Cellular_Component_2023,Recycling Endosome Membrane (GO:0055038),1/70,0.0677515123929905,0.1502362187544328,0,0,15.187643020594964,40.88374528633187,VAMP8,Rps29,GO_Cellular_Component_2023,top100
GO_Cellular_Component_2023,Tertiary Granule Membrane (GO:0070821),1/72,0.0696216623496152,0.1502362187544328,0,0,14.758339510748703,39.32624503481652,VAMP8,Rps29,GO_Cellular_Component_2023,top100
GO_Cellular_Component_2023,Late Endosome Membrane (GO:0031902),1/85,0.0816910427282763,0.1538273393785222,0,0,12.466165413533837,31.225387249064404,VAMP8,Rps29,GO_Cellular_Component_2023,top100
GO_Cellular_Component_2023,Clathrin-Coated Endocytic Vesicle (GO:0045334),1/85,0.0816910427282763,0.1538273393785222,0,0,12.466165413533837,31.225387249064404,VAMP8,Rps29,GO_Cellular_Component_2023,top100
GO_Cellular_Component_2023,Specific Granule Membrane (GO:0035579),1/90,0.0862933855050247,0.1538273393785222,0,0,11.762862211709049,28.81903981668561,VAMP8,Rps29,GO_Cellular_Component_2023,top100
GO_Cellular_Component_2023,Clathrin-Coated Vesicle Membrane (GO:0030665),1/90,0.0862933855050247,0.1538273393785222,0,0,11.762862211709049,28.81903981668561,VAMP8,Rps29,GO_Cellular_Component_2023,top100
GO_Cellular_Component_2023,Phagocytic Vesicle (GO:0045335),1/100,0.0954324164624814,0.1630303781234058,0,0,10.569377990430622,24.83103038927071,VAMP8,Rps29,GO_Cellular_Component_2023,top100
GO_Cellular_Component_2023,Azurophil Granule (GO:0042582),1/155,0.1441648985018541,0.2123308152814297,0,0,6.775803144224197,13.123358631426164,VAMP8,Rps29,GO_Cellular_Component_2023,top100
GO_Cellular_Component_2023,Recycling Endosome (GO:0055037),1/159,0.1476100199777224,0.2123308152814297,0,0,6.602931379080613,12.632606048584067,VAMP8,Rps29,GO_Cellular_Component_2023,top100
GO_Cellular_Component_2023,Endocytic Vesicle Membrane (GO:0030666),1/159,0.1476100199777224,0.2123308152814297,0,0,6.602931379080613,12.632606048584067,VAMP8,Rps29,GO_Cellular_Component_2023,top100
GO_Cellular_Component_2023,Specific Granule (GO:0042581),1/159,0.1476100199777224,0.2123308152814297,0,0,6.602931379080613,12.632606048584067,VAMP8,Rps29,GO_Cellular_Component_2023,top100
GO_Cellular_Component_2023,Tertiary Granule (GO:0070820),1/162,0.1501852108088162,0.2123308152814297,0,0,6.478914677999346,12.283283683900576,VAMP8,Rps29,GO_Cellular_Component_2023,top100
GO_Cellular_Component_2023,Late Endosome (GO:0005770),1/205,0.1862937094122744,0.2546014028634418,0,0,5.102167182662539,8.573838716448728,VAMP8,Rps29,GO_Cellular_Component_2023,top100
GO_Cellular_Component_2023,Vesicle (GO:0031982),1/235,0.2106172849722148,0.2785583446406712,0,0,4.441295546558704,6.918262067655786,VAMP8,Rps29,GO_Cellular_Component_2023,top100
GO_Cellular_Component_2023,Secretory Granule Membrane (GO:0030667),1/279,0.2450457967138161,0.312035157940256,0,0,3.7300265051117,5.245574173234264,VAMP8,Rps29,GO_Cellular_Component_2023,top100
GO_Cellular_Component_2023,Lytic Vacuole Membrane (GO:0098852),1/287,0.2511502490738646,0.312035157940256,0,0,3.624217887375782,5.007596051240995,VAMP8,Rps29,GO_Cellular_Component_2023,top100
GO_Cellular_Component_2023,Early Endosome (GO:0005769),1/307,0.2662068921600892,0.3210141934871664,0,0,3.3839009287925697,4.478530217691708,VAMP8,Rps29,GO_Cellular_Component_2023,top100
GO_Cellular_Component_2023,Lysosomal Membrane (GO:0005765),1/356,0.3018896241681408,0.3478583042310522,0,0,2.909562638991846,3.4847651663083865,VAMP8,Rps29,GO_Cellular_Component_2023,top100
GO_Cellular_Component_2023,Endosome Membrane (GO:0010008),1/361,0.3054365598126312,0.3478583042310522,0,0,2.8684210526315788,3.4019851802991394,VAMP8,Rps29,GO_Cellular_Component_2023,top100
GO_Cellular_Component_2023,Cytoplasmic Vesicle Membrane (GO:0030659),1/389,0.3249851506185678,0.3601186804151698,0,0,2.657623440043408,2.9871044004975347,VAMP8,Rps29,GO_Cellular_Component_2023,top100
GO_Cellular_Component_2023,Lysosome (GO:0005764),1/503,0.399310787287629,0.430835323126126,0,0,2.042147200671,1.874722272514952,VAMP8,Rps29,GO_Cellular_Component_2023,top100
GO_Cellular_Component_2023,Nucleus (GO:0005634),5/4487,0.4770200727104913,0.5014826405417986,0,0,1.1526104417670682,0.8531584544008329,RPS15;RPS18;RPL37A;CSNK1G2;RPS24,Rps29,GO_Cellular_Component_2023,top100
GO_Cellular_Component_2023,Bounding Membrane Of Organelle (GO:0098588),1/819,0.5668389003718434,0.5810098728811394,0,0,1.2329172564663493,0.6999026431686444,VAMP8,Rps29,GO_Cellular_Component_2023,top100
GO_Cellular_Component_2023,Intracellular Membrane-Bounded Organelle (GO:0043231),5/5175,0.6200023983342903,0.6200023983342903,0,0,0.9548678272082528,0.4564573128841614,RPS15;RPS18;RPL37A;CSNK1G2;RPS24,Rps29,GO_Cellular_Component_2023,top100
