Gene_set,Term,Overlap,P-value,Adjusted P-value,Old P-value,Old Adjusted P-value,Odds Ratio,Combined Score,Genes,Reference_Gene,Gene_Set_Library,Method
GO_Molecular_Function_2023,RNA Binding (GO:0003723),15/1411,5.5024142907130745e-14,7.703380006998304e-13,0,0,39.93696275071633,1219.3155832301234,RPL32;RPL31;RPL34;RPS15;RPS17;RPS19;RPS18;RPL37A;RPL36;RPL35;RPS20;RPL37;RPL39;RPS24;RPS23,Rps29,GO_Molecular_Function_2023,top100
GO_Molecular_Function_2023,Ubiquitin Ligase Inhibitor Activity (GO:1990948),3/7,2.984895342450422e-08,2.0894267397152958e-07,0,0,881.2941176470588,15270.285458477152,RPS15;RPS20;RPL37,Rps29,GO_Molecular_Function_2023,top100
GO_Molecular_Function_2023,Ubiquitin-Protein Transferase Inhibitor Activity (GO:0055105),3/8,4.772823930379192e-08,2.2273178341769566e-07,0,0,705.0,11884.70852967154,RPS15;RPS20;RPL37,Rps29,GO_Molecular_Function_2023,top100
GO_Molecular_Function_2023,Chloride Channel Inhibitor Activity (GO:0019869),1/8,0.0079733565142536,0.0279067477998876,0,0,150.17293233082708,725.5830081396662,VAMP8,Rps29,GO_Molecular_Function_2023,top100
GO_Molecular_Function_2023,Chloride Channel Regulator Activity (GO:0017081),1/13,0.0129260209528938,0.0361928586681028,0,0,87.57894736842105,380.8381798737429,VAMP8,Rps29,GO_Molecular_Function_2023,top100
GO_Molecular_Function_2023,Fibroblast Growth Factor Binding (GO:0017134),1/20,0.019820311238232,0.0462473928892082,0,0,55.29362880886426,216.80897525048425,RPS19,Rps29,GO_Molecular_Function_2023,top100
GO_Molecular_Function_2023,Ion Channel Inhibitor Activity (GO:0008200),1/35,0.0344400804224879,0.0688801608449758,0,0,30.876160990712076,104.00740624656504,VAMP8,Rps29,GO_Molecular_Function_2023,top100
GO_Molecular_Function_2023,Syntaxin Binding (GO:0019905),1/53,0.051710413228189,0.0904932231493309,0,0,20.17004048582996,59.74559828701417,VAMP8,Rps29,GO_Molecular_Function_2023,top100
GO_Molecular_Function_2023,mRNA Binding (GO:0003729),1/282,0.2473404855024508,0.3714663668390882,0,0,3.689642255103952,5.154391148859824,RPL35,Rps29,GO_Molecular_Function_2023,top100
GO_Molecular_Function_2023,Cadherin Binding (GO:0045296),1/319,0.2751023557551568,0.3714663668390882,0,0,3.254220456802383,4.199936127810808,RPL34,Rps29,GO_Molecular_Function_2023,top100
GO_Molecular_Function_2023,Protein Serine/Threonine Kinase Activity (GO:0004674),1/342,0.291866431087855,0.3714663668390882,0,0,3.0311776508720483,3.7327710264919576,CSNK1G2,Rps29,GO_Molecular_Function_2023,top100
GO_Molecular_Function_2023,Kinase Binding (GO:0019900),1/460,0.3722387950843977,0.4342785942651307,0,0,2.238390092879257,2.212021204832705,RPS19,Rps29,GO_Molecular_Function_2023,top100
GO_Molecular_Function_2023,Protein Kinase Binding (GO:0019901),1/511,0.4042234856234526,0.4353175999021797,0,0,2.0092879256965945,1.819987629272792,RPS19,Rps29,GO_Molecular_Function_2023,top100
GO_Molecular_Function_2023,DNA Binding (GO:0003677),1/846,0.5788777694872049,0.5788777694872049,0,0,1.1918405481158518,0.6515362378887956,RPS15,Rps29,GO_Molecular_Function_2023,top100
