Gene_set,Term,Overlap,P-value,Adjusted P-value,Old P-value,Old Adjusted P-value,Odds Ratio,Combined Score,Genes,Reference_Gene,Gene_Set_Library,Method
GO_Biological_Process_2023,Cytoplasmic Translation (GO:0002181),15/93,4.7585404122395116e-32,3.902003138036399e-30,0,0,765.4615384615385,55207.21566070648,RPL32;RPL31;RPL34;RPS15;RPS17;RPS19;RPS18;RPL37A;RPL36;RPL35;RPS20;RPL37;RPL39;RPS24;RPS23,Rps29,GO_Biological_Process_2023,top100
GO_Biological_Process_2023,Peptide Biosynthetic Process (GO:0043043),15/158,2.207006457522163e-28,9.048726475840867e-27,0,0,416.1608391608392,26501.432506740297,RPL32;RPL31;RPL34;RPS15;RPS17;RPS19;RPS18;RPL37A;RPL36;RPL35;RPS20;RPL37;RPL39;RPS24;RPS23,Rps29,GO_Biological_Process_2023,top100
GO_Biological_Process_2023,Macromolecule Biosynthetic Process (GO:0009059),15/183,2.1879538766146724e-27,5.980407262746772e-26,0,0,353.7857142857143,21717.78374929176,RPL32;RPL31;RPL34;RPS15;RPS17;RPS19;RPS18;RPL37A;RPL36;RPL35;RPS20;RPL37;RPL39;RPS24;RPS23,Rps29,GO_Biological_Process_2023,top100
GO_Biological_Process_2023,Translation (GO:0006412),15/234,9.848518104882108e-26,2.0189462115008324e-24,0,0,270.6986301369863,15586.797730880278,RPL32;RPL31;RPL34;RPS15;RPS17;RPS19;RPS18;RPL37A;RPL36;RPL35;RPS20;RPL37;RPL39;RPS24;RPS23,Rps29,GO_Biological_Process_2023,top100
GO_Biological_Process_2023,Gene Expression (GO:0010467),15/296,3.635768418477557e-24,5.962660206303194e-23,0,0,210.30960854092527,11350.666518477808,RPL32;RPL31;RPL34;RPS15;RPS17;RPS19;RPS18;RPL37A;RPL36;RPL35;RPS20;RPL37;RPL39;RPS24;RPS23,Rps29,GO_Biological_Process_2023,top100
GO_Biological_Process_2023,Ribosomal Small Subunit Biogenesis (GO:0042274),5/84,1.7088905885869356e-08,2.3354838044021453e-07,0,0,83.9704641350211,1501.7980103455711,RPS15;RPS17;RPS19;RPS24;RPS23,Rps29,GO_Biological_Process_2023,top100
GO_Biological_Process_2023,Ribonucleoprotein Complex Biogenesis (GO:0022613),5/118,9.480967662293813e-08,1.1106276404401322e-06,0,0,58.6047197640118,947.720034591558,RPS15;RPS17;RPS19;RPS24;RPS23,Rps29,GO_Biological_Process_2023,top100
GO_Biological_Process_2023,Ribosome Biogenesis (GO:0042254),5/155,3.698415887750061e-07,3.7908762849438127e-06,0,0,44.06666666666667,652.6357527737483,RPS15;RPS17;RPS19;RPS24;RPS23,Rps29,GO_Biological_Process_2023,top100
GO_Biological_Process_2023,Positive Regulation Of Signal Transduction By P53 Class Mediator (GO:1901798),3/21,1.1242376339211231e-06,1.0243053997948011e-05,0,0,195.7058823529412,2680.8585177409204,RPS15;RPS20;RPL37,Rps29,GO_Biological_Process_2023,top100
GO_Biological_Process_2023,rRNA Metabolic Process (GO:0016072),4/91,1.837445962615732e-06,1.5067056893448996e-05,0,0,57.16379310344828,754.9698762882259,RPS15;RPS17;RPS19;RPS24,Rps29,GO_Biological_Process_2023,top100
GO_Biological_Process_2023,ncRNA Processing (GO:0034470),4/100,2.680321068927162e-06,1.905859093593813e-05,0,0,51.78125,664.3313770708211,RPS15;RPS17;RPS19;RPS24,Rps29,GO_Biological_Process_2023,top100
GO_Biological_Process_2023,rRNA Processing (GO:0006364),4/101,2.7890620881860675e-06,1.905859093593813e-05,0,0,51.24484536082474,655.4115890417039,RPS15;RPS17;RPS19;RPS24,Rps29,GO_Biological_Process_2023,top100
GO_Biological_Process_2023,Regulation Of Signal Transduction By P53 Class Mediator (GO:1901796),3/47,1.3481397438261951e-05,8.50365069182677e-05,0,0,79.9572192513369,896.6562313634217,RPS15;RPS20;RPL37,Rps29,GO_Biological_Process_2023,top100
GO_Biological_Process_2023,Ribosomal Small Subunit Assembly (GO:0000028),2/17,0.0001280437171265482,0.0007499703431697822,0,0,147.88888888888889,1325.548639908665,RPS15;RPS19,Rps29,GO_Biological_Process_2023,top100
GO_Biological_Process_2023,Ribosome Assembly (GO:0042255),2/50,0.0011307590059983,0.0061814825661241,0,0,46.138888888888886,313.0461870363529,RPS15;RPS19,Rps29,GO_Biological_Process_2023,top100
GO_Biological_Process_2023,Antimicrobial Humoral Immune Response Mediated By Antimicrobial Peptide (GO:0061844),2/65,0.0019028153491433,0.0097519286643594,0,0,35.12698412698413,220.05020743610217,RPS19;RPL39,Rps29,GO_Biological_Process_2023,top100
GO_Biological_Process_2023,Antimicrobial Humoral Response (GO:0019730),2/100,0.004434499847536,0.0213899404410562,0,0,22.54195011337869,122.13995997533476,RPS19;RPL39,Rps29,GO_Biological_Process_2023,top100
GO_Biological_Process_2023,Positive Regulation Of Inflammatory Response (GO:0050729),2/104,0.0047867577714046,0.0215376914246334,0,0,21.65359477124183,115.67138059180392,VAMP8;RPS19,Rps29,GO_Biological_Process_2023,top100
GO_Biological_Process_2023,Neutrophil Degranulation (GO:0043312),1/5,0.0049904406959516,0.0215376914246334,0,0,262.8421052631579,1393.123889480945,VAMP8,Rps29,GO_Biological_Process_2023,top100
GO_Biological_Process_2023,Ribosomal Small Subunit Export From Nucleus (GO:0000056),1/6,0.0059856908667451,0.0223103023215047,0,0,210.26315789473685,1076.2074808846232,RPS15,Rps29,GO_Biological_Process_2023,top100
GO_Biological_Process_2023,Autophagosome Membrane Docking (GO:0016240),1/6,0.0059856908667451,0.0223103023215047,0,0,210.26315789473685,1076.2074808846232,VAMP8,Rps29,GO_Biological_Process_2023,top100
GO_Biological_Process_2023,Regulation Of Histamine Secretion By Mast Cell (GO:1903593),1/6,0.0059856908667451,0.0223103023215047,0,0,210.26315789473685,1076.2074808846232,VAMP8,Rps29,GO_Biological_Process_2023,top100
GO_Biological_Process_2023,Positive Regulation Of Mast Cell Degranulation (GO:0043306),1/8,0.0079733565142536,0.0272423014236998,0,0,150.17293233082708,725.5830081396662,VAMP8,Rps29,GO_Biological_Process_2023,top100
GO_Biological_Process_2023,Positive Regulation Of Respiratory Burst (GO:0060267),1/8,0.0079733565142536,0.0272423014236998,0,0,150.17293233082708,725.5830081396662,RPS19,Rps29,GO_Biological_Process_2023,top100
GO_Biological_Process_2023,SNARE Complex Assembly (GO:0035493),1/9,0.0089657734963174,0.0294077370679211,0,0,131.39473684210526,619.439581424405,VAMP8,Rps29,GO_Biological_Process_2023,top100
GO_Biological_Process_2023,protein-RNA Complex Assembly (GO:0022618),2/150,0.0097166464818749,0.030644808135144,0,0,14.88888888888889,68.99384156820626,RPS15;RPS19,Rps29,GO_Biological_Process_2023,top100
GO_Biological_Process_2023,Neutrophil Activation Involved In Immune Response (GO:0002283),1/11,0.0109477797028559,0.0332488124308959,0,0,105.10526315789474,474.5101770765117,VAMP8,Rps29,GO_Biological_Process_2023,top100
GO_Biological_Process_2023,Neutrophil Mediated Immunity (GO:0002446),1/12,0.0119373705403343,0.0349594422966934,0,0,95.54545454545456,423.0830518492731,VAMP8,Rps29,GO_Biological_Process_2023,top100
GO_Biological_Process_2023,Negative Regulation Of Secretion (GO:0051048),1/13,0.0129260209528938,0.0365494385564585,0,0,87.57894736842105,380.8381798737429,VAMP8,Rps29,GO_Biological_Process_2023,top100
GO_Biological_Process_2023,"Maturation Of LSU-rRNA From Tricistronic rRNA Transcript (SSU-rRNA, 5.8S rRNA, LSU-rRNA) (GO:0000463)",1/14,0.01391373176082,0.038030866812908,0,0,80.83805668016194,345.57291333057793,RPL35,Rps29,GO_Biological_Process_2023,top100
GO_Biological_Process_2023,Positive Regulation Of Intracellular Signal Transduction (GO:1902533),3/525,0.0147044623163987,0.0381825409590526,0,0,6.578093306288032,27.756950618955265,RPS15;RPS20;RPL37,Rps29,GO_Biological_Process_2023,top100
GO_Biological_Process_2023,Negative Regulation Of Immune Effector Process (GO:0002698),1/15,0.0149005037888985,0.0381825409590526,0,0,75.06015037593986,315.7300332957057,RPS19,Rps29,GO_Biological_Process_2023,top100
GO_Biological_Process_2023,Defense Response To Bacterium (GO:0042742),2/204,0.017433549076857,0.04331972800916,0,0,10.878987898789878,44.05292561489402,RPS19;RPL39,Rps29,GO_Biological_Process_2023,top100
GO_Biological_Process_2023,Positive Regulation Of Hormone Secretion (GO:0046887),1/19,0.0188382206720142,0.0451462644870842,0,0,58.36842105263158,231.8316321803268,VAMP8,Rps29,GO_Biological_Process_2023,top100
GO_Biological_Process_2023,Regulation Of Protein Localization To Cell Periphery (GO:1904375),1/20,0.019820311238232,0.0451462644870842,0,0,55.29362880886426,216.80897525048425,VAMP8,Rps29,GO_Biological_Process_2023,top100
GO_Biological_Process_2023,Maturation Of LSU-rRNA (GO:0000470),1/20,0.019820311238232,0.0451462644870842,0,0,55.29362880886426,216.80897525048425,RPL35,Rps29,GO_Biological_Process_2023,top100
GO_Biological_Process_2023,Innate Immune Response In Mucosa (GO:0002227),1/21,0.0208014680109953,0.0461005507270706,0,0,52.526315789473685,203.4203291515269,RPL39,Rps29,GO_Biological_Process_2023,top100
GO_Biological_Process_2023,Stress Granule Assembly (GO:0034063),1/24,0.0237393438664972,0.0512270051855993,0,0,45.66819221967963,170.827422984315,RPS23,Rps29,GO_Biological_Process_2023,top100
GO_Biological_Process_2023,Organelle Membrane Fusion (GO:0090174),1/26,0.0256932740553108,0.0540217557060381,0,0,42.01052631578948,153.82263569148483,VAMP8,Rps29,GO_Biological_Process_2023,top100
GO_Biological_Process_2023,Mucosal Immune Response (GO:0002385),1/28,0.0276434890482457,0.0552869780964914,0,0,38.89473684210526,139.56851455439977,RPL39,Rps29,GO_Biological_Process_2023,top100
GO_Biological_Process_2023,Regulation Of Protein Localization To Membrane (GO:1905475),1/28,0.0276434890482457,0.0552869780964914,0,0,38.89473684210526,139.56851455439977,VAMP8,Rps29,GO_Biological_Process_2023,top100
GO_Biological_Process_2023,"Maturation Of SSU-rRNA From Tricistronic rRNA Transcript (SSU-rRNA, 5.8S rRNA, LSU-rRNA) (GO:0000462)",1/30,0.0295899955032417,0.0577709436015671,0,0,36.2087114337568,127.46621354176987,RPS19,Rps29,GO_Biological_Process_2023,top100
GO_Biological_Process_2023,Positive Regulation Of Immune Effector Process (GO:0002699),1/37,0.0363736593292806,0.0693637224418839,0,0,29.157894736842103,96.62665093408292,RPS19,Rps29,GO_Biological_Process_2023,top100
GO_Biological_Process_2023,Maturation Of SSU-rRNA (GO:0030490),1/38,0.0373390688738262,0.0695864465375853,0,0,28.36842105263158,93.26728562261796,RPS19,Rps29,GO_Biological_Process_2023,top100
GO_Biological_Process_2023,Negative Regulation Of Secretion By Cell (GO:1903531),1/40,0.039267132268101,0.0715534410218729,0,0,26.910931174089068,87.12057233834933,VAMP8,Rps29,GO_Biological_Process_2023,top100
GO_Biological_Process_2023,Monocyte Chemotaxis (GO:0002548),1/42,0.0411915269172122,0.0734283740698132,0,0,25.59563543003851,81.63786025385905,RPS19,Rps29,GO_Biological_Process_2023,top100
GO_Biological_Process_2023,Nucleus Organization (GO:0006997),1/44,0.0431122594296053,0.0736501098589091,0,0,24.402692778457773,76.72079424655034,RPS19,Rps29,GO_Biological_Process_2023,top100
GO_Biological_Process_2023,Autophagosome Maturation (GO:0097352),1/44,0.0431122594296053,0.0736501098589091,0,0,24.402692778457773,76.72079424655034,VAMP8,Rps29,GO_Biological_Process_2023,top100
GO_Biological_Process_2023,Positive Regulation Of Innate Immune Response (GO:0045089),1/45,0.044071254437806,0.0737518951816345,0,0,23.84688995215311,74.44873932423765,RPS19,Rps29,GO_Biological_Process_2023,top100
GO_Biological_Process_2023,Erythrocyte Differentiation (GO:0030218),1/49,0.0478981120694178,0.0770126507782797,0,0,21.855263157894736,66.41113333547993,RPS19,Rps29,GO_Biological_Process_2023,top100
GO_Biological_Process_2023,Antibacterial Humoral Response (GO:0019731),1/49,0.0478981120694178,0.0770126507782797,0,0,21.855263157894736,66.41113333547993,RPL39,Rps29,GO_Biological_Process_2023,top100
GO_Biological_Process_2023,Negative Regulation Of Innate Immune Response (GO:0045824),1/52,0.0507586997365511,0.0785323278942867,0,0,20.56656346749226,61.30218505418602,RPS19,Rps29,GO_Biological_Process_2023,top100
GO_Biological_Process_2023,Regulation Of Cell Development (GO:0060284),1/52,0.0507586997365511,0.0785323278942867,0,0,20.56656346749226,61.30218505418602,RPS19,Rps29,GO_Biological_Process_2023,top100
GO_Biological_Process_2023,Myeloid Cell Differentiation (GO:0030099),1/57,0.0555082103235644,0.0827576953914961,0,0,18.72556390977444,54.1398060702703,RPS19,Rps29,GO_Biological_Process_2023,top100
GO_Biological_Process_2023,Membrane Lipid Biosynthetic Process (GO:0046467),1/57,0.0555082103235644,0.0827576953914961,0,0,18.72556390977444,54.1398060702703,CSNK1G2,Rps29,GO_Biological_Process_2023,top100
GO_Biological_Process_2023,Protein-Containing Complex Disassembly (GO:0032984),1/62,0.0602351399190365,0.0882014548814463,0,0,17.186367558239862,48.28508895429952,VAMP8,Rps29,GO_Biological_Process_2023,top100
GO_Biological_Process_2023,Regulation Of Secretion By Cell (GO:1903530),1/64,0.0621196118687717,0.0887118220312126,0,0,16.639097744360903,46.23495322747936,VAMP8,Rps29,GO_Biological_Process_2023,top100
GO_Biological_Process_2023,Vesicle-Mediated Transport (GO:0016192),2/411,0.0627473863147601,0.0887118220312126,0,0,5.316761749524586,14.720190499835509,VAMP8;CSNK1G2,Rps29,GO_Biological_Process_2023,top100
GO_Biological_Process_2023,Defense Response To Gram-negative Bacterium (GO:0050829),1/75,0.0724202061022377,0.1006518118709066,0,0,14.157894736842104,37.16829530659873,RPS19,Rps29,GO_Biological_Process_2023,top100
GO_Biological_Process_2023,Sphingolipid Biosynthetic Process (GO:0030148),1/77,0.0742814572247087,0.1015179915404352,0,0,13.78393351800554,35.8367650118558,CSNK1G2,Rps29,GO_Biological_Process_2023,top100
GO_Biological_Process_2023,Vesicle Fusion (GO:0006906),1/79,0.0761391600452789,0.1019269031242875,0,0,13.429149797570853,34.58264664318254,VAMP8,Rps29,GO_Biological_Process_2023,top100
GO_Biological_Process_2023,Regulation Of Protein Localization To Plasma Membrane (GO:1903076),1/80,0.077066682850071,0.1019269031242875,0,0,13.258494337108594,33.982637627801715,VAMP8,Rps29,GO_Biological_Process_2023,top100
GO_Biological_Process_2023,Positive Regulation Of Canonical Wnt Signaling Pathway (GO:0090263),1/85,0.0816910427282763,0.1046666484956041,0,0,12.466165413533837,31.225387249064404,CSNK1G2,Rps29,GO_Biological_Process_2023,top100
GO_Biological_Process_2023,Defense Response To Gram-positive Bacterium (GO:0050830),1/85,0.0816910427282763,0.1046666484956041,0,0,12.466165413533837,31.225387249064404,RPL39,Rps29,GO_Biological_Process_2023,top100
GO_Biological_Process_2023,Sphingolipid Metabolic Process (GO:0006665),1/94,0.0899594741237405,0.1117678314870716,0,0,11.254668930390492,27.10569960599241,CSNK1G2,Rps29,GO_Biological_Process_2023,top100
GO_Biological_Process_2023,Vesicle Organization (GO:0016050),1/94,0.0899594741237405,0.1117678314870716,0,0,11.254668930390492,27.10569960599241,VAMP8,Rps29,GO_Biological_Process_2023,top100
GO_Biological_Process_2023,Macroautophagy (GO:0016236),1/104,0.0990636578243202,0.1212420886805113,0,0,10.15687276443536,23.4826149464007,VAMP8,Rps29,GO_Biological_Process_2023,top100
GO_Biological_Process_2023,Positive Regulation Of Wnt Signaling Pathway (GO:0030177),1/109,0.1035832376271884,0.124909198315139,0,0,9.68421052631579,21.95778295069413,CSNK1G2,Rps29,GO_Biological_Process_2023,top100
GO_Biological_Process_2023,Negative Regulation Of Inflammatory Response (GO:0050728),1/111,0.1053850316942243,0.1252401825931362,0,0,9.507177033492823,21.392428630708658,RPS19,Rps29,GO_Biological_Process_2023,top100
GO_Biological_Process_2023,Organonitrogen Compound Biosynthetic Process (GO:1901566),1/123,0.1161237558827442,0.1360306854626432,0,0,8.566867989646246,18.4453131497958,CSNK1G2,Rps29,GO_Biological_Process_2023,top100
GO_Biological_Process_2023,Non-Membrane-Bounded Organelle Assembly (GO:0140694),1/135,0.1267399474222517,0.1463757139242907,0,0,7.794972505891595,16.10143512741297,RPS23,Rps29,GO_Biological_Process_2023,top100
GO_Biological_Process_2023,Peptidyl-Serine Phosphorylation (GO:0018105),1/158,0.1467499768501904,0.1671319180793835,0,0,6.645323499832384,12.752541783227706,CSNK1G2,Rps29,GO_Biological_Process_2023,top100
GO_Biological_Process_2023,Peptidyl-Serine Modification (GO:0018209),1/166,0.1536073032146659,0.1725451899123645,0,0,6.320574162679426,11.84068497759772,CSNK1G2,Rps29,GO_Biological_Process_2023,top100
GO_Biological_Process_2023,Endocytosis (GO:0006897),1/189,0.1730316847300859,0.1917378128090141,0,0,5.5408734602463605,9.720246555313304,CSNK1G2,Rps29,GO_Biological_Process_2023,top100
GO_Biological_Process_2023,Regulation Of Canonical Wnt Signaling Pathway (GO:0060828),1/207,0.1879371842611328,0.2054779881255052,0,0,5.052120592743996,8.445364749744975,CSNK1G2,Rps29,GO_Biological_Process_2023,top100
GO_Biological_Process_2023,Negative Regulation Of Multicellular Organismal Process (GO:0051241),1/231,0.2074145235836311,0.2237893543928652,0,0,4.519450800915332,7.109258623489633,RPS19,Rps29,GO_Biological_Process_2023,top100
GO_Biological_Process_2023,Protein-Containing Complex Assembly (GO:0065003),1/328,0.2817066221854001,0.2999992599896468,0,0,3.1632061805890874,4.0074314199822245,VAMP8,Rps29,GO_Biological_Process_2023,top100
GO_Biological_Process_2023,Positive Regulation Of Multicellular Organismal Process (GO:0051240),1/387,0.3236063407245134,0.3402015376847448,0,0,2.6716662121625308,3.0142472904791817,RPS19,Rps29,GO_Biological_Process_2023,top100
GO_Biological_Process_2023,Phosphorylation (GO:0016310),1/429,0.3520070291592321,0.3653743846969244,0,0,2.4043285784554844,2.5103694091759032,CSNK1G2,Rps29,GO_Biological_Process_2023,top100
GO_Biological_Process_2023,Protein Phosphorylation (GO:0006468),1/500,0.3974586230753241,0.4073950886522072,0,0,2.054741061069508,1.895836517027884,CSNK1G2,Rps29,GO_Biological_Process_2023,top100
GO_Biological_Process_2023,Negative Regulation Of Cellular Process (GO:0048523),1/537,0.419927494033212,0.4251117840830047,0,0,1.9092694422623724,1.6566219569144875,VAMP8,Rps29,GO_Biological_Process_2023,top100
GO_Biological_Process_2023,Protein Modification Process (GO:0036211),1/711,0.5153337446566959,0.5153337446566959,0,0,1.4284655300222386,0.9469877103209676,CSNK1G2,Rps29,GO_Biological_Process_2023,top100
