Gene_set,Term,Overlap,P-value,Adjusted P-value,Old P-value,Old Adjusted P-value,Odds Ratio,Combined Score,Genes,Reference_Gene,Gene_Set_Library,Method
GO_Biological_Process_2023,Cytoplasmic Translation (GO:0002181),7/93,2.755315258959379e-12,3.581909836647193e-10,0,0,124.55992844364935,3315.472556118634,RPS6;RPL13;RPL23A;RPL15;RPL8;RPS11;RPL6,Snrpb,GO_Biological_Process_2023,top100
GO_Biological_Process_2023,Peptide Biosynthetic Process (GO:0043043),7/158,1.194535595035625e-10,7.764481367731562e-09,0,0,70.70962812022415,1615.580190645435,RPS6;RPL13;RPL23A;RPL15;RPL8;RPS11;RPL6,Snrpb,GO_Biological_Process_2023,top100
GO_Biological_Process_2023,Gene Expression (GO:0010467),8/296,2.2610556403005755e-10,9.797907774635828e-09,0,0,45.583333333333336,1012.406705262009,NXT1;RPS6;RPL13;RPL23A;RPL15;RPL8;RPS11;RPL6,Snrpb,GO_Biological_Process_2023,top100
GO_Biological_Process_2023,Macromolecule Biosynthetic Process (GO:0009059),7/183,3.3546318215077743e-10,1.0902553419900268e-08,0,0,60.58916083916084,1321.7833778801378,RPS6;RPL13;RPL23A;RPL15;RPL8;RPS11;RPL6,Snrpb,GO_Biological_Process_2023,top100
GO_Biological_Process_2023,Translation (GO:0006412),7/234,1.8681616673353163e-09,4.857220335071822e-08,0,0,46.85564215520163,941.719266040909,RPS6;RPL13;RPL23A;RPL15;RPL8;RPS11;RPL6,Snrpb,GO_Biological_Process_2023,top100
GO_Biological_Process_2023,Ribosomal Large Subunit Assembly (GO:0000027),2/22,0.00021683563043902655,0.0046981053261789,0,0,110.88888888888889,935.4998014387868,RPL23A;RPL6,Snrpb,GO_Biological_Process_2023,top100
GO_Biological_Process_2023,Ribosome Assembly (GO:0042255),2/50,0.0011307590059983,0.0209998101113974,0,0,46.138888888888886,313.0461870363529,RPL23A;RPL6,Snrpb,GO_Biological_Process_2023,top100
GO_Biological_Process_2023,Ribosomal Large Subunit Biogenesis (GO:0042273),2/54,0.0013177506939226,0.0214134487762429,0,0,42.58119658119658,282.3912150075315,RPL23A;RPL6,Snrpb,GO_Biological_Process_2023,top100
GO_Biological_Process_2023,Ribosomal Small Subunit Biogenesis (GO:0042274),2/84,0.0031529901666195,0.0429246102935556,0,0,26.962059620596207,155.2853944898215,RPS6;RPS11,Snrpb,GO_Biological_Process_2023,top100
GO_Biological_Process_2023,Regulation Of Mitotic Cell Cycle Phase Transition (GO:1901990),2/86,0.0033018930995042,0.0429246102935556,0,0,26.31746031746032,150.3584751342039,SMARCD2;PPP1R9B,Snrpb,GO_Biological_Process_2023,top100
GO_Biological_Process_2023,"Pentose-Phosphate Shunt, Non-Oxidative Branch (GO:0009052)",1/5,0.0049904406959516,0.0589779354976105,0,0,262.8421052631579,1393.123889480945,RPIA,Snrpb,GO_Biological_Process_2023,top100
GO_Biological_Process_2023,Free Ubiquitin Chain Polymerization (GO:0010994),1/6,0.0059856908667451,0.0611793733360443,0,0,210.26315789473685,1076.2074808846232,UBE2S,Snrpb,GO_Biological_Process_2023,top100
GO_Biological_Process_2023,Ribonucleoprotein Complex Biogenesis (GO:0022613),2/118,0.0061179373336044,0.0611793733360443,0,0,19.026819923371647,96.97076380041771,RPS6;RPS11,Snrpb,GO_Biological_Process_2023,top100
GO_Biological_Process_2023,Protein K27-linked Ubiquitination (GO:0044314),1/7,0.0069799958941807,0.0647835216783105,0,0,175.21052631578948,869.8689177892479,UBE2S,Snrpb,GO_Biological_Process_2023,top100
GO_Biological_Process_2023,Protein K29-linked Ubiquitination (GO:0035519),1/8,0.0079733565142536,0.0647835216783105,0,0,150.17293233082708,725.5830081396662,UBE2S,Snrpb,GO_Biological_Process_2023,top100
GO_Biological_Process_2023,Positive Regulation Of Ubiquitin Protein Ligase Activity (GO:1904668),1/8,0.0079733565142536,0.0647835216783105,0,0,150.17293233082708,725.5830081396662,UBE2S,Snrpb,GO_Biological_Process_2023,top100
GO_Biological_Process_2023,Protein K6-linked Ubiquitination (GO:0085020),1/9,0.0089657734963174,0.0677719695891084,0,0,131.39473684210526,619.439581424405,UBE2S,Snrpb,GO_Biological_Process_2023,top100
GO_Biological_Process_2023,protein-RNA Complex Assembly (GO:0022618),2/150,0.0097166464818749,0.0677719695891084,0,0,14.88888888888889,68.99384156820626,RPL23A;RPL6,Snrpb,GO_Biological_Process_2023,top100
GO_Biological_Process_2023,Ribosome Biogenesis (GO:0042254),2/155,0.0103465517369631,0.0677719695891084,0,0,14.398692810457517,65.81789321952054,RPS6;RPS11,Snrpb,GO_Biological_Process_2023,top100
GO_Biological_Process_2023,Pentose-Phosphate Shunt (GO:0006098),1/11,0.0109477797028559,0.0677719695891084,0,0,105.10526315789474,474.5101770765117,RPIA,Snrpb,GO_Biological_Process_2023,top100
GO_Biological_Process_2023,Exit From Mitosis (GO:0010458),1/11,0.0109477797028559,0.0677719695891084,0,0,105.10526315789474,474.5101770765117,UBE2S,Snrpb,GO_Biological_Process_2023,top100
GO_Biological_Process_2023,NADPH Regeneration (GO:0006740),1/12,0.0119373705403343,0.0705390077383393,0,0,95.54545454545456,423.0830518492731,RPIA,Snrpb,GO_Biological_Process_2023,top100
GO_Biological_Process_2023,Regulation Of Exit From Mitosis (GO:0007096),1/14,0.01391373176082,0.0786428316915914,0,0,80.83805668016194,345.57291333057793,PPP1R9B,Snrpb,GO_Biological_Process_2023,top100
GO_Biological_Process_2023,Filopodium Assembly (GO:0046847),1/17,0.0168712348172723,0.0859694597015242,0,0,65.67105263157895,268.0787715603985,PPP1R9B,Snrpb,GO_Biological_Process_2023,top100
GO_Biological_Process_2023,Regulation Of Ubiquitin Protein Ligase Activity (GO:1904666),1/17,0.0168712348172723,0.0859694597015242,0,0,65.67105263157895,268.0787715603985,UBE2S,Snrpb,GO_Biological_Process_2023,top100
GO_Biological_Process_2023,Glucose 6-Phosphate Metabolic Process (GO:0051156),1/18,0.0178551954764704,0.0859694597015242,0,0,61.80495356037152,248.79341471282052,RPIA,Snrpb,GO_Biological_Process_2023,top100
GO_Biological_Process_2023,Nucleosome Disassembly (GO:0006337),1/18,0.0178551954764704,0.0859694597015242,0,0,61.80495356037152,248.79341471282052,SMARCD2,Snrpb,GO_Biological_Process_2023,top100
GO_Biological_Process_2023,protein-DNA Complex Disassembly (GO:0032986),1/20,0.019820311238232,0.0920228736060776,0,0,55.29362880886426,216.80897525048425,SMARCD2,Snrpb,GO_Biological_Process_2023,top100
GO_Biological_Process_2023,Anaphase-Promoting Complex-Dependent Catabolic Process (GO:0031145),1/21,0.0208014680109953,0.0932479600492893,0,0,52.526315789473685,203.4203291515269,UBE2S,Snrpb,GO_Biological_Process_2023,top100
GO_Biological_Process_2023,Spindle Assembly Checkpoint Signaling (GO:0071173),1/26,0.0256932740553108,0.1005469379883548,0,0,42.01052631578948,153.82263569148483,SPC24,Snrpb,GO_Biological_Process_2023,top100
GO_Biological_Process_2023,Regulation Of Nucleotide-Excision Repair (GO:2000819),1/26,0.0256932740553108,0.1005469379883548,0,0,42.01052631578948,153.82263569148483,SMARCD2,Snrpb,GO_Biological_Process_2023,top100
GO_Biological_Process_2023,Mitotic Spindle Assembly Checkpoint Signaling (GO:0007094),1/26,0.0256932740553108,0.1005469379883548,0,0,42.01052631578948,153.82263569148483,SPC24,Snrpb,GO_Biological_Process_2023,top100
GO_Biological_Process_2023,Mitotic Spindle Checkpoint Signaling (GO:0071174),1/26,0.0256932740553108,0.1005469379883548,0,0,42.01052631578948,153.82263569148483,SPC24,Snrpb,GO_Biological_Process_2023,top100
GO_Biological_Process_2023,Positive Regulation Of Ubiquitin-Protein Transferase Activity (GO:0051443),1/27,0.0266688455361458,0.1005469379883548,0,0,40.392712550607285,146.39366123411943,UBE2S,Snrpb,GO_Biological_Process_2023,top100
GO_Biological_Process_2023,Negative Regulation Of Mitotic Metaphase/Anaphase Transition (GO:0045841),1/28,0.0276434890482457,0.1005469379883548,0,0,38.89473684210526,139.56851455439977,SPC24,Snrpb,GO_Biological_Process_2023,top100
GO_Biological_Process_2023,Protein K11-linked Ubiquitination (GO:0070979),1/29,0.0286172054274548,0.1005469379883548,0,0,37.50375939849624,133.2788782141628,UBE2S,Snrpb,GO_Biological_Process_2023,top100
GO_Biological_Process_2023,TOR Signaling (GO:0031929),1/29,0.0286172054274548,0.1005469379883548,0,0,37.50375939849624,133.2788782141628,RPS6,Snrpb,GO_Biological_Process_2023,top100
GO_Biological_Process_2023,Regulation Of Metaphase/Anaphase Transition Of Cell Cycle (GO:1902099),1/32,0.0315328000758389,0.1078753686805015,0,0,33.869269949066215,117.07681999296598,SMARCD2,Snrpb,GO_Biological_Process_2023,top100
GO_Biological_Process_2023,Regulation Of G0 To G1 Transition (GO:0070316),1/33,0.0325028162269628,0.1083427207565428,0,0,32.80921052631579,112.41841533087528,SMARCD2,Snrpb,GO_Biological_Process_2023,top100
GO_Biological_Process_2023,"Mitochondrial Electron Transport, NADH To Ubiquinone (GO:0006120)",1/34,0.0334719094011011,0.1087837055535787,0,0,31.8133971291866,108.07165990908112,NDUFB10,Snrpb,GO_Biological_Process_2023,top100
GO_Biological_Process_2023,Regulation Of Intracellular Protein Transport (GO:0033157),1/36,0.0354073301248565,0.1122671442983255,0,0,29.99248120300752,100.19997336732251,OAZ1,Snrpb,GO_Biological_Process_2023,top100
GO_Biological_Process_2023,Positive Regulation Of Myoblast Differentiation (GO:0045663),1/38,0.0373390688738262,0.1131696078348442,0,0,28.36842105263158,93.26728562261796,SMARCD2,Snrpb,GO_Biological_Process_2023,top100
GO_Biological_Process_2023,Positive Regulation Of Intracellular Transport (GO:0032388),1/39,0.0383035595748703,0.1131696078348442,0,0,27.62049861495845,90.10393439678076,OAZ1,Snrpb,GO_Biological_Process_2023,top100
GO_Biological_Process_2023,Positive Regulation Of Lymphocyte Differentiation (GO:0045621),1/39,0.0383035595748703,0.1131696078348442,0,0,27.62049861495845,90.10393439678076,SMARCD2,Snrpb,GO_Biological_Process_2023,top100
GO_Biological_Process_2023,Bone Development (GO:0060348),1/44,0.0431122594296053,0.1245465272410821,0,0,24.402692778457773,76.72079424655034,RPL13,Snrpb,GO_Biological_Process_2023,top100
GO_Biological_Process_2023,Mitotic Nuclear Division (GO:0140014),1/45,0.044071254437806,0.1245491973242343,0,0,23.84688995215311,74.44873932423765,UBE2S,Snrpb,GO_Biological_Process_2023,top100
GO_Biological_Process_2023,Regulation Of T Cell Differentiation (GO:0045580),1/47,0.0459865060964822,0.12719671899027,0,0,22.80778032036613,70.23444455974413,SMARCD2,Snrpb,GO_Biological_Process_2023,top100
GO_Biological_Process_2023,Regulation Of Mitotic Metaphase/Anaphase Transition (GO:0030071),1/49,0.0478981120694178,0.1291690307177693,0,0,21.855263157894736,66.41113333547993,SMARCD2,Snrpb,GO_Biological_Process_2023,top100
GO_Biological_Process_2023,NADH Dehydrogenase Complex Assembly (GO:0010257),1/53,0.051710413228189,0.1291690307177693,0,0,20.17004048582996,59.74559828701417,NDUFB10,Snrpb,GO_Biological_Process_2023,top100
GO_Biological_Process_2023,Proton Motive Force-Driven Mitochondrial ATP Synthesis (GO:0042776),1/53,0.051710413228189,0.1291690307177693,0,0,20.17004048582996,59.74559828701417,NDUFB10,Snrpb,GO_Biological_Process_2023,top100
GO_Biological_Process_2023,Mitochondrial Respiratory Chain Complex I Assembly (GO:0032981),1/53,0.051710413228189,0.1291690307177693,0,0,20.17004048582996,59.74559828701417,NDUFB10,Snrpb,GO_Biological_Process_2023,top100
GO_Biological_Process_2023,Protein K63-linked Ubiquitination (GO:0070534),1/54,0.0526612202157059,0.1291690307177693,0,0,19.788480635551142,58.25483230121243,UBE2S,Snrpb,GO_Biological_Process_2023,top100
GO_Biological_Process_2023,Regulation Of Myoblast Differentiation (GO:0045661),1/54,0.0526612202157059,0.1291690307177693,0,0,19.788480635551142,58.25483230121243,SMARCD2,Snrpb,GO_Biological_Process_2023,top100
GO_Biological_Process_2023,mRNA Transport (GO:0051028),1/58,0.0564553994621354,0.1343912318693535,0,0,18.39612188365651,52.87605301742885,NXT1,Snrpb,GO_Biological_Process_2023,top100
GO_Biological_Process_2023,Aerobic Respiration (GO:0009060),1/59,0.0574016861834188,0.1343912318693535,0,0,18.07803992740472,51.661282065881295,NDUFB10,Snrpb,GO_Biological_Process_2023,top100
GO_Biological_Process_2023,Proton Motive Force-Driven ATP Synthesis (GO:0015986),1/60,0.058347071283324,0.1343912318693535,0,0,17.770740410347905,50.492824203227855,NDUFB10,Snrpb,GO_Biological_Process_2023,top100
GO_Biological_Process_2023,mRNA Export From Nucleus (GO:0006406),1/62,0.0602351399190365,0.1343912318693535,0,0,17.186367558239862,48.28508895429952,NXT1,Snrpb,GO_Biological_Process_2023,top100
GO_Biological_Process_2023,Oxidative Phosphorylation (GO:0006119),1/63,0.0611778250716139,0.1343912318693535,0,0,16.908319185059423,47.24134484792992,NDUFB10,Snrpb,GO_Biological_Process_2023,top100
GO_Biological_Process_2023,Protein Polymerization (GO:0051258),1/63,0.0611778250716139,0.1343912318693535,0,0,16.908319185059423,47.24134484792992,UBE2S,Snrpb,GO_Biological_Process_2023,top100
GO_Biological_Process_2023,Positive Regulation Of T Cell Differentiation (GO:0045582),1/64,0.0621196118687717,0.1343912318693535,0,0,16.639097744360903,46.23495322747936,SMARCD2,Snrpb,GO_Biological_Process_2023,top100
GO_Biological_Process_2023,RNA Export From Nucleus (GO:0006405),1/65,0.0630605011079274,0.1343912318693535,0,0,16.37828947368421,45.26403459739593,NXT1,Snrpb,GO_Biological_Process_2023,top100
GO_Biological_Process_2023,Aerobic Electron Transport Chain (GO:0019646),1/68,0.0658777916264093,0.135503024785981,0,0,15.642576590730558,42.54708713186295,NDUFB10,Snrpb,GO_Biological_Process_2023,top100
GO_Biological_Process_2023,Regulation Of G Protein-Coupled Receptor Signaling Pathway (GO:0008277),1/70,0.0677515123929905,0.135503024785981,0,0,15.187643020594964,40.88374528633187,PPP1R9B,Snrpb,GO_Biological_Process_2023,top100
GO_Biological_Process_2023,Positive Regulation Of Protein Transport (GO:0051222),1/70,0.0677515123929905,0.135503024785981,0,0,15.187643020594964,40.88374528633187,OAZ1,Snrpb,GO_Biological_Process_2023,top100
GO_Biological_Process_2023,Mitochondrial ATP Synthesis Coupled Electron Transport (GO:0042775),1/70,0.0677515123929905,0.135503024785981,0,0,15.187643020594964,40.88374528633187,NDUFB10,Snrpb,GO_Biological_Process_2023,top100
GO_Biological_Process_2023,Second-Messenger-Mediated Signaling (GO:0019932),1/72,0.0696216623496152,0.1364438665694333,0,0,14.758339510748703,39.32624503481652,PPP1R9B,Snrpb,GO_Biological_Process_2023,top100
GO_Biological_Process_2023,Import Into Nucleus (GO:0051170),1/74,0.0714882479432861,0.1364438665694333,0,0,14.352559480894016,37.865241152955655,NXT1,Snrpb,GO_Biological_Process_2023,top100
GO_Biological_Process_2023,Regulation Of Cell Cycle G1/S Phase Transition (GO:1902806),1/74,0.0714882479432861,0.1364438665694333,0,0,14.352559480894016,37.865241152955655,SMARCD2,Snrpb,GO_Biological_Process_2023,top100
GO_Biological_Process_2023,Nucleosome Organization (GO:0034728),1/75,0.0724202061022377,0.1364438665694333,0,0,14.157894736842104,37.16829530659873,SMARCD2,Snrpb,GO_Biological_Process_2023,top100
GO_Biological_Process_2023,Protein Import Into Nucleus (GO:0006606),1/79,0.0761391600452789,0.1394097296603698,0,0,13.429149797570853,34.58264664318254,NXT1,Snrpb,GO_Biological_Process_2023,top100
GO_Biological_Process_2023,Positive Regulation Of Catabolic Process (GO:0009896),1/79,0.0761391600452789,0.1394097296603698,0,0,13.429149797570853,34.58264664318254,OAZ1,Snrpb,GO_Biological_Process_2023,top100
GO_Biological_Process_2023,Macromolecule Modification (GO:0043412),1/81,0.0779933209779836,0.1397154074187797,0,0,13.092105263157896,33.39968978978988,UBE2S,Snrpb,GO_Biological_Process_2023,top100
GO_Biological_Process_2023,Positive Regulation Of Double-Strand Break Repair (GO:2000781),1/84,0.0807679353123666,0.1397154074187797,0,0,12.61699429296132,31.74656854741361,SMARCD2,Snrpb,GO_Biological_Process_2023,top100
GO_Biological_Process_2023,Calcium-Mediated Signaling (GO:0019722),1/85,0.0816910427282763,0.1397154074187797,0,0,12.466165413533837,31.225387249064404,PPP1R9B,Snrpb,GO_Biological_Process_2023,top100
GO_Biological_Process_2023,Establishment Of Protein Localization To Organelle (GO:0072594),1/85,0.0816910427282763,0.1397154074187797,0,0,12.466165413533837,31.225387249064404,NXT1,Snrpb,GO_Biological_Process_2023,top100
GO_Biological_Process_2023,Cellular Respiration (GO:0045333),1/85,0.0816910427282763,0.1397154074187797,0,0,12.466165413533837,31.225387249064404,NDUFB10,Snrpb,GO_Biological_Process_2023,top100
GO_Biological_Process_2023,Glucose Homeostasis (GO:0042593),1/87,0.0835346163259223,0.1397154074187797,0,0,12.175030599755202,30.22444243789128,RPS6,Snrpb,GO_Biological_Process_2023,top100
GO_Biological_Process_2023,Regulation Of Double-Strand Break Repair (GO:2000779),1/88,0.0844550840845328,0.1397154074187797,0,0,12.03448275862069,29.7436505826784,SMARCD2,Snrpb,GO_Biological_Process_2023,top100
GO_Biological_Process_2023,Positive Regulation Of DNA Repair (GO:0045739),1/89,0.0853746735440269,0.1397154074187797,0,0,11.897129186602871,29.27533461302574,SMARCD2,Snrpb,GO_Biological_Process_2023,top100
GO_Biological_Process_2023,Mitochondrial Respiratory Chain Complex Assembly (GO:0033108),1/90,0.0862933855050247,0.1397154074187797,0,0,11.762862211709049,28.81903981668561,NDUFB10,Snrpb,GO_Biological_Process_2023,top100
GO_Biological_Process_2023,rRNA Metabolic Process (GO:0016072),1/91,0.0872112207421384,0.1397154074187797,0,0,11.63157894736842,28.37433281380585,RPS6,Snrpb,GO_Biological_Process_2023,top100
GO_Biological_Process_2023,Positive Regulation Of Protein Catabolic Process (GO:0045732),1/92,0.0881281800641533,0.1397154074187797,0,0,11.50318102949682,27.94080032839929,OAZ1,Snrpb,GO_Biological_Process_2023,top100
GO_Biological_Process_2023,RNA Splicing (GO:0008380),1/98,0.0936115860195749,0.1466205564162017,0,0,10.788388497015736,25.553389086720664,PPP1R9B,Snrpb,GO_Biological_Process_2023,top100
GO_Biological_Process_2023,ncRNA Processing (GO:0034470),1/100,0.0954324164624814,0.1473458664474854,0,0,10.569377990430622,24.83103038927071,RPS6,Snrpb,GO_Biological_Process_2023,top100
GO_Biological_Process_2023,rRNA Processing (GO:0006364),1/101,0.0963415280618174,0.1473458664474854,0,0,10.463157894736842,24.48228086178406,RPS6,Snrpb,GO_Biological_Process_2023,top100
GO_Biological_Process_2023,Regulation Of G1/S Transition Of Mitotic Cell Cycle (GO:2000045),1/106,0.1008740813042086,0.1520820637209468,0,0,9.962406015037594,22.852586421851232,SMARCD2,Snrpb,GO_Biological_Process_2023,top100
GO_Biological_Process_2023,Positive Regulation Of T Cell Activation (GO:0050870),1/107,0.1017779964901721,0.1520820637209468,0,0,9.867924528301886,22.547826080103853,SMARCD2,Snrpb,GO_Biological_Process_2023,top100
GO_Biological_Process_2023,Cellular Response To Salt (GO:1902075),1/109,0.1035832376271884,0.1530206919492557,0,0,9.68421052631579,21.95778295069413,PPP1R9B,Snrpb,GO_Biological_Process_2023,top100
GO_Biological_Process_2023,Mitotic Cell Cycle Phase Transition (GO:0044772),1/111,0.1053850316942243,0.1539331923623502,0,0,9.507177033492823,21.392428630708658,UBE2S,Snrpb,GO_Biological_Process_2023,top100
GO_Biological_Process_2023,Regulation Of Protein Catabolic Process (GO:0042176),1/122,0.1152335606361476,0.1625536957581607,0,0,8.638103523270987,18.66516440827309,OAZ1,Snrpb,GO_Biological_Process_2023,top100
GO_Biological_Process_2023,Protein Localization To Nucleus (GO:0034504),1/122,0.1152335606361476,0.1625536957581607,0,0,8.638103523270987,18.66516440827309,NXT1,Snrpb,GO_Biological_Process_2023,top100
GO_Biological_Process_2023,Negative Regulation Of Growth (GO:0045926),1/124,0.1170131002125961,0.1625536957581607,0,0,8.496790757381259,18.22960442221716,PPP1R9B,Snrpb,GO_Biological_Process_2023,top100
GO_Biological_Process_2023,Positive Regulation Of Cellular Process (GO:0048522),2/594,0.1177938585351926,0.1625536957581607,0,0,3.638888888888889,7.782925217714826,SMARCD2;RPS6,Snrpb,GO_Biological_Process_2023,top100
GO_Biological_Process_2023,Negative Regulation Of Cell Growth (GO:0030308),1/125,0.1179015944002206,0.1625536957581607,0,0,8.427843803056026,18.01792896923992,PPP1R9B,Snrpb,GO_Biological_Process_2023,top100
GO_Biological_Process_2023,Positive Regulation Of Intracellular Protein Transport (GO:0090316),1/126,0.1187892392078867,0.1625536957581607,0,0,8.36,17.810181245591682,OAZ1,Snrpb,GO_Biological_Process_2023,top100
GO_Biological_Process_2023,Regulation Of DNA Repair (GO:0006282),1/129,0.1214470850948444,0.1639492186931825,0,0,8.162828947368421,17.209501461061883,SMARCD2,Snrpb,GO_Biological_Process_2023,top100
GO_Biological_Process_2023,Regulation Of Cell Cycle Process (GO:0010564),1/130,0.1223313401018362,0.1639492186931825,0,0,8.099143206854345,17.016478165448806,SMARCD2,Snrpb,GO_Biological_Process_2023,top100
GO_Biological_Process_2023,Plasma Membrane Bounded Cell Projection Organization (GO:0120036),1/132,0.1240973142667693,0.164618886272245,0,0,7.974688629971876,16.64069686633284,PPP1R9B,Snrpb,GO_Biological_Process_2023,top100
GO_Biological_Process_2023,Actin Filament Organization (GO:0007015),1/144,0.1346224767664678,0.1767769896933415,0,0,7.301067353698933,14.640690814421308,PPP1R9B,Snrpb,GO_Biological_Process_2023,top100
GO_Biological_Process_2023,Skeletal System Development (GO:0001501),1/149,0.1389724038190062,0.1799919414173957,0,0,7.052631578947368,13.91822665778434,RPL13,Snrpb,GO_Biological_Process_2023,top100
GO_Biological_Process_2023,Neuron Development (GO:0048666),1/150,0.1398398929473613,0.1799919414173957,0,0,7.004945249028612,13.78052850470674,PPP1R9B,Snrpb,GO_Biological_Process_2023,top100
GO_Biological_Process_2023,RNA Processing (GO:0006396),1/183,0.1680056895810476,0.2141248984856489,0,0,5.725274725274725,10.212501350602295,PPP1R9B,Snrpb,GO_Biological_Process_2023,top100
GO_Biological_Process_2023,Neuron Projection Development (GO:0031175),1/192,0.1755338529080929,0.2173051945064051,0,0,5.453017360154313,9.487832290769862,PPP1R9B,Snrpb,GO_Biological_Process_2023,top100
GO_Biological_Process_2023,Modification-Dependent Protein Catabolic Process (GO:0019941),1/192,0.1755338529080929,0.2173051945064051,0,0,5.453017360154313,9.487832290769862,UBE2S,Snrpb,GO_Biological_Process_2023,top100
GO_Biological_Process_2023,Regulation Of Cell Differentiation (GO:0045595),1/193,0.176366309481075,0.2173051945064051,0,0,5.4243421052631575,9.412275801923704,SMARCD2,Snrpb,GO_Biological_Process_2023,top100
GO_Biological_Process_2023,Regulation Of Cell Population Proliferation (GO:0042127),2/766,0.1772890948004145,0.2173051945064051,0,0,2.7946480511925538,4.8346672795453305,RPS6;PPP1R9B,Snrpb,GO_Biological_Process_2023,top100
GO_Biological_Process_2023,Positive Regulation Of Protein Metabolic Process (GO:0051247),1/196,0.1788588908629642,0.2173051945064051,0,0,5.340080971659919,9.191123636275076,OAZ1,Snrpb,GO_Biological_Process_2023,top100
GO_Biological_Process_2023,Protein Polyubiquitination (GO:0000209),1/226,0.2033937102078531,0.242277874544088,0,0,4.621052631578947,7.359542575681528,UBE2S,Snrpb,GO_Biological_Process_2023,top100
GO_Biological_Process_2023,Regulation Of Cell Growth (GO:0001558),1/227,0.2041994198905871,0.242277874544088,0,0,4.6003726129483,7.308419739683482,PPP1R9B,Snrpb,GO_Biological_Process_2023,top100
GO_Biological_Process_2023,Chromatin Remodeling (GO:0006338),1/228,0.2050043553834591,0.242277874544088,0,0,4.579874797124971,7.257837756669995,SMARCD2,Snrpb,GO_Biological_Process_2023,top100
GO_Biological_Process_2023,Positive Regulation Of Developmental Process (GO:0051094),1/233,0.209017444281756,0.2447952050146692,0,0,4.480036297640654,7.012769109428109,SMARCD2,Snrpb,GO_Biological_Process_2023,top100
GO_Biological_Process_2023,Positive Regulation Of Programmed Cell Death (GO:0043068),1/245,0.2185704849775349,0.2536978843489244,0,0,4.257118205349439,6.473572881408745,RPS6,Snrpb,GO_Biological_Process_2023,top100
GO_Biological_Process_2023,Chromatin Organization (GO:0006325),1/268,0.2365749458712976,0.271542387919651,0,0,3.885866351271437,5.601438362527015,SMARCD2,Snrpb,GO_Biological_Process_2023,top100
GO_Biological_Process_2023,Positive Regulation Of Apoptotic Process (GO:0043065),1/270,0.2381217863295401,0.271542387919651,0,0,3.856583838779104,5.53409379242142,RPS6,Snrpb,GO_Biological_Process_2023,top100
GO_Biological_Process_2023,Plasma Membrane Bounded Cell Projection Assembly (GO:0120031),1/275,0.2419758715837872,0.2735379417903681,0,0,3.785247791010373,5.370953431594844,PPP1R9B,Snrpb,GO_Biological_Process_2023,top100
GO_Biological_Process_2023,Positive Regulation Of Cell Differentiation (GO:0045597),1/283,0.2481039082004818,0.2780474833281262,0,0,3.6763717805151175,5.124522697220845,SMARCD2,Snrpb,GO_Biological_Process_2023,top100
GO_Biological_Process_2023,Regulation Of Cell Cycle (GO:0051726),1/298,0.2594673444355915,0.2882970493728795,0,0,3.488038277511962,4.70579763420095,PPP1R9B,Snrpb,GO_Biological_Process_2023,top100
GO_Biological_Process_2023,Supramolecular Fiber Organization (GO:0097435),1/316,0.2728881438519747,0.3005319852787427,0,0,3.2857142857142856,4.26713511950017,PPP1R9B,Snrpb,GO_Biological_Process_2023,top100
GO_Biological_Process_2023,Proteasome-Mediated Ubiquitin-Dependent Protein Catabolic Process (GO:0043161),1/319,0.2751023557551568,0.3005319852787427,0,0,3.254220456802383,4.199936127810808,UBE2S,Snrpb,GO_Biological_Process_2023,top100
GO_Biological_Process_2023,Intracellular Protein Transport (GO:0006886),1/325,0.2795115774127264,0.3028042088637869,0,0,3.192982456140351,4.070131664880384,NXT1,Snrpb,GO_Biological_Process_2023,top100
GO_Biological_Process_2023,Ubiquitin-Dependent Protein Catabolic Process (GO:0006511),1/367,0.3096702851856908,0.3327036121829735,0,0,2.82053494391717,3.306364031707098,UBE2S,Snrpb,GO_Biological_Process_2023,top100
GO_Biological_Process_2023,Protein Ubiquitination (GO:0016567),1/434,0.3553115860525164,0.3786107064494027,0,0,2.3759572140512946,2.458545884252935,UBE2S,Snrpb,GO_Biological_Process_2023,top100
GO_Biological_Process_2023,Regulation Of Nucleic Acid-Templated Transcription (GO:1903506),1/452,0.3670759243263146,0.3879664240847227,0,0,2.2790290582331663,2.284012324032437,RPL6,Snrpb,GO_Biological_Process_2023,top100
GO_Biological_Process_2023,Positive Regulation Of Cell Population Proliferation (GO:0008284),1/483,0.3868601183294989,0.4055791563131843,0,0,2.1290674819829656,2.021958573619618,RPS6,Snrpb,GO_Biological_Process_2023,top100
GO_Biological_Process_2023,Negative Regulation Of Cellular Process (GO:0048523),1/537,0.419927494033212,0.4367245937945405,0,0,1.9092694422623724,1.6566219569144875,PPP1R9B,Snrpb,GO_Biological_Process_2023,top100
GO_Biological_Process_2023,Regulation Of Apoptotic Process (GO:0042981),1/705,0.5123081427293787,0.5275069827194525,0,0,1.4410885167464116,0.963841782499852,RPS6,Snrpb,GO_Biological_Process_2023,top100
GO_Biological_Process_2023,Protein Modification Process (GO:0036211),1/711,0.5153337446566959,0.5275069827194525,0,0,1.4284655300222386,0.9469877103209676,UBE2S,Snrpb,GO_Biological_Process_2023,top100
GO_Biological_Process_2023,Regulation Of DNA-templated Transcription (GO:0006355),2/1922,0.5856981194303218,0.5948496525464205,0,0,1.0451388888888888,0.5590978603690087,SMARCD2;RPL6,Snrpb,GO_Biological_Process_2023,top100
GO_Biological_Process_2023,Regulation Of Gene Expression (GO:0010468),1/1127,0.6866905044097535,0.6920136866144804,0,0,0.8812751238665046,0.3312462831890405,RPL6,Snrpb,GO_Biological_Process_2023,top100
GO_Biological_Process_2023,Regulation Of Transcription By RNA Polymerase II (GO:0006357),1/2028,0.8822754372186573,0.8822754372186573,0,0,0.4661542855659128,0.0583862832570108,SMARCD2,Snrpb,GO_Biological_Process_2023,top100
