Gene_set,Term,Overlap,P-value,Adjusted P-value,Old P-value,Old Adjusted P-value,Odds Ratio,Combined Score,Genes,Reference_Gene,Gene_Set_Library,Method
GO_Cellular_Component_2023,Cytosolic Large Ribosomal Subunit (GO:0022625),5/52,1.4676884193687114e-09,2.4216858919583743e-08,0,0,141.36879432624113,2875.381502712512,RPL13;RPL23A;RPL15;RPL8;RPL6,Snrpb,GO_Cellular_Component_2023,top100
GO_Cellular_Component_2023,Large Ribosomal Subunit (GO:0015934),5/52,1.4676884193687114e-09,2.4216858919583743e-08,0,0,141.36879432624113,2875.381502712512,RPL13;RPL23A;RPL15;RPL8;RPL6,Snrpb,GO_Cellular_Component_2023,top100
GO_Cellular_Component_2023,Ribosome (GO:0005840),4/61,3.657307022840062e-07,4.023037725124068e-06,0,0,87.38157894736842,1295.1145869754323,RPL15;RPL8;RPS11;RPL6,Snrpb,GO_Cellular_Component_2023,top100
GO_Cellular_Component_2023,Polysomal Ribosome (GO:0042788),2/28,0.0003535487787187227,0.0029167774244294,0,0,85.27350427350427,677.710245242856,RPL8;RPL6,Snrpb,GO_Cellular_Component_2023,top100
GO_Cellular_Component_2023,Cytosolic Small Ribosomal Subunit (GO:0022627),2/41,0.0007610076105649785,0.0031060489671081,0,0,56.81196581196581,407.9591818331578,RPS6;RPS11,Snrpb,GO_Cellular_Component_2023,top100
GO_Cellular_Component_2023,Small Ribosomal Subunit (GO:0015935),2/42,0.0007985794740225155,0.0031060489671081,0,0,55.388888888888886,395.07100210657006,RPS6;RPS11,Snrpb,GO_Cellular_Component_2023,top100
GO_Cellular_Component_2023,Nucleolus (GO:0005730),5/771,0.0008038213904533099,0.0031060489671081,0,0,8.36118363794604,59.5829105263845,RPS6;RPL13;RPL23A;RPS11;SPC24,Snrpb,GO_Cellular_Component_2023,top100
GO_Cellular_Component_2023,Intracellular Non-Membrane-Bounded Organelle (GO:0043232),6/1195,0.000842460591820637,0.0031060489671081,0,0,6.773158716808843,47.948434596702505,RPS6;RPL13;RPL23A;RPL15;RPS11;SPC24,Snrpb,GO_Cellular_Component_2023,top100
GO_Cellular_Component_2023,Nuclear Lumen (GO:0031981),5/780,0.000847104263756781,0.0031060489671081,0,0,8.26021505376344,58.43017396944825,RPS6;RPL13;RPL23A;RPS11;SPC24,Snrpb,GO_Cellular_Component_2023,top100
GO_Cellular_Component_2023,Intracellular Membrane-Bounded Organelle (GO:0043231),12/5175,0.0012937102328343,0.0042692437683533,0,0,4.3047646717024985,28.627722684408813,RPIA;PTP4A2;SMARCD2;NXT1;UBE2S;RPS6;FAM241A;RPL13;RPL23A;RPL15;OAZ1;RPL6,Snrpb,GO_Cellular_Component_2023,top100
GO_Cellular_Component_2023,Small-Subunit Processome (GO:0032040),2/73,0.0023926495225994,0.0071779485677982,0,0,31.156494522691705,188.04047198052453,RPS6;RPS11,Snrpb,GO_Cellular_Component_2023,top100
GO_Cellular_Component_2023,Nucleus (GO:0005634),10/4487,0.0062405691736316,0.016004805377844,0,0,3.462809917355372,17.579591311311695,PTP4A2;SMARCD2;NXT1;UBE2S;RPS6;RPL13;RPL23A;RPL15;OAZ1;RPL6,Snrpb,GO_Cellular_Component_2023,top100
GO_Cellular_Component_2023,Focal Adhesion (GO:0005925),3/387,0.006417255691242,0.016004805377844,0,0,9.005514705882353,45.46672488829847,RPL8;RPS11;RPL6,Snrpb,GO_Cellular_Component_2023,top100
GO_Cellular_Component_2023,Cell-Substrate Junction (GO:0030055),3/395,0.0067899174330247,0.016004805377844,0,0,8.81812725090036,44.02288215234313,RPL8;RPS11;RPL6,Snrpb,GO_Cellular_Component_2023,top100
GO_Cellular_Component_2023,Asymmetric Synapse (GO:0032279),2/133,0.0077103059817958,0.0169626731599508,0,0,16.835453774385073,81.90780602926974,RPL8;PPP1R9B,Snrpb,GO_Cellular_Component_2023,top100
GO_Cellular_Component_2023,bBAF Complex (GO:0140092),1/9,0.0089657734963174,0.0184919078361546,0,0,131.39473684210526,619.439581424405,SMARCD2,Snrpb,GO_Cellular_Component_2023,top100
GO_Cellular_Component_2023,Postsynaptic Density (GO:0014069),2/151,0.0098411970651095,0.0191035001852126,0,0,14.788217747949291,68.338985367858,RPL8;PPP1R9B,Snrpb,GO_Cellular_Component_2023,top100
GO_Cellular_Component_2023,Brahma Complex (GO:0035060),1/13,0.0129260209528938,0.0236977050803054,0,0,87.57894736842105,380.8381798737429,SMARCD2,Snrpb,GO_Cellular_Component_2023,top100
GO_Cellular_Component_2023,RSC-type Complex (GO:0016586),1/14,0.01391373176082,0.0241659551635295,0,0,80.83805668016194,345.57291333057793,SMARCD2,Snrpb,GO_Cellular_Component_2023,top100
GO_Cellular_Component_2023,Anaphase-Promoting Complex (GO:0005680),1/20,0.019820311238232,0.0327035135430829,0,0,55.29362880886426,216.80897525048425,UBE2S,Snrpb,GO_Cellular_Component_2023,top100
GO_Cellular_Component_2023,SWI/SNF Complex (GO:0016514),1/29,0.0286172054274548,0.0440984826111104,0,0,37.50375939849624,133.2788782141628,SMARCD2,Snrpb,GO_Cellular_Component_2023,top100
GO_Cellular_Component_2023,Dendrite (GO:0030425),2/270,0.0293989884074069,0.0440984826111104,0,0,8.172470978441128,28.822629891804034,RPS6;PPP1R9B,Snrpb,GO_Cellular_Component_2023,top100
GO_Cellular_Component_2023,Respiratory Chain Complex I (GO:0045271),1/41,0.0402297877766736,0.0553159581929262,0,0,26.23684210526316,84.30284540999916,NDUFB10,Snrpb,GO_Cellular_Component_2023,top100
GO_Cellular_Component_2023,Mitochondrial Respiratory Chain Complex I (GO:0005747),1/41,0.0402297877766736,0.0553159581929262,0,0,26.23684210526316,84.30284540999916,NDUFB10,Snrpb,GO_Cellular_Component_2023,top100
GO_Cellular_Component_2023,Filopodium (GO:0030175),1/60,0.058347071283324,0.0770181340939877,0,0,17.770740410347905,50.492824203227855,PPP1R9B,Snrpb,GO_Cellular_Component_2023,top100
GO_Cellular_Component_2023,Actin-Based Cell Projection (GO:0098858),1/84,0.0807679353123666,0.1025131486656961,0,0,12.61699429296132,31.74656854741361,PPP1R9B,Snrpb,GO_Cellular_Component_2023,top100
GO_Cellular_Component_2023,Neuron Projection (GO:0043005),2/557,0.1058321285856653,0.1293503793824799,0,0,3.888888888888889,8.734059960985427,RPS6;PPP1R9B,Snrpb,GO_Cellular_Component_2023,top100
GO_Cellular_Component_2023,cullin-RING Ubiquitin Ligase Complex (GO:0031461),1/174,0.1604122537407113,0.1890572990515526,0,0,6.02585944630362,11.027372148017925,UBE2S,Snrpb,GO_Cellular_Component_2023,top100
GO_Cellular_Component_2023,Actin Cytoskeleton (GO:0015629),1/327,0.2809756474487896,0.319730909165864,0,0,3.173070713593801,4.028172900840054,PPP1R9B,Snrpb,GO_Cellular_Component_2023,top100
GO_Cellular_Component_2023,Mitochondrial Inner Membrane (GO:0005743),1/370,0.3117779429625869,0.3429557372588456,0,0,2.797175866495507,3.2600079582360446,NDUFB10,Snrpb,GO_Cellular_Component_2023,top100
GO_Cellular_Component_2023,Organelle Inner Membrane (GO:0019866),1/398,0.3311568194820695,0.3525217755776869,0,0,2.596181890494498,2.869204792144366,NDUFB10,Snrpb,GO_Cellular_Component_2023,top100
GO_Cellular_Component_2023,Mitochondrial Membrane (GO:0031966),1/540,0.4217139770203449,0.4348925388022307,0,0,1.8983497705302217,1.6390882969106002,NDUFB10,Snrpb,GO_Cellular_Component_2023,top100
GO_Cellular_Component_2023,Cytoskeleton (GO:0005856),1/599,0.4558038839370547,0.4558038839370547,0,0,1.7058616440767471,1.3402829404239125,PPP1R9B,Snrpb,GO_Cellular_Component_2023,top100
