Gene_set,Term,Overlap,P-value,Adjusted P-value,Old P-value,Old Adjusted P-value,Odds Ratio,Combined Score,Genes,Reference_Gene,Gene_Set_Library,Method
GO_Molecular_Function_2023,RNA Binding (GO:0003723),10/1411,2.840634782218553e-07,4.545015651549684e-06,0,0,13.261241970021413,199.9008646646429,RBM3;RPL32;RPL34;RPL27A;RPL22;RPL14;RPL36;EIF4H;LSM4;RPS13,Snrpf,GO_Molecular_Function_2023,top100
GO_Molecular_Function_2023,Cadherin Binding (GO:0045296),3/319,0.0037468967647747,0.029975174118198,0,0,10.98138495904691,61.35110140163967,RPL34;RPL14;EIF4H,Snrpf,GO_Molecular_Function_2023,top100
GO_Molecular_Function_2023,Small Ribosomal Subunit rRNA Binding (GO:0070181),1/9,0.0089657734963174,0.0413632670492603,0,0,131.39473684210526,619.439581424405,RPS13,Snrpf,GO_Molecular_Function_2023,top100
GO_Molecular_Function_2023,U6 snRNA Binding (GO:0017070),1/13,0.0129260209528938,0.0413632670492603,0,0,87.57894736842105,380.8381798737429,LSM4,Snrpf,GO_Molecular_Function_2023,top100
GO_Molecular_Function_2023,Ribosomal Large Subunit Binding (GO:0043023),1/13,0.0129260209528938,0.0413632670492603,0,0,87.57894736842105,380.8381798737429,RBM3,Snrpf,GO_Molecular_Function_2023,top100
GO_Molecular_Function_2023,mRNA 5'-UTR Binding (GO:0048027),1/24,0.0237393438664972,0.0633049169773259,0,0,45.66819221967963,170.827422984315,RPS13,Snrpf,GO_Molecular_Function_2023,top100
GO_Molecular_Function_2023,snRNA Binding (GO:0017069),1/43,0.0421523505298068,0.0720469382200777,0,0,24.98496240601504,79.11400474395023,LSM4,Snrpf,GO_Molecular_Function_2023,top100
GO_Molecular_Function_2023,Kinase Activator Activity (GO:0019209),1/44,0.0431122594296053,0.0720469382200777,0,0,24.402692778457773,76.72079424655034,RPLP1,Snrpf,GO_Molecular_Function_2023,top100
GO_Molecular_Function_2023,Damaged DNA Binding (GO:0003684),1/45,0.044071254437806,0.0720469382200777,0,0,23.84688995215311,74.44873932423765,RPA3,Snrpf,GO_Molecular_Function_2023,top100
GO_Molecular_Function_2023,rRNA Binding (GO:0019843),1/46,0.0450293363875485,0.0720469382200777,0,0,23.31578947368421,72.28923154104575,RPS13,Snrpf,GO_Molecular_Function_2023,top100
GO_Molecular_Function_2023,Ribosome Binding (GO:0043022),1/85,0.0816910427282763,0.1121795976807859,0,0,12.466165413533837,31.225387249064404,RBM3,Snrpf,GO_Molecular_Function_2023,top100
GO_Molecular_Function_2023,Protein Kinase Activator Activity (GO:0030295),1/88,0.0844550840845328,0.1121795976807859,0,0,12.03448275862069,29.7436505826784,RPLP1,Snrpf,GO_Molecular_Function_2023,top100
GO_Molecular_Function_2023,Single-Stranded DNA Binding (GO:0003697),1/96,0.0917872740073591,0.1121795976807859,0,0,11.01662049861496,26.310792233027552,RPA3,Snrpf,GO_Molecular_Function_2023,top100
GO_Molecular_Function_2023,Protein Kinase Regulator Activity (GO:0019887),1/103,0.0981571479706876,0.1121795976807859,0,0,10.256965944272446,23.808320971600697,RPLP1,Snrpf,GO_Molecular_Function_2023,top100
GO_Molecular_Function_2023,mRNA Binding (GO:0003729),1/282,0.2473404855024508,0.2638298512026142,0,0,3.689642255103952,5.154391148859824,RPS13,Snrpf,GO_Molecular_Function_2023,top100
GO_Molecular_Function_2023,DNA Binding (GO:0003677),1/846,0.5788777694872049,0.5788777694872049,0,0,1.1918405481158518,0.6515362378887956,RPA3,Snrpf,GO_Molecular_Function_2023,top100
