Gene_set,Term,Overlap,P-value,Adjusted P-value,Old P-value,Old Adjusted P-value,Odds Ratio,Combined Score,Genes,Reference_Gene,Gene_Set_Library,Method
GO_Molecular_Function_2023,RNA Binding (GO:0003723),7/1411,0.00029317873625780803,0.0070362896701873,0,0,7.124260355029586,57.95392099850048,RPS6;RPL13;RPL23A;RPL15;RPL8;RPS11;RPL6,Snrpb,GO_Molecular_Function_2023,top100
GO_Molecular_Function_2023,Cadherin Binding (GO:0045296),3/319,0.0037468967647747,0.0399235255676132,0,0,10.98138495904691,61.35110140163967,RPL23A;RPL15;RPL6,Snrpb,GO_Molecular_Function_2023,top100
GO_Molecular_Function_2023,"Intramolecular Oxidoreductase Activity, Interconverting Aldoses And Ketoses (GO:0016861)",1/5,0.0049904406959516,0.0399235255676132,0,0,262.8421052631579,1393.123889480945,RPIA,Snrpb,GO_Molecular_Function_2023,top100
GO_Molecular_Function_2023,Protein Phosphatase 1 Binding (GO:0008157),1/17,0.0168712348172723,0.0751419936490645,0,0,65.67105263157895,268.0787715603985,PPP1R9B,Snrpb,GO_Molecular_Function_2023,top100
GO_Molecular_Function_2023,Phosphatase Inhibitor Activity (GO:0019212),1/22,0.0217816918149241,0.0751419936490645,0,0,50.02255639097744,191.42059056605152,PPP1R9B,Snrpb,GO_Molecular_Function_2023,top100
GO_Molecular_Function_2023,Protein Phosphatase Inhibitor Activity (GO:0004864),1/27,0.0266688455361458,0.0751419936490645,0,0,40.392712550607285,146.39366123411943,PPP1R9B,Snrpb,GO_Molecular_Function_2023,top100
GO_Molecular_Function_2023,Ubiquitin Conjugating Enzyme Activity (GO:0061631),1/32,0.0315328000758389,0.0751419936490645,0,0,33.869269949066215,117.07681999296598,UBE2S,Snrpb,GO_Molecular_Function_2023,top100
GO_Molecular_Function_2023,NADH Dehydrogenase (Ubiquinone) Activity (GO:0008137),1/33,0.0325028162269628,0.0751419936490645,0,0,32.80921052631579,112.41841533087528,NDUFB10,Snrpb,GO_Molecular_Function_2023,top100
GO_Molecular_Function_2023,NADH Dehydrogenase (Quinone) Activity (GO:0050136),1/34,0.0334719094011011,0.0751419936490645,0,0,31.8133971291866,108.07165990908112,NDUFB10,Snrpb,GO_Molecular_Function_2023,top100
GO_Molecular_Function_2023,Nucleosomal DNA Binding (GO:0031492),1/34,0.0334719094011011,0.0751419936490645,0,0,31.8133971291866,108.07165990908112,SMARCD2,Snrpb,GO_Molecular_Function_2023,top100
GO_Molecular_Function_2023,Ubiquitin-Like Protein Conjugating Enzyme Activity (GO:0061650),1/35,0.0344400804224879,0.0751419936490645,0,0,30.876160990712076,104.00740624656504,UBE2S,Snrpb,GO_Molecular_Function_2023,top100
GO_Molecular_Function_2023,Oxidoreduction-Driven Active Transmembrane Transporter Activity (GO:0015453),1/54,0.0526612202157059,0.1032602398612055,0,0,19.788480635551142,58.25483230121243,NDUFB10,Snrpb,GO_Molecular_Function_2023,top100
GO_Molecular_Function_2023,Protein Phosphatase Regulator Activity (GO:0019888),1/61,0.0592915555925576,0.1032602398612055,0,0,17.473684210526315,49.3681970360476,PPP1R9B,Snrpb,GO_Molecular_Function_2023,top100
GO_Molecular_Function_2023,Nucleosome Binding (GO:0031491),1/62,0.0602351399190365,0.1032602398612055,0,0,17.186367558239862,48.28508895429952,SMARCD2,Snrpb,GO_Molecular_Function_2023,top100
GO_Molecular_Function_2023,Protein Tyrosine Phosphatase Activity (GO:0004725),1/76,0.0733512756104792,0.1173620409767667,0,0,13.968421052631578,36.49243551909278,PTP4A2,Snrpb,GO_Molecular_Function_2023,top100
GO_Molecular_Function_2023,Chromatin DNA Binding (GO:0031490),1/83,0.0798439464103719,0.1197659196155579,0,0,12.771501925545572,32.28228555834262,SMARCD2,Snrpb,GO_Molecular_Function_2023,top100
GO_Molecular_Function_2023,Protein Phosphatase Binding (GO:0019903),1/115,0.108978303522462,0.1538517226199464,0,0,9.171745152354571,20.330149616722807,PPP1R9B,Snrpb,GO_Molecular_Function_2023,top100
GO_Molecular_Function_2023,Microtubule Binding (GO:0008017),1/239,0.2138077489172732,0.2710780404463367,0,0,4.365767359575409,6.734973421497441,SPC24,Snrpb,GO_Molecular_Function_2023,top100
GO_Molecular_Function_2023,Ubiquitin-Like Protein Transferase Activity (GO:0019787),1/240,0.2146034486866832,0.2710780404463367,0,0,4.347280334728033,6.690305231712002,UBE2S,Snrpb,GO_Molecular_Function_2023,top100
GO_Molecular_Function_2023,Tubulin Binding (GO:0015631),1/322,0.2773101610873619,0.3327721933048343,0,0,3.2233152975897688,4.134284425406205,SPC24,Snrpb,GO_Molecular_Function_2023,top100
GO_Molecular_Function_2023,Ubiquitin-Protein Transferase Activity (GO:0004842),1/412,0.3406507563272071,0.3893151500882367,0,0,2.505954667691125,2.698656320553264,UBE2S,Snrpb,GO_Molecular_Function_2023,top100
GO_Molecular_Function_2023,Kinase Binding (GO:0019900),1/460,0.3722387950843977,0.4060786855466157,0,0,2.238390092879257,2.212021204832705,RPS6,Snrpb,GO_Molecular_Function_2023,top100
GO_Molecular_Function_2023,Protein Kinase Binding (GO:0019901),1/511,0.4042234856234526,0.421798419780994,0,0,2.0092879256965945,1.819987629272792,RPS6,Snrpb,GO_Molecular_Function_2023,top100
GO_Molecular_Function_2023,DNA Binding (GO:0003677),1/846,0.5788777694872049,0.5788777694872049,0,0,1.1918405481158518,0.6515362378887956,RPL6,Snrpb,GO_Molecular_Function_2023,top100
