Gene_set,Term,Overlap,P-value,Adjusted P-value,Old P-value,Old Adjusted P-value,Odds Ratio,Combined Score,Genes,Reference_Gene,Gene_Set_Library,Method
GO_Biological_Process_2023,Cytoplasmic Translation (GO:0002181),9/93,1.0995137002951871e-16,6.047325351623531e-15,0,0,193.7922077922078,7121.184103307194,RPL32;RPLP1;RPL34;RPL27A;RPL22;RPL14;RPL36;RPLP2;RPS13,Snrpf,GO_Biological_Process_2023,top100
GO_Biological_Process_2023,Peptide Biosynthetic Process (GO:0043043),9/158,1.4842054855367587e-14,4.0815650852260876e-13,0,0,108.89505796217206,3467.361483099312,RPL32;RPLP1;RPL34;RPL27A;RPL22;RPL14;RPL36;RPLP2;RPS13,Snrpf,GO_Biological_Process_2023,top100
GO_Biological_Process_2023,Macromolecule Biosynthetic Process (GO:0009059),9/183,5.6784722965420056e-14,9.65432690621898e-13,0,0,93.13166144200628,2840.4699525972906,RPL32;RPLP1;RPL34;RPL27A;RPL22;RPL14;RPL36;RPLP2;RPS13,Snrpf,GO_Biological_Process_2023,top100
GO_Biological_Process_2023,Gene Expression (GO:0010467),10/296,7.021328659068351e-14,9.65432690621898e-13,0,0,68.86013986013987,2085.5835020945656,RBM3;RPL32;RPLP1;RPL34;RPL27A;RPL22;RPL14;RPL36;RPLP2;RPS13,Snrpf,GO_Biological_Process_2023,top100
GO_Biological_Process_2023,Translation (GO:0006412),9/234,5.287274190379482e-13,5.816001609417431e-12,0,0,71.83636363636364,2030.6921203977545,RPL32;RPLP1;RPL34;RPL27A;RPL22;RPL14;RPL36;RPLP2;RPS13,Snrpf,GO_Biological_Process_2023,top100
GO_Biological_Process_2023,Ribonucleoprotein Complex Biogenesis (GO:0022613),2/118,0.0061179373336044,0.0560810922247072,0,0,19.026819923371647,96.97076380041771,RPL14;RPS13,Snrpf,GO_Biological_Process_2023,top100
GO_Biological_Process_2023,Ribosome Biogenesis (GO:0042254),2/155,0.0103465517369631,0.0669030981841198,0,0,14.398692810457517,65.81789321952054,RPL14;RPS13,Snrpf,GO_Biological_Process_2023,top100
GO_Biological_Process_2023,P-body Assembly (GO:0033962),1/11,0.0109477797028559,0.0669030981841198,0,0,105.10526315789474,474.5101770765117,LSM4,Snrpf,GO_Biological_Process_2023,top100
GO_Biological_Process_2023,Negative Regulation Of RNA Metabolic Process (GO:0051253),1/11,0.0109477797028559,0.0669030981841198,0,0,105.10526315789474,474.5101770765117,RPS13,Snrpf,GO_Biological_Process_2023,top100
GO_Biological_Process_2023,RNA Processing (GO:0006396),2/183,0.0141975959025237,0.0780867774638805,0,0,12.154082259054634,51.711762687567386,RBM3;LSM4,Snrpf,GO_Biological_Process_2023,top100
GO_Biological_Process_2023,Regulation Of Translation (GO:0006417),2/202,0.0171129243458787,0.0855646217293938,0,0,10.988888888888887,44.701935078328205,RBM3;EIF4H,Snrpf,GO_Biological_Process_2023,top100
GO_Biological_Process_2023,Negative Regulation Of RNA Splicing (GO:0033119),1/19,0.0188382206720142,0.086341844746732,0,0,58.36842105263158,231.8316321803268,RPS13,Snrpf,GO_Biological_Process_2023,top100
GO_Biological_Process_2023,"Positive Regulation Of mRNA Splicing, Via Spliceosome (GO:0048026)",1/23,0.0227609834903901,0.0962964686131889,0,0,47.74641148325359,180.6107068727385,RBM3,Snrpf,GO_Biological_Process_2023,top100
GO_Biological_Process_2023,Mismatch Repair (GO:0006298),1/25,0.0247167737784927,0.0971016112726499,0,0,43.76315789473684,161.93563879493826,RPA3,Snrpf,GO_Biological_Process_2023,top100
GO_Biological_Process_2023,Positive Regulation Of mRNA Processing (GO:0050685),1/28,0.0276434890482457,0.1013594598435677,0,0,38.89473684210526,139.56851455439977,RBM3,Snrpf,GO_Biological_Process_2023,top100
GO_Biological_Process_2023,Positive Regulation Of RNA Splicing (GO:0033120),1/36,0.0354073301248565,0.1111417368394685,0,0,29.99248120300752,100.19997336732251,RBM3,Snrpf,GO_Biological_Process_2023,top100
GO_Biological_Process_2023,Base-Excision Repair (GO:0006284),1/36,0.0354073301248565,0.1111417368394685,0,0,29.99248120300752,100.19997336732251,RPA3,Snrpf,GO_Biological_Process_2023,top100
GO_Biological_Process_2023,Spliceosomal snRNP Assembly (GO:0000387),1/37,0.0363736593292806,0.1111417368394685,0,0,29.157894736842103,96.62665093408292,LSM4,Snrpf,GO_Biological_Process_2023,top100
GO_Biological_Process_2023,Regulation Of Amide Metabolic Process (GO:0034248),1/41,0.0402297877766736,0.1164546488272131,0,0,26.23684210526316,84.30284540999916,RBM3,Snrpf,GO_Biological_Process_2023,top100
GO_Biological_Process_2023,Regulation Of Macromolecule Biosynthetic Process (GO:0010556),1/53,0.051710413228189,0.1327370246867846,0,0,20.17004048582996,59.74559828701417,RBM3,Snrpf,GO_Biological_Process_2023,top100
GO_Biological_Process_2023,Ribosomal Large Subunit Biogenesis (GO:0042273),1/54,0.0526612202157059,0.1327370246867846,0,0,19.788480635551142,58.25483230121243,RPL14,Snrpf,GO_Biological_Process_2023,top100
GO_Biological_Process_2023,Nucleotide-Excision Repair (GO:0006289),1/56,0.0545601179499192,0.1327370246867846,0,0,19.066985645933013,55.45541451142644,RPA3,Snrpf,GO_Biological_Process_2023,top100
GO_Biological_Process_2023,Post-Transcriptional Regulation Of Gene Expression (GO:0010608),1/57,0.0555082103235644,0.1327370246867846,0,0,18.72556390977444,54.1398060702703,RBM3,Snrpf,GO_Biological_Process_2023,top100
GO_Biological_Process_2023,Telomere Organization (GO:0032200),1/63,0.0611778250716139,0.1380123400597955,0,0,16.908319185059423,47.24134484792992,RPA3,Snrpf,GO_Biological_Process_2023,top100
GO_Biological_Process_2023,Regulation Of Translational Initiation (GO:0006446),1/65,0.0630605011079274,0.1380123400597955,0,0,16.37828947368421,45.26403459739593,EIF4H,Snrpf,GO_Biological_Process_2023,top100
GO_Biological_Process_2023,Telomere Maintenance (GO:0000723),1/68,0.0658777916264093,0.1380123400597955,0,0,15.642576590730558,42.54708713186295,RPA3,Snrpf,GO_Biological_Process_2023,top100
GO_Biological_Process_2023,Regulation Of Cellular Biosynthetic Process (GO:0031326),1/70,0.0677515123929905,0.1380123400597955,0,0,15.187643020594964,40.88374528633187,RBM3,Snrpf,GO_Biological_Process_2023,top100
GO_Biological_Process_2023,DNA Replication (GO:0006260),1/73,0.0705554002871621,0.1385909648497828,0,0,14.552631578947368,38.5842224505161,RPA3,Snrpf,GO_Biological_Process_2023,top100
GO_Biological_Process_2023,Ribosomal Small Subunit Biogenesis (GO:0042274),1/84,0.0807679353123666,0.1407562484277615,0,0,12.61699429296132,31.74656854741361,RPS13,Snrpf,GO_Biological_Process_2023,top100
GO_Biological_Process_2023,Positive Regulation Of Amide Metabolic Process (GO:0034250),1/85,0.0816910427282763,0.1407562484277615,0,0,12.466165413533837,31.225387249064404,RBM3,Snrpf,GO_Biological_Process_2023,top100
GO_Biological_Process_2023,rRNA Metabolic Process (GO:0016072),1/91,0.0872112207421384,0.1407562484277615,0,0,11.63157894736842,28.37433281380585,RPL14,Snrpf,GO_Biological_Process_2023,top100
GO_Biological_Process_2023,"Regulation Of mRNA Splicing, Via Spliceosome (GO:0048024)",1/94,0.0899594741237405,0.1407562484277615,0,0,11.254668930390492,27.10569960599241,RBM3,Snrpf,GO_Biological_Process_2023,top100
GO_Biological_Process_2023,Recombinational Repair (GO:0000725),1/95,0.0908738104379916,0.1407562484277615,0,0,11.13437849944009,26.70339549535462,RPA3,Snrpf,GO_Biological_Process_2023,top100
GO_Biological_Process_2023,Regulation Of Protein Metabolic Process (GO:0051246),1/96,0.0917872740073591,0.1407562484277615,0,0,11.01662049861496,26.310792233027552,RBM3,Snrpf,GO_Biological_Process_2023,top100
GO_Biological_Process_2023,RNA Splicing (GO:0008380),1/98,0.0936115860195749,0.1407562484277615,0,0,10.788388497015736,25.553389086720664,LSM4,Snrpf,GO_Biological_Process_2023,top100
GO_Biological_Process_2023,ncRNA Processing (GO:0034470),1/100,0.0954324164624814,0.1407562484277615,0,0,10.569377990430622,24.83103038927071,RPL14,Snrpf,GO_Biological_Process_2023,top100
GO_Biological_Process_2023,rRNA Processing (GO:0006364),1/101,0.0963415280618174,0.1407562484277615,0,0,10.463157894736842,24.48228086178406,RPL14,Snrpf,GO_Biological_Process_2023,top100
GO_Biological_Process_2023,Regulation Of RNA Splicing (GO:0043484),1/102,0.0972497716409988,0.1407562484277615,0,0,10.359041167274622,24.14146206514577,RPS13,Snrpf,GO_Biological_Process_2023,top100
GO_Biological_Process_2023,Positive Regulation Of Translation (GO:0045727),1/108,0.1026810483364275,0.1413701644678619,0,0,9.775209050664044,22.249624223401657,RBM3,Snrpf,GO_Biological_Process_2023,top100
GO_Biological_Process_2023,Double-Strand Break Repair Via Homologous Recombination (GO:0000724),1/111,0.1053850316942243,0.1413701644678619,0,0,9.507177033492823,21.392428630708658,RPA3,Snrpf,GO_Biological_Process_2023,top100
GO_Biological_Process_2023,RNA Metabolic Process (GO:0016070),1/111,0.1053850316942243,0.1413701644678619,0,0,9.507177033492823,21.392428630708658,RBM3,Snrpf,GO_Biological_Process_2023,top100
GO_Biological_Process_2023,Positive Regulation Of Macromolecule Biosynthetic Process (GO:0010557),1/122,0.1152335606361476,0.1509010913092409,0,0,8.638103523270987,18.66516440827309,RBM3,Snrpf,GO_Biological_Process_2023,top100
GO_Biological_Process_2023,Non-Membrane-Bounded Organelle Assembly (GO:0140694),1/135,0.1267399474222517,0.1621092350749731,0,0,7.794972505891595,16.10143512741297,LSM4,Snrpf,GO_Biological_Process_2023,top100
GO_Biological_Process_2023,protein-RNA Complex Assembly (GO:0022618),1/150,0.1398398929473613,0.1747998661842016,0,0,7.004945249028612,13.78052850470674,LSM4,Snrpf,GO_Biological_Process_2023,top100
GO_Biological_Process_2023,Double-Strand Break Repair (GO:0006302),1/168,0.1553134362304271,0.189827533170522,0,0,6.244248345414435,11.628726352614157,RPA3,Snrpf,GO_Biological_Process_2023,top100
GO_Biological_Process_2023,Positive Regulation Of Cellular Biosynthetic Process (GO:0031328),1/174,0.1604122537407113,0.1917972599073722,0,0,6.02585944630362,11.027372148017925,RBM3,Snrpf,GO_Biological_Process_2023,top100
GO_Biological_Process_2023,"RNA Splicing, Via Transesterification Reactions With Bulged Adenosine As Nucleophile (GO:0000377)",1/180,0.1654818231902095,0.1936489420310962,0,0,5.822111143781241,10.473360337315544,LSM4,Snrpf,GO_Biological_Process_2023,top100
GO_Biological_Process_2023,Positive Regulation Of Protein Metabolic Process (GO:0051247),1/196,0.1788588908629642,0.2049424791138132,0,0,5.340080971659919,9.191123636275076,RBM3,Snrpf,GO_Biological_Process_2023,top100
GO_Biological_Process_2023,"mRNA Splicing, Via Spliceosome (GO:0000398)",1/211,0.1912146784670498,0.2130310029491906,0,0,4.954887218045113,8.197159840645964,LSM4,Snrpf,GO_Biological_Process_2023,top100
GO_Biological_Process_2023,mRNA Processing (GO:0006397),1/214,0.1936645481356278,0.2130310029491906,0,0,4.884358784284656,8.018298920832006,LSM4,Snrpf,GO_Biological_Process_2023,top100
GO_Biological_Process_2023,DNA Metabolic Process (GO:0006259),1/288,0.2519100002105702,0.2688493736113431,0,0,3.611406565193472,4.97898627226984,RPA3,Snrpf,GO_Biological_Process_2023,top100
GO_Biological_Process_2023,DNA Repair (GO:0006281),1/291,0.2541848623234516,0.2688493736113431,0,0,3.573502722323049,4.89460335187553,RPA3,Snrpf,GO_Biological_Process_2023,top100
GO_Biological_Process_2023,Negative Regulation Of Gene Expression (GO:0010629),1/336,0.2875290580342482,0.298379211167616,0,0,3.086410054988217,3.846998258988292,RPS13,Snrpf,GO_Biological_Process_2023,top100
GO_Biological_Process_2023,DNA Damage Response (GO:0006974),1/384,0.3215331081410762,0.3274874249585036,0,0,2.693005359351381,3.055631350731668,RPA3,Snrpf,GO_Biological_Process_2023,top100
GO_Biological_Process_2023,Positive Regulation Of Gene Expression (GO:0010628),1/480,0.3849715047785156,0.3849715047785156,0,0,2.142731567959565,2.045421472956695,RBM3,Snrpf,GO_Biological_Process_2023,top100
