Gene_set,Term,Overlap,P-value,Adjusted P-value,Old P-value,Old Adjusted P-value,Odds Ratio,Combined Score,Genes,Reference_Gene,Gene_Set_Library,Method
GO_Cellular_Component_2023,Cytosolic Large Ribosomal Subunit (GO:0022625),8/52,1.4594928759192322e-16,1.8973407386950017e-15,0,0,302.06060606060606,11014.118177551129,RPL32;RPLP1;RPL34;RPL27A;RPL22;RPL14;RPL36;RPLP2,Snrpf,GO_Cellular_Component_2023,top100
GO_Cellular_Component_2023,Large Ribosomal Subunit (GO:0015934),8/52,1.4594928759192322e-16,1.8973407386950017e-15,0,0,302.06060606060606,11014.118177551129,RPL32;RPLP1;RPL34;RPL27A;RPL22;RPL14;RPL36;RPLP2,Snrpf,GO_Cellular_Component_2023,top100
GO_Cellular_Component_2023,Ribosome (GO:0005840),3/61,2.965691309905068e-05,0.00025702658019177254,0,0,60.614604462474645,631.9566707840806,RPL32;RPL36;RPS13,Snrpf,GO_Cellular_Component_2023,top100
GO_Cellular_Component_2023,Polysomal Ribosome (GO:0042788),2/28,0.0003535487787187227,0.0022980670616716,0,0,85.27350427350427,677.710245242856,RPL32;RPL36,Snrpf,GO_Cellular_Component_2023,top100
GO_Cellular_Component_2023,Focal Adhesion (GO:0005925),4/387,0.0005230975927536048,0.0024482183578205,0,0,12.79177545691906,96.65136159161707,RPLP1;RPL22;RPLP2;RPS13,Snrpf,GO_Cellular_Component_2023,top100
GO_Cellular_Component_2023,Cell-Substrate Junction (GO:0030055),4/395,0.0005649734671893608,0.0024482183578205,0,0,12.524936061381077,93.67063747302578,RPLP1;RPL22;RPLP2;RPS13,Snrpf,GO_Cellular_Component_2023,top100
GO_Cellular_Component_2023,U6 snRNP (GO:0005688),1/7,0.0069799958941807,0.0250584944408364,0,0,175.21052631578948,869.8689177892479,LSM4,Snrpf,GO_Cellular_Component_2023,top100
GO_Cellular_Component_2023,Asymmetric Synapse (GO:0032279),2/133,0.0077103059817958,0.0250584944408364,0,0,16.835453774385073,81.90780602926974,RPL14;RPS13,Snrpf,GO_Cellular_Component_2023,top100
GO_Cellular_Component_2023,Postsynaptic Density (GO:0014069),2/151,0.0098411970651095,0.0284301248547608,0,0,14.788217747949291,68.338985367858,RPL14;RPS13,Snrpf,GO_Cellular_Component_2023,top100
GO_Cellular_Component_2023,U4/U6 X U5 tri-snRNP Complex (GO:0046540),1/35,0.0344400804224879,0.0713986466565013,0,0,30.876160990712076,104.00740624656504,LSM4,Snrpf,GO_Cellular_Component_2023,top100
GO_Cellular_Component_2023,Spliceosomal tri-snRNP Complex (GO:0097526),1/36,0.0354073301248565,0.0713986466565013,0,0,29.99248120300752,100.19997336732251,LSM4,Snrpf,GO_Cellular_Component_2023,top100
GO_Cellular_Component_2023,Nucleolus (GO:0005730),3/771,0.039909086348417,0.0713986466565013,0,0,4.414522058823529,14.219843261095685,RPL34;RPL36;RPS13,Snrpf,GO_Cellular_Component_2023,top100
GO_Cellular_Component_2023,Cytosolic Small Ribosomal Subunit (GO:0022627),1/41,0.0402297877766736,0.0713986466565013,0,0,26.23684210526316,84.30284540999916,RPS13,Snrpf,GO_Cellular_Component_2023,top100
GO_Cellular_Component_2023,Nuclear Lumen (GO:0031981),3/780,0.0410896968981927,0.0713986466565013,0,0,4.361344537815126,13.921402486593646,RPL34;RPL36;RPS13,Snrpf,GO_Cellular_Component_2023,top100
GO_Cellular_Component_2023,Small Ribosomal Subunit (GO:0015935),1/42,0.0411915269172122,0.0713986466565013,0,0,25.59563543003851,81.63786025385905,RPS13,Snrpf,GO_Cellular_Component_2023,top100
GO_Cellular_Component_2023,U2-type Precatalytic Spliceosome (GO:0071005),1/49,0.0478981120694178,0.0776309525382547,0,0,21.855263157894736,66.41113333547993,LSM4,Snrpf,GO_Cellular_Component_2023,top100
GO_Cellular_Component_2023,Precatalytic Spliceosome (GO:0071011),1/52,0.0507586997365511,0.0776309525382547,0,0,20.56656346749226,61.30218505418602,LSM4,Snrpf,GO_Cellular_Component_2023,top100
GO_Cellular_Component_2023,Spliceosomal snRNP Complex (GO:0097525),1/57,0.0555082103235644,0.0801785260229264,0,0,18.72556390977444,54.1398060702703,LSM4,Snrpf,GO_Cellular_Component_2023,top100
GO_Cellular_Component_2023,Small-Subunit Processome (GO:0032040),1/73,0.0705554002871621,0.0965494951298008,0,0,14.552631578947368,38.5842224505161,RPS13,Snrpf,GO_Cellular_Component_2023,top100
GO_Cellular_Component_2023,P-body (GO:0000932),1/83,0.0798439464103719,0.1037971303334835,0,0,12.771501925545572,32.28228555834262,LSM4,Snrpf,GO_Cellular_Component_2023,top100
GO_Cellular_Component_2023,U2-type Spliceosomal Complex (GO:0005684),1/90,0.0862933855050247,0.1068394296728877,0,0,11.762862211709049,28.81903981668561,LSM4,Snrpf,GO_Cellular_Component_2023,top100
GO_Cellular_Component_2023,Intracellular Non-Membrane-Bounded Organelle (GO:0043232),3/1195,0.1138061882456354,0.1344982224721146,0,0,2.7814844058428743,6.044884295259932,RPL34;RPL36;RPS13,Snrpf,GO_Cellular_Component_2023,top100
GO_Cellular_Component_2023,Dendrite (GO:0030425),1/270,0.2381217863295401,0.2691811497638279,0,0,3.856583838779104,5.53409379242142,RBM3,Snrpf,GO_Cellular_Component_2023,top100
GO_Cellular_Component_2023,Neuron Projection (GO:0043005),1/557,0.431739060722593,0.467717315782809,0,0,1.8386974630821655,1.544384329873897,RBM3,Snrpf,GO_Cellular_Component_2023,top100
GO_Cellular_Component_2023,Nucleus (GO:0005634),4/4487,0.6878032727288479,0.7153154036380018,0,0,0.8642092348873522,0.3234323999097949,RBM3;RPL22;LSM4;RPS13,Snrpf,GO_Cellular_Component_2023,top100
GO_Cellular_Component_2023,Intracellular Membrane-Bounded Organelle (GO:0043231),4/5175,0.8004523672237028,0.8004523672237028,0,0,0.715964030168246,0.1593580223986682,RBM3;RPL22;LSM4;RPS13,Snrpf,GO_Cellular_Component_2023,top100
