Gene_set,Term,Overlap,P-value,Adjusted P-value,Old P-value,Old Adjusted P-value,Odds Ratio,Combined Score,Genes,Reference_Gene,Gene_Set_Library,Method
GO_Cellular_Component_2023,Phagocytic Vesicle (GO:0045335),3/100,0.00012997496316054035,0.006758698084348,0,0,36.1728320194057,323.6806038860264,RAC2;CORO1A;LTF,Tkt,GO_Cellular_Component_2023,top100
GO_Cellular_Component_2023,Actin Filament (GO:0005884),2/71,0.002265165629135,0.0588943063575119,0,0,32.06280193236715,195.2659072256636,RAC2;CORO1A,Tkt,GO_Cellular_Component_2023,top100
GO_Cellular_Component_2023,Actin Cytoskeleton (GO:0015629),3/327,0.0040163420099257,0.0696165948387133,0,0,10.705882352941176,59.06846119917701,PARVG;RAC2;CORO1A,Tkt,GO_Cellular_Component_2023,top100
GO_Cellular_Component_2023,Specific Granule (GO:0042581),2/159,0.0108632827727134,0.1170857267413572,0,0,14.02901627742392,63.44435645442206,SLC2A3;LTF,Tkt,GO_Cellular_Component_2023,top100
GO_Cellular_Component_2023,Tertiary Granule (GO:0070820),2/162,0.0112582429558997,0.1170857267413572,0,0,13.76388888888889,61.75381693106292,SLC2A3;LTF,Tkt,GO_Cellular_Component_2023,top100
GO_Cellular_Component_2023,Secretory Vesicle (GO:0099503),1/15,0.0149005037888985,0.1253291729283089,0,0,75.06015037593986,315.7300332957057,RAB3D,Tkt,GO_Cellular_Component_2023,top100
GO_Cellular_Component_2023,NADPH Oxidase Complex (GO:0043020),1/17,0.0168712348172723,0.1253291729283089,0,0,65.67105263157895,268.0787715603985,RAC2,Tkt,GO_Cellular_Component_2023,top100
GO_Cellular_Component_2023,Endocytic Vesicle Lumen (GO:0071682),1/21,0.0208014680109953,0.1325519543218301,0,0,52.526315789473685,203.4203291515269,LTF,Tkt,GO_Cellular_Component_2023,top100
GO_Cellular_Component_2023,Polymeric Cytoskeletal Fiber (GO:0099513),2/265,0.0284024383505042,0.1325519543218301,0,0,8.329953527672158,29.6652992321516,RAC2;CORO1A,Tkt,GO_Cellular_Component_2023,top100
GO_Cellular_Component_2023,Secretory Granule Membrane (GO:0030667),2/279,0.0312280578200399,0.1325519543218301,0,0,7.903329322101885,27.396403453174507,RAB3D;SLC2A3,Tkt,GO_Cellular_Component_2023,top100
GO_Cellular_Component_2023,Aggresome (GO:0016235),1/35,0.0344400804224879,0.1325519543218301,0,0,30.876160990712076,104.00740624656504,SLC2A3,Tkt,GO_Cellular_Component_2023,top100
GO_Cellular_Component_2023,Early Endosome (GO:0005769),2/307,0.037199976037831,0.1325519543218301,0,0,7.167577413479052,23.591702334918374,SORT1;LTF,Tkt,GO_Cellular_Component_2023,top100
GO_Cellular_Component_2023,Cortical Actin Cytoskeleton (GO:0030864),1/44,0.0431122594296053,0.1325519543218301,0,0,24.402692778457773,76.72079424655034,CORO1A,Tkt,GO_Cellular_Component_2023,top100
GO_Cellular_Component_2023,Phagocytic Vesicle Membrane (GO:0030670),1/45,0.044071254437806,0.1325519543218301,0,0,23.84688995215311,74.44873932423765,RAC2,Tkt,GO_Cellular_Component_2023,top100
GO_Cellular_Component_2023,Mitochondrial Matrix (GO:0005759),2/355,0.0483693053937928,0.1325519543218301,0,0,6.177840730248662,18.711999098330377,ALDH2;ETHE1,Tkt,GO_Cellular_Component_2023,top100
GO_Cellular_Component_2023,Tertiary Granule Lumen (GO:1904724),1/53,0.051710413228189,0.1325519543218301,0,0,20.17004048582996,59.74559828701417,LTF,Tkt,GO_Cellular_Component_2023,top100
GO_Cellular_Component_2023,Intracellular Organelle Lumen (GO:0070013),3/856,0.0517721171639381,0.1325519543218301,0,0,3.957037445693401,11.716406233610028,ALDH2;ETHE1;LTF,Tkt,GO_Cellular_Component_2023,top100
GO_Cellular_Component_2023,Focal Adhesion (GO:0005925),2/387,0.0564185021858079,0.1325519543218301,0,0,5.655122655122655,16.25824080449533,PARVG;RAC2,Tkt,GO_Cellular_Component_2023,top100
GO_Cellular_Component_2023,Azurophil Granule Membrane (GO:0035577),1/58,0.0564553994621354,0.1325519543218301,0,0,18.39612188365651,52.87605301742885,RAB3D,Tkt,GO_Cellular_Component_2023,top100
GO_Cellular_Component_2023,Cytoplasmic Vesicle Membrane (GO:0030659),2/389,0.0569366056970074,0.1325519543218301,0,0,5.625322997416021,16.121145212364866,SORT1;SLC2A3,Tkt,GO_Cellular_Component_2023,top100
GO_Cellular_Component_2023,Ficolin-1-Rich Granule Membrane (GO:0101003),1/60,0.058347071283324,0.1325519543218301,0,0,17.770740410347905,50.492824203227855,SLC2A3,Tkt,GO_Cellular_Component_2023,top100
GO_Cellular_Component_2023,Cell-Substrate Junction (GO:0030055),2/395,0.0585011948892997,0.1325519543218301,0,0,5.5377438507209495,15.72003832196913,PARVG;RAC2,Tkt,GO_Cellular_Component_2023,top100
GO_Cellular_Component_2023,Specific Granule Lumen (GO:0035580),1/61,0.0592915555925576,0.1325519543218301,0,0,17.473684210526315,49.3681970360476,LTF,Tkt,GO_Cellular_Component_2023,top100
GO_Cellular_Component_2023,Cortical Cytoskeleton (GO:0030863),1/63,0.0611778250716139,0.1325519543218301,0,0,16.908319185059423,47.24134484792992,CORO1A,Tkt,GO_Cellular_Component_2023,top100
GO_Cellular_Component_2023,Tertiary Granule Membrane (GO:0070821),1/72,0.0696216623496152,0.1448130576871996,0,0,14.758339510748703,39.32624503481652,SLC2A3,Tkt,GO_Cellular_Component_2023,top100
GO_Cellular_Component_2023,Clathrin-Coated Vesicle (GO:0030136),1/78,0.0752107517706809,0.146638382309426,0,0,13.604237867395762,35.20043603994484,SORT1,Tkt,GO_Cellular_Component_2023,top100
GO_Cellular_Component_2023,Coated Vesicle (GO:0030135),1/79,0.0761391600452789,0.146638382309426,0,0,13.429149797570853,34.58264664318254,SORT1,Tkt,GO_Cellular_Component_2023,top100
GO_Cellular_Component_2023,Specific Granule Membrane (GO:0035579),1/90,0.0862933855050247,0.1602591445093316,0,0,11.762862211709049,28.81903981668561,SLC2A3,Tkt,GO_Cellular_Component_2023,top100
GO_Cellular_Component_2023,Intracellular Non-Membrane-Bounded Organelle (GO:0043232),3/1195,0.1138061882456354,0.2040662685783808,0,0,2.7814844058428743,6.044884295259932,NIN;PARVG;ARHGDIB,Tkt,GO_Cellular_Component_2023,top100
GO_Cellular_Component_2023,Cytoskeleton (GO:0005856),2/599,0.1194372446202678,0.2070245573417975,0,0,3.6074818537130096,7.66576977386968,PARVG;ARHGDIB,Tkt,GO_Cellular_Component_2023,top100
GO_Cellular_Component_2023,Mitotic Spindle (GO:0072686),1/143,0.1337499897609051,0.2193063153954733,0,0,7.3528539659006675,14.792346387731271,NIN,Tkt,GO_Cellular_Component_2023,top100
GO_Cellular_Component_2023,Mitochondrial Outer Membrane (GO:0005741),1/151,0.1407065517297098,0.2193063153954733,0,0,6.957894736842105,13.64497951804777,RAC2,Tkt,GO_Cellular_Component_2023,top100
GO_Cellular_Component_2023,Azurophil Granule (GO:0042582),1/155,0.1441648985018541,0.2193063153954733,0,0,6.775803144224197,13.123358631426164,RAB3D,Tkt,GO_Cellular_Component_2023,top100
GO_Cellular_Component_2023,Recycling Endosome (GO:0055037),1/159,0.1476100199777224,0.2193063153954733,0,0,6.602931379080613,12.632606048584067,LTF,Tkt,GO_Cellular_Component_2023,top100
GO_Cellular_Component_2023,Endocytic Vesicle Membrane (GO:0030666),1/159,0.1476100199777224,0.2193063153954733,0,0,6.602931379080613,12.632606048584067,RAC2,Tkt,GO_Cellular_Component_2023,top100
GO_Cellular_Component_2023,Organelle Outer Membrane (GO:0031968),1/170,0.1570163016887245,0.226801324661491,0,0,6.169729056368732,11.422671213025856,RAC2,Tkt,GO_Cellular_Component_2023,top100
GO_Cellular_Component_2023,Ficolin-1-Rich Granule (GO:0101002),1/184,0.1688453657431134,0.2372961896930242,0,0,5.693701466781708,10.127796623203372,SLC2A3,Tkt,GO_Cellular_Component_2023,top100
GO_Cellular_Component_2023,Endocytic Vesicle (GO:0030139),1/196,0.1788588908629642,0.2447542717072142,0,0,5.340080971659919,9.191123636275076,CORO1A,Tkt,GO_Cellular_Component_2023,top100
GO_Cellular_Component_2023,Spindle (GO:0005819),1/210,0.1903964850556194,0.252818329388346,0,0,4.9788466381264165,8.258147136064768,NIN,Tkt,GO_Cellular_Component_2023,top100
GO_Cellular_Component_2023,Bounding Membrane Of Organelle (GO:0098588),2/819,0.1965663067253694,0.252818329388346,0,0,2.6061471508227934,4.239564122244996,SORT1;SLC2A3,Tkt,GO_Cellular_Component_2023,top100
GO_Cellular_Component_2023,Lytic Vacuole (GO:0000323),1/223,0.200971928799267,0.252818329388346,0,0,4.684210526315789,7.516237548253504,SORT1,Tkt,GO_Cellular_Component_2023,top100
GO_Cellular_Component_2023,Nuclear Membrane (GO:0031965),1/227,0.2041994198905871,0.252818329388346,0,0,4.6003726129483,7.308419739683482,SUN2,Tkt,GO_Cellular_Component_2023,top100
GO_Cellular_Component_2023,Secretory Granule Lumen (GO:0034774),1/316,0.2728881438519747,0.3300042669837833,0,0,3.2857142857142856,4.26713511950017,LTF,Tkt,GO_Cellular_Component_2023,top100
GO_Cellular_Component_2023,Lysosomal Membrane (GO:0005765),1/356,0.3018896241681408,0.3529489135612627,0,0,2.909562638991846,3.4847651663083865,RAB3D,Tkt,GO_Cellular_Component_2023,top100
GO_Cellular_Component_2023,Endosome Membrane (GO:0010008),1/361,0.3054365598126312,0.3529489135612627,0,0,2.8684210526315788,3.4019851802991394,SORT1,Tkt,GO_Cellular_Component_2023,top100
GO_Cellular_Component_2023,Lysosome (GO:0005764),1/503,0.399310787287629,0.451394803020798,0,0,2.042147200671,1.874722272514952,SORT1,Tkt,GO_Cellular_Component_2023,top100
GO_Cellular_Component_2023,Mitochondrial Membrane (GO:0031966),1/540,0.4217139770203449,0.4665771660650625,0,0,1.8983497705302217,1.6390882969106002,RAC2,Tkt,GO_Cellular_Component_2023,top100
GO_Cellular_Component_2023,Nucleolus (GO:0005730),1/771,0.5446249638206491,0.5809774020369126,0,0,1.3130553656869446,0.7978884148542503,NIN,Tkt,GO_Cellular_Component_2023,top100
GO_Cellular_Component_2023,Nuclear Lumen (GO:0031981),1/780,0.5488708437002711,0.5809774020369126,0,0,1.2972772109992567,0.7782263796116276,NIN,Tkt,GO_Cellular_Component_2023,top100
GO_Cellular_Component_2023,Endoplasmic Reticulum Membrane (GO:0005789),1/801,0.5586321173431852,0.5809774020369126,0,0,1.261842105263158,0.7347253968613457,RAC2,Tkt,GO_Cellular_Component_2023,top100
GO_Cellular_Component_2023,Nucleus (GO:0005634),3/4487,0.8592104292261914,0.876057692544352,0,0,0.6098546465865561,0.0925402082386428,CEBPE;CORO1A;LTF,Tkt,GO_Cellular_Component_2023,top100
GO_Cellular_Component_2023,Intracellular Membrane-Bounded Organelle (GO:0043231),3/5175,0.922024710007723,0.922024710007723,0,0,0.5052545380100997,0.0410182081722069,CEBPE;CORO1A;LTF,Tkt,GO_Cellular_Component_2023,top100
