Gene_set,Term,Overlap,P-value,Adjusted P-value,Old P-value,Old Adjusted P-value,Odds Ratio,Combined Score,Genes,Reference_Gene,Gene_Set_Library,Method
GO_Biological_Process_2023,Glucose Import (GO:0046323),2/12,6.232515501994467e-05,0.0147087365847069,0,0,221.88888888888889,2148.58238291385,SORT1;SLC2A3,Tkt,GO_Biological_Process_2023,top100
GO_Biological_Process_2023,Glucose Transmembrane Transport (GO:1904659),2/22,0.00021683563043902655,0.0255866043918051,0,0,110.88888888888889,935.4998014387868,SORT1;SLC2A3,Tkt,GO_Biological_Process_2023,top100
GO_Biological_Process_2023,Negative Regulation Of Cysteine-Type Endopeptidase Activity (GO:2000117),2/53,0.0012697052431465,0.0657750129134518,0,0,43.41830065359477,289.55536610866125,RPS6KA1;LTF,Tkt,GO_Biological_Process_2023,top100
GO_Biological_Process_2023,Regulation Of Actin Cytoskeleton Organization (GO:0032956),2/91,0.003688337741346,0.0657750129134518,0,0,24.83270911360799,139.12722450187454,ARHGDIB;CORO1A,Tkt,GO_Biological_Process_2023,top100
GO_Biological_Process_2023,Vesicle Organization (GO:0016050),2/94,0.0039298718288353,0.0657750129134518,0,0,24.019323671497585,133.04659989721253,SORT1;CORO1A,Tkt,GO_Biological_Process_2023,top100
GO_Biological_Process_2023,Negative Regulation Of Lipoprotein Lipase Activity (GO:0051005),1/5,0.0049904406959516,0.0657750129134518,0,0,262.8421052631579,1393.123889480945,SORT1,Tkt,GO_Biological_Process_2023,top100
GO_Biological_Process_2023,Regulation Of Establishment Of T Cell Polarity (GO:1903903),1/5,0.0049904406959516,0.0657750129134518,0,0,262.8421052631579,1393.123889480945,DOCK8,Tkt,GO_Biological_Process_2023,top100
GO_Biological_Process_2023,L-ascorbic Acid Metabolic Process (GO:0019852),1/5,0.0049904406959516,0.0657750129134518,0,0,262.8421052631579,1393.123889480945,SLC2A3,Tkt,GO_Biological_Process_2023,top100
GO_Biological_Process_2023,Regulation Of Hydrogen Peroxide Metabolic Process (GO:0010310),1/5,0.0049904406959516,0.0657750129134518,0,0,262.8421052631579,1393.123889480945,RAC2,Tkt,GO_Biological_Process_2023,top100
GO_Biological_Process_2023,Positive Regulation Of Osteoblast Proliferation (GO:0033690),1/5,0.0049904406959516,0.0657750129134518,0,0,262.8421052631579,1393.123889480945,LTF,Tkt,GO_Biological_Process_2023,top100
GO_Biological_Process_2023,Hexose Import Across Plasma Membrane (GO:0140271),1/5,0.0049904406959516,0.0657750129134518,0,0,262.8421052631579,1393.123889480945,SLC2A3,Tkt,GO_Biological_Process_2023,top100
GO_Biological_Process_2023,Negative Regulation Of Trophoblast Cell Migration (GO:1901164),1/5,0.0049904406959516,0.0657750129134518,0,0,262.8421052631579,1393.123889480945,ARHGDIB,Tkt,GO_Biological_Process_2023,top100
GO_Biological_Process_2023,Neurotrophin TRK Receptor Signaling Pathway (GO:0048011),1/6,0.0059856908667451,0.0657750129134518,0,0,210.26315789473685,1076.2074808846232,SORT1,Tkt,GO_Biological_Process_2023,top100
GO_Biological_Process_2023,Regulation Of Osteoclast Development (GO:2001204),1/6,0.0059856908667451,0.0657750129134518,0,0,210.26315789473685,1076.2074808846232,LTF,Tkt,GO_Biological_Process_2023,top100
GO_Biological_Process_2023,Fructose Transmembrane Transport (GO:0015755),1/7,0.0069799958941807,0.0657750129134518,0,0,175.21052631578948,869.8689177892479,SLC2A3,Tkt,GO_Biological_Process_2023,top100
GO_Biological_Process_2023,Plasma Membrane To Endosome Transport (GO:0048227),1/7,0.0069799958941807,0.0657750129134518,0,0,175.21052631578948,869.8689177892479,SORT1,Tkt,GO_Biological_Process_2023,top100
GO_Biological_Process_2023,Regulation Of DNA-templated Transcription In Response To Stress (GO:0043620),1/7,0.0069799958941807,0.0657750129134518,0,0,175.21052631578948,869.8689177892479,RPS6KA1,Tkt,GO_Biological_Process_2023,top100
GO_Biological_Process_2023,Aldehyde Catabolic Process (GO:0046185),1/7,0.0069799958941807,0.0657750129134518,0,0,175.21052631578948,869.8689177892479,ALDH2,Tkt,GO_Biological_Process_2023,top100
GO_Biological_Process_2023,Immunological Synapse Formation (GO:0001771),1/7,0.0069799958941807,0.0657750129134518,0,0,175.21052631578948,869.8689177892479,CORO1A,Tkt,GO_Biological_Process_2023,top100
GO_Biological_Process_2023,Negative Regulation Of Actin Nucleation (GO:0051126),1/7,0.0069799958941807,0.0657750129134518,0,0,175.21052631578948,869.8689177892479,CORO1A,Tkt,GO_Biological_Process_2023,top100
GO_Biological_Process_2023,Leukocyte Aggregation (GO:0070486),1/7,0.0069799958941807,0.0657750129134518,0,0,175.21052631578948,869.8689177892479,RAC2,Tkt,GO_Biological_Process_2023,top100
GO_Biological_Process_2023,Negative Regulation Of Lipase Activity (GO:0060192),1/8,0.0079733565142536,0.0657750129134518,0,0,150.17293233082708,725.5830081396662,SORT1,Tkt,GO_Biological_Process_2023,top100
GO_Biological_Process_2023,Regulation Of Tumor Necrosis Factor Superfamily Cytokine Production (GO:1903555),1/8,0.0079733565142536,0.0657750129134518,0,0,150.17293233082708,725.5830081396662,LTF,Tkt,GO_Biological_Process_2023,top100
GO_Biological_Process_2023,Dehydroascorbic Acid Transport (GO:0070837),1/8,0.0079733565142536,0.0657750129134518,0,0,150.17293233082708,725.5830081396662,SLC2A3,Tkt,GO_Biological_Process_2023,top100
GO_Biological_Process_2023,Regulation Of Neutrophil Migration (GO:1902622),1/8,0.0079733565142536,0.0657750129134518,0,0,150.17293233082708,725.5830081396662,RAC2,Tkt,GO_Biological_Process_2023,top100
GO_Biological_Process_2023,Bone Resorption (GO:0045453),1/8,0.0079733565142536,0.0657750129134518,0,0,150.17293233082708,725.5830081396662,RAB3D,Tkt,GO_Biological_Process_2023,top100
GO_Biological_Process_2023,Actin Filament Organization (GO:0007015),2/144,0.0089844715251446,0.0657750129134518,0,0,15.522691705790296,73.14692162054195,RAC2;CORO1A,Tkt,GO_Biological_Process_2023,top100
GO_Biological_Process_2023,Positive Regulation Of Protein Kinase Activity (GO:0045860),2/145,0.0091046925908435,0.0657750129134518,0,0,15.413364413364413,72.42686498237548,UNC119;LTF,Tkt,GO_Biological_Process_2023,top100
GO_Biological_Process_2023,Regulation Of Respiratory Burst (GO:0060263),1/10,0.0099572476243861,0.0657750129134518,0,0,116.78947368421052,538.3357753631753,RAC2,Tkt,GO_Biological_Process_2023,top100
GO_Biological_Process_2023,Negative Regulation Of Lipopolysaccharide-Mediated Signaling Pathway (GO:0031665),1/10,0.0099572476243861,0.0657750129134518,0,0,116.78947368421052,538.3357753631753,LTF,Tkt,GO_Biological_Process_2023,top100
GO_Biological_Process_2023,Microtubule Anchoring At Centrosome (GO:0034454),1/10,0.0099572476243861,0.0657750129134518,0,0,116.78947368421052,538.3357753631753,NIN,Tkt,GO_Biological_Process_2023,top100
GO_Biological_Process_2023,Positive Regulation Of Toll-Like Receptor 4 Signaling Pathway (GO:0034145),1/10,0.0099572476243861,0.0657750129134518,0,0,116.78947368421052,538.3357753631753,LTF,Tkt,GO_Biological_Process_2023,top100
GO_Biological_Process_2023,Golgi To Lysosome Transport (GO:0090160),1/11,0.0109477797028559,0.0657750129134518,0,0,105.10526315789474,474.5101770765117,SORT1,Tkt,GO_Biological_Process_2023,top100
GO_Biological_Process_2023,Lipoprotein Transport (GO:0042953),1/11,0.0109477797028559,0.0657750129134518,0,0,105.10526315789474,474.5101770765117,UNC119,Tkt,GO_Biological_Process_2023,top100
GO_Biological_Process_2023,Cell Projection Assembly (GO:0030031),1/12,0.0119373705403343,0.0657750129134518,0,0,95.54545454545456,423.0830518492731,PARVG,Tkt,GO_Biological_Process_2023,top100
GO_Biological_Process_2023,Microtubule Anchoring At Microtubule Organizing Center (GO:0072393),1/12,0.0119373705403343,0.0657750129134518,0,0,95.54545454545456,423.0830518492731,NIN,Tkt,GO_Biological_Process_2023,top100
GO_Biological_Process_2023,Granulocyte Differentiation (GO:0030851),1/12,0.0119373705403343,0.0657750129134518,0,0,95.54545454545456,423.0830518492731,CEBPE,Tkt,GO_Biological_Process_2023,top100
GO_Biological_Process_2023,Negative Regulation By Host Of Viral Process (GO:0044793),1/12,0.0119373705403343,0.0657750129134518,0,0,95.54545454545456,423.0830518492731,LTF,Tkt,GO_Biological_Process_2023,top100
GO_Biological_Process_2023,Positive Regulation Of Regulated Secretory Pathway (GO:1903307),1/12,0.0119373705403343,0.0657750129134518,0,0,95.54545454545456,423.0830518492731,RAB3D,Tkt,GO_Biological_Process_2023,top100
GO_Biological_Process_2023,Lipoprotein Localization (GO:0044872),1/12,0.0119373705403343,0.0657750129134518,0,0,95.54545454545456,423.0830518492731,UNC119,Tkt,GO_Biological_Process_2023,top100
GO_Biological_Process_2023,Regulation Of Trophoblast Cell Migration (GO:1901163),1/13,0.0129260209528938,0.0657750129134518,0,0,87.57894736842105,380.8381798737429,ARHGDIB,Tkt,GO_Biological_Process_2023,top100
GO_Biological_Process_2023,Regulation Of Leukocyte Migration (GO:0002685),1/13,0.0129260209528938,0.0657750129134518,0,0,87.57894736842105,380.8381798737429,RAC2,Tkt,GO_Biological_Process_2023,top100
GO_Biological_Process_2023,Response To Chemokine (GO:1990868),1/13,0.0129260209528938,0.0657750129134518,0,0,87.57894736842105,380.8381798737429,DOCK8,Tkt,GO_Biological_Process_2023,top100
GO_Biological_Process_2023,Regulation Of Nitrogen Compound Metabolic Process (GO:0051171),1/13,0.0129260209528938,0.0657750129134518,0,0,87.57894736842105,380.8381798737429,ALDH2,Tkt,GO_Biological_Process_2023,top100
GO_Biological_Process_2023,Phagolysosome Assembly (GO:0001845),1/14,0.01391373176082,0.0657750129134518,0,0,80.83805668016194,345.57291333057793,CORO1A,Tkt,GO_Biological_Process_2023,top100
GO_Biological_Process_2023,T Cell Proliferation (GO:0042098),1/14,0.01391373176082,0.0657750129134518,0,0,80.83805668016194,345.57291333057793,DOCK8,Tkt,GO_Biological_Process_2023,top100
GO_Biological_Process_2023,Bone Morphogenesis (GO:0060349),1/14,0.01391373176082,0.0657750129134518,0,0,80.83805668016194,345.57291333057793,LTF,Tkt,GO_Biological_Process_2023,top100
GO_Biological_Process_2023,Regulation Of Clathrin-Dependent Endocytosis (GO:2000369),1/15,0.0149005037888985,0.0657750129134518,0,0,75.06015037593986,315.7300332957057,UNC119,Tkt,GO_Biological_Process_2023,top100
GO_Biological_Process_2023,Golgi To Endosome Transport (GO:0006895),1/15,0.0149005037888985,0.0657750129134518,0,0,75.06015037593986,315.7300332957057,SORT1,Tkt,GO_Biological_Process_2023,top100
GO_Biological_Process_2023,Regulation Of Lipoprotein Lipase Activity (GO:0051004),1/15,0.0149005037888985,0.0657750129134518,0,0,75.06015037593986,315.7300332957057,SORT1,Tkt,GO_Biological_Process_2023,top100
GO_Biological_Process_2023,Positive Regulation Of Cell Activation (GO:0050867),1/15,0.0149005037888985,0.0657750129134518,0,0,75.06015037593986,315.7300332957057,RPS6KA1,Tkt,GO_Biological_Process_2023,top100
GO_Biological_Process_2023,Neurotrophin Signaling Pathway (GO:0038179),1/15,0.0149005037888985,0.0657750129134518,0,0,75.06015037593986,315.7300332957057,SORT1,Tkt,GO_Biological_Process_2023,top100
GO_Biological_Process_2023,Endocytosis (GO:0006897),2/189,0.0150924344910985,0.0657750129134518,0,0,11.760546642899584,49.31857782921134,SORT1;CORO1A,Tkt,GO_Biological_Process_2023,top100
GO_Biological_Process_2023,Positive Regulation Of Lymphocyte Migration (GO:2000403),1/16,0.0158863378646896,0.0657750129134518,0,0,70.05263157894737,290.1787210723924,DOCK8,Tkt,GO_Biological_Process_2023,top100
GO_Biological_Process_2023,Negative Regulation Of ATP-dependent Activity (GO:0032780),1/16,0.0158863378646896,0.0657750129134518,0,0,70.05263157894737,290.1787210723924,LTF,Tkt,GO_Biological_Process_2023,top100
GO_Biological_Process_2023,Regulation Of Osteoblast Proliferation (GO:0033688),1/16,0.0158863378646896,0.0657750129134518,0,0,70.05263157894737,290.1787210723924,LTF,Tkt,GO_Biological_Process_2023,top100
GO_Biological_Process_2023,Nuclear Migration (GO:0007097),1/16,0.0158863378646896,0.0657750129134518,0,0,70.05263157894737,290.1787210723924,SUN2,Tkt,GO_Biological_Process_2023,top100
GO_Biological_Process_2023,Anterograde Trans-Synaptic Signaling (GO:0098916),2/199,0.016636844244122,0.0663601902812712,0,0,11.157924421883813,45.70437044645185,RPS6KA1;UNC119,Tkt,GO_Biological_Process_2023,top100
GO_Biological_Process_2023,Golgi To Vacuole Transport (GO:0006896),1/17,0.0168712348172723,0.0663601902812712,0,0,65.67105263157895,268.0787715603985,SORT1,Tkt,GO_Biological_Process_2023,top100
GO_Biological_Process_2023,Positive Chemotaxis (GO:0050918),1/17,0.0168712348172723,0.0663601902812712,0,0,65.67105263157895,268.0787715603985,CORO1A,Tkt,GO_Biological_Process_2023,top100
GO_Biological_Process_2023,Maintenance Of Protein Location In Nucleus (GO:0051457),1/18,0.0178551954764704,0.0670478001347618,0,0,61.80495356037152,248.79341471282052,SUN2,Tkt,GO_Biological_Process_2023,top100
GO_Biological_Process_2023,Positive Regulation Of Neutrophil Chemotaxis (GO:0090023),1/18,0.0178551954764704,0.0670478001347618,0,0,61.80495356037152,248.79341471282052,RAC2,Tkt,GO_Biological_Process_2023,top100
GO_Biological_Process_2023,Striated Muscle Cell Differentiation (GO:0051146),1/20,0.019820311238232,0.0670478001347618,0,0,55.29362880886426,216.80897525048425,SORT1,Tkt,GO_Biological_Process_2023,top100
GO_Biological_Process_2023,Cell Projection Organization (GO:0030030),1/20,0.019820311238232,0.0670478001347618,0,0,55.29362880886426,216.80897525048425,PARVG,Tkt,GO_Biological_Process_2023,top100
GO_Biological_Process_2023,Actin Filament-Based Transport (GO:0099515),1/20,0.019820311238232,0.0670478001347618,0,0,55.29362880886426,216.80897525048425,SUN2,Tkt,GO_Biological_Process_2023,top100
GO_Biological_Process_2023,Negative Regulation Of Reproductive Process (GO:2000242),1/20,0.019820311238232,0.0670478001347618,0,0,55.29362880886426,216.80897525048425,ARHGDIB,Tkt,GO_Biological_Process_2023,top100
GO_Biological_Process_2023,Positive Regulation Of Granulocyte Chemotaxis (GO:0071624),1/21,0.0208014680109953,0.0670478001347618,0,0,52.526315789473685,203.4203291515269,RAC2,Tkt,GO_Biological_Process_2023,top100
GO_Biological_Process_2023,Negative Regulation Of Osteoclast Differentiation (GO:0045671),1/21,0.0208014680109953,0.0670478001347618,0,0,52.526315789473685,203.4203291515269,LTF,Tkt,GO_Biological_Process_2023,top100
GO_Biological_Process_2023,Regulation Of Lipopolysaccharide-Mediated Signaling Pathway (GO:0031664),1/21,0.0208014680109953,0.0670478001347618,0,0,52.526315789473685,203.4203291515269,LTF,Tkt,GO_Biological_Process_2023,top100
GO_Biological_Process_2023,Innate Immune Response In Mucosa (GO:0002227),1/21,0.0208014680109953,0.0670478001347618,0,0,52.526315789473685,203.4203291515269,LTF,Tkt,GO_Biological_Process_2023,top100
GO_Biological_Process_2023,Modulation By Host Of Viral Process (GO:0044788),1/22,0.0217816918149241,0.0670478001347618,0,0,50.02255639097744,191.42059056605152,LTF,Tkt,GO_Biological_Process_2023,top100
GO_Biological_Process_2023,Hexose Transmembrane Transport (GO:0008645),1/22,0.0217816918149241,0.0670478001347618,0,0,50.02255639097744,191.42059056605152,SLC2A3,Tkt,GO_Biological_Process_2023,top100
GO_Biological_Process_2023,Natural Killer Cell Activation Involved In Immune Response (GO:0002323),1/22,0.0217816918149241,0.0670478001347618,0,0,50.02255639097744,191.42059056605152,CORO1A,Tkt,GO_Biological_Process_2023,top100
GO_Biological_Process_2023,Positive Regulation Of Lamellipodium Assembly (GO:0010592),1/23,0.0227609834903901,0.0670478001347618,0,0,47.74641148325359,180.6107068727385,RAC2,Tkt,GO_Biological_Process_2023,top100
GO_Biological_Process_2023,Regulation Of Toll-Like Receptor 4 Signaling Pathway (GO:0034143),1/23,0.0227609834903901,0.0670478001347618,0,0,47.74641148325359,180.6107068727385,LTF,Tkt,GO_Biological_Process_2023,top100
GO_Biological_Process_2023,Positive Regulation Of Neutrophil Migration (GO:1902624),1/23,0.0227609834903901,0.0670478001347618,0,0,47.74641148325359,180.6107068727385,RAC2,Tkt,GO_Biological_Process_2023,top100
GO_Biological_Process_2023,Regulation Of T Cell Migration (GO:2000404),1/23,0.0227609834903901,0.0670478001347618,0,0,47.74641148325359,180.6107068727385,DOCK8,Tkt,GO_Biological_Process_2023,top100
GO_Biological_Process_2023,Regulation Of Cysteine-Type Endopeptidase Activity (GO:2000116),1/24,0.0237393438664972,0.0670478001347618,0,0,45.66819221967963,170.827422984315,LTF,Tkt,GO_Biological_Process_2023,top100
GO_Biological_Process_2023,Multivesicular Body Sorting Pathway (GO:0071985),1/24,0.0237393438664972,0.0670478001347618,0,0,45.66819221967963,170.827422984315,SORT1,Tkt,GO_Biological_Process_2023,top100
GO_Biological_Process_2023,Natural Killer Cell Mediated Cytotoxicity (GO:0042267),1/24,0.0237393438664972,0.0670478001347618,0,0,45.66819221967963,170.827422984315,CORO1A,Tkt,GO_Biological_Process_2023,top100
GO_Biological_Process_2023,Regulation Of Actin Nucleation (GO:0051125),1/24,0.0237393438664972,0.0670478001347618,0,0,45.66819221967963,170.827422984315,CORO1A,Tkt,GO_Biological_Process_2023,top100
GO_Biological_Process_2023,Iron Ion Transport (GO:0006826),1/24,0.0237393438664972,0.0670478001347618,0,0,45.66819221967963,170.827422984315,LTF,Tkt,GO_Biological_Process_2023,top100
GO_Biological_Process_2023,Endosome Transport Via Multivesicular Body Sorting Pathway (GO:0032509),1/24,0.0237393438664972,0.0670478001347618,0,0,45.66819221967963,170.827422984315,SORT1,Tkt,GO_Biological_Process_2023,top100
GO_Biological_Process_2023,Positive Regulation Of T Cell Migration (GO:2000406),1/25,0.0247167737784927,0.0670478001347618,0,0,43.76315789473684,161.93563879493826,DOCK8,Tkt,GO_Biological_Process_2023,top100
GO_Biological_Process_2023,Myotube Differentiation (GO:0014902),1/25,0.0247167737784927,0.0670478001347618,0,0,43.76315789473684,161.93563879493826,SORT1,Tkt,GO_Biological_Process_2023,top100
GO_Biological_Process_2023,Regulation Of Actin Cytoskeleton Reorganization (GO:2000249),1/25,0.0247167737784927,0.0670478001347618,0,0,43.76315789473684,161.93563879493826,ARHGDIB,Tkt,GO_Biological_Process_2023,top100
GO_Biological_Process_2023,Regulation Of Neutrophil Chemotaxis (GO:0090022),1/25,0.0247167737784927,0.0670478001347618,0,0,43.76315789473684,161.93563879493826,RAC2,Tkt,GO_Biological_Process_2023,top100
GO_Biological_Process_2023,Negative Regulation Of Receptor-Mediated Endocytosis (GO:0048261),1/26,0.0256932740553108,0.0689046895119699,0,0,42.01052631578948,153.82263569148483,UNC119,Tkt,GO_Biological_Process_2023,top100
GO_Biological_Process_2023,Regulation Of Actin Polymerization Or Depolymerization (GO:0008064),1/27,0.0266688455361458,0.0707173881632631,0,0,40.392712550607285,146.39366123411943,MEGF9,Tkt,GO_Biological_Process_2023,top100
GO_Biological_Process_2023,Mucosal Immune Response (GO:0002385),1/28,0.0276434890482457,0.0716908067624834,0,0,38.89473684210526,139.56851455439977,LTF,Tkt,GO_Biological_Process_2023,top100
GO_Biological_Process_2023,Negative Regulation Of Cytoskeleton Organization (GO:0051494),1/28,0.0276434890482457,0.0716908067624834,0,0,38.89473684210526,139.56851455439977,CORO1A,Tkt,GO_Biological_Process_2023,top100
GO_Biological_Process_2023,Defense Response To Fungus (GO:0050832),1/29,0.0286172054274548,0.0726200051707456,0,0,37.50375939849624,133.2788782141628,LTF,Tkt,GO_Biological_Process_2023,top100
GO_Biological_Process_2023,Integrated Stress Response Signaling (GO:0140467),1/29,0.0286172054274548,0.0726200051707456,0,0,37.50375939849624,133.2788782141628,CEBPE,Tkt,GO_Biological_Process_2023,top100
GO_Biological_Process_2023,Extrinsic Apoptotic Signaling Pathway Via Death Domain Receptors (GO:0008625),1/30,0.0295899955032417,0.0735077783027899,0,0,36.2087114337568,127.46621354176987,SORT1,Tkt,GO_Biological_Process_2023,top100
GO_Biological_Process_2023,Positive Regulation Of Protein Targeting To Mitochondrion (GO:1903955),1/30,0.0295899955032417,0.0735077783027899,0,0,36.2087114337568,127.46621354176987,RAC2,Tkt,GO_Biological_Process_2023,top100
GO_Biological_Process_2023,Chemical Synaptic Transmission (GO:0007268),2/273,0.0300036670826697,0.0737563906688772,0,0,8.080770807708078,28.334702990747093,RPS6KA1;UNC119,Tkt,GO_Biological_Process_2023,top100
GO_Biological_Process_2023,Positive Regulation Of Lamellipodium Organization (GO:1902745),1/31,0.0305618601074184,0.0737563906688772,0,0,35.0,122.08008572013848,RAC2,Tkt,GO_Biological_Process_2023,top100
GO_Biological_Process_2023,Transition Metal Ion Transport (GO:0000041),1/32,0.0315328000758389,0.0737563906688772,0,0,33.869269949066215,117.07681999296598,LTF,Tkt,GO_Biological_Process_2023,top100
GO_Biological_Process_2023,Positive Regulation Of Cell Differentiation (GO:0045597),2/283,0.032055350891531,0.0737563906688772,0,0,7.78924476077501,26.797269855067267,RPS6KA1;LTF,Tkt,GO_Biological_Process_2023,top100
GO_Biological_Process_2023,Negative Regulation Of Endocytosis (GO:0045806),1/33,0.0325028162269628,0.0737563906688772,0,0,32.80921052631579,112.41841533087528,UNC119,Tkt,GO_Biological_Process_2023,top100
GO_Biological_Process_2023,Carboxylic Acid Metabolic Process (GO:0019752),1/33,0.0325028162269628,0.0737563906688772,0,0,32.80921052631579,112.41841533087528,SLC2A3,Tkt,GO_Biological_Process_2023,top100
GO_Biological_Process_2023,Regulation Of Protein Polymerization (GO:0032271),1/33,0.0325028162269628,0.0737563906688772,0,0,32.80921052631579,112.41841533087528,MEGF9,Tkt,GO_Biological_Process_2023,top100
GO_Biological_Process_2023,Regulation Of Lamellipodium Assembly (GO:0010591),1/33,0.0325028162269628,0.0737563906688772,0,0,32.80921052631579,112.41841533087528,RAC2,Tkt,GO_Biological_Process_2023,top100
GO_Biological_Process_2023,Positive Regulation Of Establishment Of Protein Localization To Mitochondrion (GO:1903749),1/33,0.0325028162269628,0.0737563906688772,0,0,32.80921052631579,112.41841533087528,RAC2,Tkt,GO_Biological_Process_2023,top100
GO_Biological_Process_2023,Regulation Of Regulated Secretory Pathway (GO:1903305),1/35,0.0344400804224879,0.0774081807591156,0,0,30.876160990712076,104.00740624656504,RAB3D,Tkt,GO_Biological_Process_2023,top100
GO_Biological_Process_2023,Substrate Adhesion-Dependent Cell Spreading (GO:0034446),1/36,0.0354073301248565,0.0788314142402465,0,0,29.99248120300752,100.19997336732251,PARVG,Tkt,GO_Biological_Process_2023,top100
GO_Biological_Process_2023,Positive Regulation Of Exocytosis (GO:0045921),1/37,0.0363736593292806,0.0790772276709428,0,0,29.157894736842103,96.62665093408292,RAB3D,Tkt,GO_Biological_Process_2023,top100
GO_Biological_Process_2023,Positive Regulation Of Protein Tyrosine Kinase Activity (GO:0061098),1/38,0.0373390688738262,0.0790772276709428,0,0,28.36842105263158,93.26728562261796,UNC119,Tkt,GO_Biological_Process_2023,top100
GO_Biological_Process_2023,Positive Regulation Of Bone Mineralization (GO:0030501),1/38,0.0373390688738262,0.0790772276709428,0,0,28.36842105263158,93.26728562261796,LTF,Tkt,GO_Biological_Process_2023,top100
GO_Biological_Process_2023,Regulation Of Protein Targeting To Mitochondrion (GO:1903214),1/39,0.0383035595748703,0.0790772276709428,0,0,27.62049861495845,90.10393439678076,RAC2,Tkt,GO_Biological_Process_2023,top100
GO_Biological_Process_2023,Regulation Of Protein Tyrosine Kinase Activity (GO:0061097),1/39,0.0383035595748703,0.0790772276709428,0,0,27.62049861495845,90.10393439678076,UNC119,Tkt,GO_Biological_Process_2023,top100
GO_Biological_Process_2023,Positive Regulation Of Pattern Recognition Receptor Signaling Pathway (GO:0062208),1/39,0.0383035595748703,0.0790772276709428,0,0,27.62049861495845,90.10393439678076,LTF,Tkt,GO_Biological_Process_2023,top100
GO_Biological_Process_2023,Vitamin Transport (GO:0051180),1/39,0.0383035595748703,0.0790772276709428,0,0,27.62049861495845,90.10393439678076,SLC2A3,Tkt,GO_Biological_Process_2023,top100
GO_Biological_Process_2023,Retina Homeostasis (GO:0001895),1/39,0.0383035595748703,0.0790772276709428,0,0,27.62049861495845,90.10393439678076,LTF,Tkt,GO_Biological_Process_2023,top100
GO_Biological_Process_2023,Protein Transport (GO:0015031),2/313,0.0385333948396543,0.0790772276709428,0,0,7.027152554483744,22.882025069499196,RAB3D;UNC119,Tkt,GO_Biological_Process_2023,top100
GO_Biological_Process_2023,Supramolecular Fiber Organization (GO:0097435),2/316,0.0392070234214316,0.0792054975664259,0,0,6.958952583156405,22.53934720230593,RAC2;CORO1A,Tkt,GO_Biological_Process_2023,top100
GO_Biological_Process_2023,Water-Soluble Vitamin Metabolic Process (GO:0006767),1/40,0.039267132268101,0.0792054975664259,0,0,26.910931174089068,87.12057233834933,SLC2A3,Tkt,GO_Biological_Process_2023,top100
GO_Biological_Process_2023,Lysosome Organization (GO:0007040),1/43,0.0421523505298068,0.0833974854539907,0,0,24.98496240601504,79.11400474395023,CORO1A,Tkt,GO_Biological_Process_2023,top100
GO_Biological_Process_2023,Skeletal System Morphogenesis (GO:0048705),1/43,0.0421523505298068,0.0833974854539907,0,0,24.98496240601504,79.11400474395023,LTF,Tkt,GO_Biological_Process_2023,top100
GO_Biological_Process_2023,Positive Regulation Of Osteoblast Differentiation (GO:0045669),1/44,0.0431122594296053,0.0833974854539907,0,0,24.402692778457773,76.72079424655034,LTF,Tkt,GO_Biological_Process_2023,top100
GO_Biological_Process_2023,Bone Development (GO:0060348),1/44,0.0431122594296053,0.0833974854539907,0,0,24.402692778457773,76.72079424655034,LTF,Tkt,GO_Biological_Process_2023,top100
GO_Biological_Process_2023,Regulation Of Cell-Substrate Adhesion (GO:0010810),1/44,0.0431122594296053,0.0833974854539907,0,0,24.402692778457773,76.72079424655034,RAC2,Tkt,GO_Biological_Process_2023,top100
GO_Biological_Process_2023,Establishment Of Protein Localization To Extracellular Region (GO:0035592),1/45,0.044071254437806,0.0838775487687275,0,0,23.84688995215311,74.44873932423765,RAB3D,Tkt,GO_Biological_Process_2023,top100
GO_Biological_Process_2023,Negative Regulation Of Response To Biotic Stimulus (GO:0002832),1/45,0.044071254437806,0.0838775487687275,0,0,23.84688995215311,74.44873932423765,LTF,Tkt,GO_Biological_Process_2023,top100
GO_Biological_Process_2023,Negative Regulation Of Tumor Necrosis Factor Superfamily Cytokine Production (GO:1903556),1/49,0.0478981120694178,0.0890075153415954,0,0,21.855263157894736,66.41113333547993,LTF,Tkt,GO_Biological_Process_2023,top100
GO_Biological_Process_2023,Antibacterial Humoral Response (GO:0019731),1/49,0.0478981120694178,0.0890075153415954,0,0,21.855263157894736,66.41113333547993,LTF,Tkt,GO_Biological_Process_2023,top100
GO_Biological_Process_2023,Negative Regulation Of Cysteine-Type Endopeptidase Activity Involved In Apoptotic Process (GO:0043154),1/49,0.0478981120694178,0.0890075153415954,0,0,21.855263157894736,66.41113333547993,RPS6KA1,Tkt,GO_Biological_Process_2023,top100
GO_Biological_Process_2023,Rho Protein Signal Transduction (GO:0007266),1/52,0.0507586997365511,0.0935863526392662,0,0,20.56656346749226,61.30218505418602,ARHGDIB,Tkt,GO_Biological_Process_2023,top100
GO_Biological_Process_2023,Actin Cytoskeleton Reorganization (GO:0031532),1/53,0.051710413228189,0.0938742886296355,0,0,20.17004048582996,59.74559828701417,PARVG,Tkt,GO_Biological_Process_2023,top100
GO_Biological_Process_2023,Negative Regulation Of Viral Genome Replication (GO:0045071),1/53,0.051710413228189,0.0938742886296355,0,0,20.17004048582996,59.74559828701417,LTF,Tkt,GO_Biological_Process_2023,top100
GO_Biological_Process_2023,Regulation Of Exocytosis (GO:0017157),1/54,0.0526612202157059,0.0941518785674742,0,0,19.788480635551142,58.25483230121243,RAB3D,Tkt,GO_Biological_Process_2023,top100
GO_Biological_Process_2023,Negative Regulation Of TOR Signaling (GO:0032007),1/54,0.0526612202157059,0.0941518785674742,0,0,19.788480635551142,58.25483230121243,RPS6KA1,Tkt,GO_Biological_Process_2023,top100
GO_Biological_Process_2023,Response To Peptide Hormone (GO:0043434),1/55,0.0536111215176,0.094927084321458,0,0,19.42105263157895,56.82597555721978,SORT1,Tkt,GO_Biological_Process_2023,top100
GO_Biological_Process_2023,Regulation Of Reactive Oxygen Species Metabolic Process (GO:2000377),1/56,0.0545601179499192,0.094927084321458,0,0,19.066985645933013,55.45541451142644,RAC2,Tkt,GO_Biological_Process_2023,top100
GO_Biological_Process_2023,post-Golgi Vesicle-Mediated Transport (GO:0006892),1/56,0.0545601179499192,0.094927084321458,0,0,19.066985645933013,55.45541451142644,SORT1,Tkt,GO_Biological_Process_2023,top100
GO_Biological_Process_2023,Negative Regulation Of Programmed Cell Death (GO:0043069),2/381,0.0548745847044455,0.094927084321458,0,0,5.746408677807095,16.68012906115317,RPS6KA1;LTF,Tkt,GO_Biological_Process_2023,top100
GO_Biological_Process_2023,Myeloid Cell Differentiation (GO:0030099),1/57,0.0555082103235644,0.094927084321458,0,0,18.72556390977444,54.1398060702703,CEBPE,Tkt,GO_Biological_Process_2023,top100
GO_Biological_Process_2023,Endosome To Lysosome Transport (GO:0008333),1/57,0.0555082103235644,0.094927084321458,0,0,18.72556390977444,54.1398060702703,SORT1,Tkt,GO_Biological_Process_2023,top100
GO_Biological_Process_2023,Cellular Response To Chemokine (GO:1990869),1/59,0.0574016861834188,0.0960765811296938,0,0,18.07803992740472,51.661282065881295,DOCK8,Tkt,GO_Biological_Process_2023,top100
GO_Biological_Process_2023,Microtubule Cytoskeleton Organization Involved In Mitosis (GO:1902850),1/59,0.0574016861834188,0.0960765811296938,0,0,18.07803992740472,51.661282065881295,SUN2,Tkt,GO_Biological_Process_2023,top100
GO_Biological_Process_2023,Mitotic Cytokinesis (GO:0000281),1/59,0.0574016861834188,0.0960765811296938,0,0,18.07803992740472,51.661282065881295,UNC119,Tkt,GO_Biological_Process_2023,top100
GO_Biological_Process_2023,Negative Regulation Of Viral Process (GO:0048525),1/61,0.0592915555925576,0.0985408952101662,0,0,17.473684210526315,49.3681970360476,LTF,Tkt,GO_Biological_Process_2023,top100
GO_Biological_Process_2023,Regulation Of Secretion By Cell (GO:1903530),1/64,0.0621196118687717,0.1025190797274833,0,0,16.639097744360903,46.23495322747936,RAB3D,Tkt,GO_Biological_Process_2023,top100
GO_Biological_Process_2023,Antimicrobial Humoral Immune Response Mediated By Antimicrobial Peptide (GO:0061844),1/65,0.0630605011079274,0.1033491545935477,0,0,16.37828947368421,45.26403459739593,LTF,Tkt,GO_Biological_Process_2023,top100
GO_Biological_Process_2023,Negative Regulation Of Endopeptidase Activity (GO:0010951),1/66,0.0640004936134332,0.1035523194821252,0,0,16.125506072874494,44.32683091319527,LTF,Tkt,GO_Biological_Process_2023,top100
GO_Biological_Process_2023,Extrinsic Apoptotic Signaling Pathway (GO:0097191),1/67,0.0649395901837056,0.1035523194821252,0,0,15.880382775119616,43.421696050712754,SORT1,Tkt,GO_Biological_Process_2023,top100
GO_Biological_Process_2023,Protein Secretion (GO:0009306),1/67,0.0649395901837056,0.1035523194821252,0,0,15.880382775119616,43.421696050712754,RAB3D,Tkt,GO_Biological_Process_2023,top100
GO_Biological_Process_2023,Regulation Of Viral Genome Replication (GO:0045069),1/67,0.0649395901837056,0.1035523194821252,0,0,15.880382775119616,43.421696050712754,LTF,Tkt,GO_Biological_Process_2023,top100
GO_Biological_Process_2023,Neuropeptide Signaling Pathway (GO:0007218),1/68,0.0658777916264093,0.1043433478109571,0,0,15.642576590730558,42.54708713186295,SORT1,Tkt,GO_Biological_Process_2023,top100
GO_Biological_Process_2023,Phagocytosis (GO:0006909),1/69,0.0668150987603724,0.1051224220496526,0,0,15.411764705882351,41.70155664670343,CORO1A,Tkt,GO_Biological_Process_2023,top100
GO_Biological_Process_2023,Regulation Of Actin Filament Polymerization (GO:0030833),1/70,0.0677515123929905,0.105193137662801,0,0,15.187643020594964,40.88374528633187,MEGF9,Tkt,GO_Biological_Process_2023,top100
GO_Biological_Process_2023,Regulation Of Actin Filament-Based Process (GO:0032970),1/70,0.0677515123929905,0.105193137662801,0,0,15.187643020594964,40.88374528633187,CORO1A,Tkt,GO_Biological_Process_2023,top100
GO_Biological_Process_2023,Myeloid Leukocyte Differentiation (GO:0002573),1/71,0.0686870333104677,0.1052606484498076,0,0,14.969924812030076,40.09237540517205,CEBPE,Tkt,GO_Biological_Process_2023,top100
GO_Biological_Process_2023,Negative Regulation Of Supramolecular Fiber Organization (GO:1902904),1/71,0.0686870333104677,0.1052606484498076,0,0,14.969924812030076,40.09237540517205,CORO1A,Tkt,GO_Biological_Process_2023,top100
GO_Biological_Process_2023,Regulation Of Rho Protein Signal Transduction (GO:0035023),1/73,0.0705554002871621,0.1074262868888404,0,0,14.552631578947368,38.5842224505161,ARHGDIB,Tkt,GO_Biological_Process_2023,top100
GO_Biological_Process_2023,Defense Response To Gram-negative Bacterium (GO:0050829),1/75,0.0724202061022377,0.1095587733341544,0,0,14.157894736842104,37.16829530659873,LTF,Tkt,GO_Biological_Process_2023,top100
GO_Biological_Process_2023,Regulation Of Ras Protein Signal Transduction (GO:0046578),1/76,0.0733512756104792,0.1102605162042872,0,0,13.968421052631578,36.49243551909278,ARHGDIB,Tkt,GO_Biological_Process_2023,top100
GO_Biological_Process_2023,Regulation Of TOR Signaling (GO:0032006),1/78,0.0752107517706809,0.1123401102397512,0,0,13.604237867395762,35.20043603994484,RPS6KA1,Tkt,GO_Biological_Process_2023,top100
GO_Biological_Process_2023,Response To Insulin (GO:0032868),1/79,0.0761391600452789,0.1130115834634328,0,0,13.429149797570853,34.58264664318254,SORT1,Tkt,GO_Biological_Process_2023,top100
GO_Biological_Process_2023,Positive Regulation Of Growth (GO:0045927),1/81,0.0779933209779836,0.1143256133590319,0,0,13.092105263157896,33.39968978978988,RPS6KA1,Tkt,GO_Biological_Process_2023,top100
GO_Biological_Process_2023,Cytoskeleton-Dependent Cytokinesis (GO:0061640),1/81,0.0779933209779836,0.1143256133590319,0,0,13.092105263157896,33.39968978978988,UNC119,Tkt,GO_Biological_Process_2023,top100
GO_Biological_Process_2023,Vascular Transport (GO:0010232),1/83,0.0798439464103719,0.116139072794417,0,0,12.771501925545572,32.28228555834262,SLC2A3,Tkt,GO_Biological_Process_2023,top100
GO_Biological_Process_2023,Regulation Of Cysteine-Type Endopeptidase Activity Involved In Apoptotic Process (GO:0043281),1/84,0.0807679353123666,0.116139072794417,0,0,12.61699429296132,31.74656854741361,RPS6KA1,Tkt,GO_Biological_Process_2023,top100
GO_Biological_Process_2023,Transport Across Blood-Brain Barrier (GO:0150104),1/85,0.0816910427282763,0.116139072794417,0,0,12.466165413533837,31.225387249064404,SLC2A3,Tkt,GO_Biological_Process_2023,top100
GO_Biological_Process_2023,Mitotic Spindle Organization (GO:0007052),1/85,0.0816910427282763,0.116139072794417,0,0,12.466165413533837,31.225387249064404,SUN2,Tkt,GO_Biological_Process_2023,top100
GO_Biological_Process_2023,Regulation Of Osteoblast Differentiation (GO:0045667),1/85,0.0816910427282763,0.116139072794417,0,0,12.466165413533837,31.225387249064404,LTF,Tkt,GO_Biological_Process_2023,top100
GO_Biological_Process_2023,Negative Regulation Of Apoptotic Process (GO:0043066),2/482,0.0827940049398317,0.1170023063820377,0,0,4.513888888888889,11.245901082002437,RPS6KA1;LTF,Tkt,GO_Biological_Process_2023,top100
GO_Biological_Process_2023,Positive Regulation Of Plasma Membrane Bounded Cell Projection Assembly (GO:0120034),1/88,0.0844550840845328,0.1185201350375903,0,0,12.03448275862069,29.7436505826784,RAC2,Tkt,GO_Biological_Process_2023,top100
GO_Biological_Process_2023,Organic Anion Transport (GO:0015711),1/89,0.0853746735440269,0.1185201350375903,0,0,11.897129186602871,29.27533461302574,SLC2A3,Tkt,GO_Biological_Process_2023,top100
GO_Biological_Process_2023,Regulation Of Vesicle-Mediated Transport (GO:0060627),1/89,0.0853746735440269,0.1185201350375903,0,0,11.897129186602871,29.27533461302574,RAB3D,Tkt,GO_Biological_Process_2023,top100
GO_Biological_Process_2023,Antimicrobial Humoral Response (GO:0019730),1/100,0.0954324164624814,0.1314254371247914,0,0,10.569377990430622,24.83103038927071,LTF,Tkt,GO_Biological_Process_2023,top100
GO_Biological_Process_2023,Hemopoiesis (GO:0030097),1/101,0.0963415280618174,0.1314254371247914,0,0,10.463157894736842,24.48228086178406,CEBPE,Tkt,GO_Biological_Process_2023,top100
GO_Biological_Process_2023,Visual Perception (GO:0007601),1/101,0.0963415280618174,0.1314254371247914,0,0,10.463157894736842,24.48228086178406,UNC119,Tkt,GO_Biological_Process_2023,top100
GO_Biological_Process_2023,Sensory Perception Of Light Stimulus (GO:0050953),1/102,0.0972497716409988,0.1319019891222743,0,0,10.359041167274622,24.14146206514577,UNC119,Tkt,GO_Biological_Process_2023,top100
GO_Biological_Process_2023,Lysosomal Transport (GO:0007041),1/105,0.0999693020078418,0.1348157444220039,0,0,10.058704453441296,23.16411122367751,SORT1,Tkt,GO_Biological_Process_2023,top100
GO_Biological_Process_2023,Positive Regulation Of Cell Growth (GO:0030307),1/106,0.1008740813042086,0.1352629726579161,0,0,9.962406015037594,22.852586421851232,RPS6KA1,Tkt,GO_Biological_Process_2023,top100
GO_Biological_Process_2023,Positive Regulation Of T Cell Activation (GO:0050870),1/107,0.1017779964901721,0.1357039953202295,0,0,9.867924528301886,22.547826080103853,DOCK8,Tkt,GO_Biological_Process_2023,top100
GO_Biological_Process_2023,Cell-Matrix Adhesion (GO:0007160),1/109,0.1035832376271884,0.1373350791012161,0,0,9.68421052631579,21.95778295069413,PARVG,Tkt,GO_Biological_Process_2023,top100
GO_Biological_Process_2023,Regulation Of Protein Serine/Threonine Kinase Activity (GO:0071900),1/112,0.1062846380154363,0.140129466880687,0,0,9.421052631578949,21.11855678854484,LTF,Tkt,GO_Biological_Process_2023,top100
GO_Biological_Process_2023,Regulation Of Cytoskeleton Organization (GO:0051493),1/114,0.1080812731653967,0.1417065581501868,0,0,9.253376804843969,20.587577159291502,CORO1A,Tkt,GO_Biological_Process_2023,top100
GO_Biological_Process_2023,Positive Regulation Of Protein Serine/Threonine Kinase Activity (GO:0071902),1/117,0.110769793727799,0.1444291233135943,0,0,9.012704174228675,19.830663463908003,LTF,Tkt,GO_Biological_Process_2023,top100
GO_Biological_Process_2023,Regulation Of Small GTPase Mediated Signal Transduction (GO:0051056),1/118,0.1116642551220043,0.144795407740621,0,0,8.935222672064777,19.58831903150389,DOCK8,Tkt,GO_Biological_Process_2023,top100
GO_Biological_Process_2023,Positive Regulation Of Intracellular Protein Transport (GO:0090316),1/126,0.1187892392078867,0.1526678073363921,0,0,8.36,17.810181245591682,RAC2,Tkt,GO_Biological_Process_2023,top100
GO_Biological_Process_2023,Regulation Of Tumor Necrosis Factor Production (GO:0032680),1/127,0.1196760354120022,0.1526678073363921,0,0,8.293233082706767,17.606259261193085,LTF,Tkt,GO_Biological_Process_2023,top100
GO_Biological_Process_2023,Cytosolic Transport (GO:0016482),1/127,0.1196760354120022,0.1526678073363921,0,0,8.293233082706767,17.606259261193085,SORT1,Tkt,GO_Biological_Process_2023,top100
GO_Biological_Process_2023,Positive Regulation Of Peptidyl-Tyrosine Phosphorylation (GO:0050731),1/130,0.1223313401018362,0.1552161089464158,0,0,8.099143206854345,17.016478165448806,UNC119,Tkt,GO_Biological_Process_2023,top100
GO_Biological_Process_2023,Protein Localization To Plasma Membrane (GO:0072659),1/137,0.1284974930534796,0.1621679591477068,0,0,7.679566563467493,15.757287045296094,RAB3D,Tkt,GO_Biological_Process_2023,top100
GO_Biological_Process_2023,Protein Localization To Cell Periphery (GO:1990778),1/142,0.1328766671456546,0.1668026247147579,0,0,7.405375139977604,14.946519655220376,RAB3D,Tkt,GO_Biological_Process_2023,top100
GO_Biological_Process_2023,Ras Protein Signal Transduction (GO:0007265),1/144,0.1346224767664678,0.167215286930981,0,0,7.301067353698933,14.640690814421308,ARHGDIB,Tkt,GO_Biological_Process_2023,top100
GO_Biological_Process_2023,Regulation Of Cell Adhesion (GO:0030155),1/144,0.1346224767664678,0.167215286930981,0,0,7.301067353698933,14.640690814421308,RAC2,Tkt,GO_Biological_Process_2023,top100
GO_Biological_Process_2023,Negative Regulation Of Response To External Stimulus (GO:0032102),1/146,0.1363649469064392,0.1684928139786369,0,0,7.199637023593467,14.34470478778898,LTF,Tkt,GO_Biological_Process_2023,top100
GO_Biological_Process_2023,Positive Regulation Of NF-kappaB Transcription Factor Activity (GO:0051092),1/152,0.1415723809153899,0.1740160515418334,0,0,6.911467410247473,13.511532897552032,LTF,Tkt,GO_Biological_Process_2023,top100
GO_Biological_Process_2023,Regulation Of Macromolecule Metabolic Process (GO:0060255),1/162,0.1501852108088162,0.1836461645123348,0,0,6.478914677999346,12.283283683900576,SORT1,Tkt,GO_Biological_Process_2023,top100
GO_Biological_Process_2023,Negative Regulation Of Cell Migration (GO:0030336),1/163,0.151041964046623,0.1837417706958919,0,0,6.43859649122807,12.17021946242288,ARHGDIB,Tkt,GO_Biological_Process_2023,top100
GO_Biological_Process_2023,Regulation Of Cytokine Production (GO:0001817),1/167,0.1544607785277944,0.1869371473464589,0,0,6.282181357006976,11.733953045855854,LTF,Tkt,GO_Biological_Process_2023,top100
GO_Biological_Process_2023,Regulation Of Apoptotic Process (GO:0042981),2/705,0.155572197455609,0.1873216255077741,0,0,3.046783625730994,5.668983824653513,RPS6KA1;LTF,Tkt,GO_Biological_Process_2023,top100
GO_Biological_Process_2023,Positive Regulation Of I-kappaB kinase/NF-kappaB Signaling (GO:0043123),1/175,0.1612592088043841,0.1931836206996682,0,0,5.99092558983666,10.931894837124036,LTF,Tkt,GO_Biological_Process_2023,top100
GO_Biological_Process_2023,Positive Regulation Of Hydrolase Activity (GO:0051345),1/176,0.1621053521282268,0.1932164803144521,0,0,5.9563909774436095,10.837705998274306,DOCK8,Tkt,GO_Biological_Process_2023,top100
GO_Biological_Process_2023,Endosomal Transport (GO:0016197),1/180,0.1654818231902095,0.1962498003662786,0,0,5.822111143781241,10.473360337315544,SORT1,Tkt,GO_Biological_Process_2023,top100
GO_Biological_Process_2023,Protein Localization To Membrane (GO:0072657),1/192,0.1755338529080929,0.2070768608832522,0,0,5.453017360154313,9.487832290769862,RAB3D,Tkt,GO_Biological_Process_2023,top100
GO_Biological_Process_2023,Regulation Of Cell Differentiation (GO:0045595),1/193,0.176366309481075,0.2070768608832522,0,0,5.4243421052631575,9.412275801923704,RPS6KA1,Tkt,GO_Biological_Process_2023,top100
GO_Biological_Process_2023,Regulation Of Translation (GO:0006417),1/202,0.1838225713143234,0.2147630041098036,0,0,5.17910447761194,8.772285712048289,RPS6KA1,Tkt,GO_Biological_Process_2023,top100
GO_Biological_Process_2023,Defense Response To Bacterium (GO:0042742),1/204,0.1854707875587981,0.2156212111521002,0,0,5.12756028001037,8.639210388089602,LTF,Tkt,GO_Biological_Process_2023,top100
GO_Biological_Process_2023,Regulation Of GTPase Activity (GO:0043087),1/214,0.1936645481356278,0.2240433007843537,0,0,4.884358784284656,8.018298920832006,DOCK8,Tkt,GO_Biological_Process_2023,top100
GO_Biological_Process_2023,Positive Regulation Of Cell Motility (GO:2000147),1/221,0.1993535238624252,0.2294996664952797,0,0,4.727272727272728,7.623557044051727,SUN2,Tkt,GO_Biological_Process_2023,top100
GO_Biological_Process_2023,Regulation Of Cell Growth (GO:0001558),1/227,0.2041994198905871,0.2339371994863037,0,0,4.6003726129483,7.308419739683482,RPS6KA1,Tkt,GO_Biological_Process_2023,top100
GO_Biological_Process_2023,Negative Regulation Of Intracellular Signal Transduction (GO:1902532),1/231,0.2074145235836311,0.2346776721726024,0,0,4.519450800915332,7.109258623489633,RPS6KA1,Tkt,GO_Biological_Process_2023,top100
GO_Biological_Process_2023,Negative Regulation Of Multicellular Organismal Process (GO:0051241),1/231,0.2074145235836311,0.2346776721726024,0,0,4.519450800915332,7.109258623489633,ARHGDIB,Tkt,GO_Biological_Process_2023,top100
GO_Biological_Process_2023,Regulation Of I-kappaB kinase/NF-kappaB Signaling (GO:0043122),1/232,0.2082163692749012,0.2346776721726024,0,0,4.499658236500342,7.0607624761468,LTF,Tkt,GO_Biological_Process_2023,top100
GO_Biological_Process_2023,Positive Regulation Of Developmental Process (GO:0051094),1/233,0.209017444281756,0.2346776721726024,0,0,4.480036297640654,7.012769109428109,RPS6KA1,Tkt,GO_Biological_Process_2023,top100
GO_Biological_Process_2023,Positive Regulation Of GTPase Activity (GO:0043547),1/234,0.2098177492729623,0.2346776721726024,0,0,4.460582787440705,6.965271328031701,DOCK8,Tkt,GO_Biological_Process_2023,top100
GO_Biological_Process_2023,Positive Regulation Of DNA-binding Transcription Factor Activity (GO:0051091),1/246,0.2193616045728632,0.2441949937697911,0,0,4.23952738990333,6.431506127760009,LTF,Tkt,GO_Biological_Process_2023,top100
GO_Biological_Process_2023,Cellular Component Assembly (GO:0022607),1/260,0.2303576972693562,0.2552320026083007,0,0,4.007518796992481,5.88352640155123,PARVG,Tkt,GO_Biological_Process_2023,top100
GO_Biological_Process_2023,Negative Regulation Of Signal Transduction (GO:0009968),1/267,0.2358004072718371,0.2600415706362315,0,0,3.900672734467749,5.635573244668647,LTF,Tkt,GO_Biological_Process_2023,top100
GO_Biological_Process_2023,Positive Regulation Of Cell Migration (GO:0030335),1/272,0.2396656490013005,0.2630748519270089,0,0,3.8277335404933,5.467957385790095,SUN2,Tkt,GO_Biological_Process_2023,top100
GO_Biological_Process_2023,Positive Regulation Of Transcription By RNA Polymerase II (GO:0045944),2/938,0.2407977511194594,0.2630938391860761,0,0,2.2606837606837606,3.218756801867845,CEBPE;RPS6KA1,Tkt,GO_Biological_Process_2023,top100
GO_Biological_Process_2023,Transmembrane Receptor Protein Tyrosine Kinase Signaling Pathway (GO:0007169),1/284,0.2488665952413865,0.2706567579583742,0,0,3.663195090198996,5.094911988492453,SORT1,Tkt,GO_Biological_Process_2023,top100
GO_Biological_Process_2023,Regulation Of Intracellular Signal Transduction (GO:1902531),1/297,0.2587148864025256,0.2800766660137433,0,0,3.5,4.732100269175356,DOCK8,Tkt,GO_Biological_Process_2023,top100
GO_Biological_Process_2023,Cellular Response To Cytokine Stimulus (GO:0071345),1/308,0.2669521234886096,0.2876744344443463,0,0,3.3727070118292475,4.454286762090836,DOCK8,Tkt,GO_Biological_Process_2023,top100
GO_Biological_Process_2023,Organelle Assembly (GO:0070925),1/322,0.2773101610873619,0.2974781728028065,0,0,3.2233152975897688,4.134284425406205,CORO1A,Tkt,GO_Biological_Process_2023,top100
GO_Biological_Process_2023,Protein Localization (GO:0008104),1/351,0.2983254853341996,0.3185738214428557,0,0,2.95187969924812,3.5705055879105934,NIN,Tkt,GO_Biological_Process_2023,top100
GO_Biological_Process_2023,Regulation Of Gene Expression (GO:0010468),2/1127,0.3121295031728341,0.3318133457152651,0,0,1.8622222222222224,2.168254427402148,SORT1;LTF,Tkt,GO_Biological_Process_2023,top100
GO_Biological_Process_2023,Vesicle-Mediated Transport (GO:0016192),1/411,0.3399768862337602,0.3597961665971633,0,0,2.5121951219512195,2.710351157825964,SORT1,Tkt,GO_Biological_Process_2023,top100
GO_Biological_Process_2023,Organelle Organization (GO:0006996),1/418,0.3446802713619546,0.3631452858992022,0,0,2.4691404770920107,2.629975451524217,SORT1,Tkt,GO_Biological_Process_2023,top100
GO_Biological_Process_2023,Phosphorylation (GO:0016310),1/429,0.3520070291592321,0.368104276515399,0,0,2.4043285784554844,2.5103694091759032,RPS6KA1,Tkt,GO_Biological_Process_2023,top100
GO_Biological_Process_2023,Nervous System Development (GO:0007399),1/433,0.3546519581379116,0.368104276515399,0,0,2.381578947368421,2.4687884865052,UNC119,Tkt,GO_Biological_Process_2023,top100
GO_Biological_Process_2023,Regulation Of Cell Migration (GO:0030334),1/434,0.3553115860525164,0.368104276515399,0,0,2.3759572140512946,2.458545884252935,SUN2,Tkt,GO_Biological_Process_2023,top100
GO_Biological_Process_2023,Positive Regulation Of DNA-templated Transcription (GO:0045893),2/1243,0.3556261654470804,0.368104276515399,0,0,1.677768824424747,1.7346035737502377,CEBPE;RPS6KA1,Tkt,GO_Biological_Process_2023,top100
GO_Biological_Process_2023,Positive Regulation Of Cell Population Proliferation (GO:0008284),1/483,0.3868601183294989,0.3986855367937194,0,0,2.1290674819829656,2.021958573619618,LTF,Tkt,GO_Biological_Process_2023,top100
GO_Biological_Process_2023,Protein Phosphorylation (GO:0006468),1/500,0.3974586230753241,0.4078271088946804,0,0,2.054741061069508,1.895836517027884,RPS6KA1,Tkt,GO_Biological_Process_2023,top100
GO_Biological_Process_2023,Positive Regulation Of Intracellular Signal Transduction (GO:1902533),1/525,0.4127289944018187,0.4216625224191741,0,0,1.954198473282443,1.729395472211373,LTF,Tkt,GO_Biological_Process_2023,top100
GO_Biological_Process_2023,Positive Regulation Of Nucleic Acid-Templated Transcription (GO:1903508),1/557,0.431739060722593,0.4391828376316032,0,0,1.8386974630821655,1.544384329873897,RPS6KA1,Tkt,GO_Biological_Process_2023,top100
GO_Biological_Process_2023,Positive Regulation Of Cellular Process (GO:0048522),1/594,0.4529906402414605,0.4588231377552991,0,0,1.720688737019615,1.3625855622405671,RPS6KA1,Tkt,GO_Biological_Process_2023,top100
GO_Biological_Process_2023,Protein Modification Process (GO:0036211),1/711,0.5153337446566959,0.5197383065768386,0,0,1.4284655300222386,0.9469877103209676,RPS6KA1,Tkt,GO_Biological_Process_2023,top100
GO_Biological_Process_2023,Regulation Of DNA-templated Transcription (GO:0006355),2/1922,0.5856981194303218,0.5881904518534294,0,0,1.0451388888888888,0.5590978603690087,CEBPE;RPS6KA1,Tkt,GO_Biological_Process_2023,top100
GO_Biological_Process_2023,Regulation Of Transcription By RNA Polymerase II (GO:0006357),2/2028,0.6163113775906343,0.6163113775906343,0,0,0.9846440715147526,0.4765706452191482,CEBPE;RPS6KA1,Tkt,GO_Biological_Process_2023,top100
