Gene_set,Term,Overlap,P-value,Adjusted P-value,Old P-value,Old Adjusted P-value,Odds Ratio,Combined Score,Genes,Reference_Gene,Gene_Set_Library,Method
GO_Molecular_Function_2023,Myosin Binding (GO:0017022),2/54,0.0013177506939226,0.0274940219251466,0,0,42.58119658119658,282.3912150075315,RAB3D;CORO1A,Tkt,GO_Molecular_Function_2023,top100
GO_Molecular_Function_2023,Iron Ion Binding (GO:0005506),2/56,0.0014164270510532,0.0274940219251466,0,0,41.0,268.9443273175631,ETHE1;LTF,Tkt,GO_Molecular_Function_2023,top100
GO_Molecular_Function_2023,GTPase Activity (GO:0003924),3/265,0.0022189037948704,0.0274940219251466,0,0,13.281095644364616,81.15734884242987,RAB3D;ARHGDIB;RAC2,Tkt,GO_Molecular_Function_2023,top100
GO_Molecular_Function_2023,Ribonucleoside Triphosphate Phosphatase Activity (GO:0017111),3/270,0.0023399167595869,0.0274940219251466,0,0,13.029081295439523,78.92548301619657,RAB3D;ARHGDIB;RAC2,Tkt,GO_Molecular_Function_2023,top100
GO_Molecular_Function_2023,Fructose Transmembrane Transporter Activity (GO:0005353),1/7,0.0069799958941807,0.0468656867180709,0,0,175.21052631578948,869.8689177892479,SLC2A3,Tkt,GO_Molecular_Function_2023,top100
GO_Molecular_Function_2023,Dehydroascorbic Acid Transmembrane Transporter Activity (GO:0033300),1/7,0.0069799958941807,0.0468656867180709,0,0,175.21052631578948,869.8689177892479,SLC2A3,Tkt,GO_Molecular_Function_2023,top100
GO_Molecular_Function_2023,Neurotrophin Binding (GO:0043121),1/7,0.0069799958941807,0.0468656867180709,0,0,175.21052631578948,869.8689177892479,SORT1,Tkt,GO_Molecular_Function_2023,top100
GO_Molecular_Function_2023,D-glucose Transmembrane Transporter Activity (GO:0055056),1/11,0.0109477797028559,0.0503159950249837,0,0,105.10526315789474,474.5101770765117,SLC2A3,Tkt,GO_Molecular_Function_2023,top100
GO_Molecular_Function_2023,GDP-dissociation Inhibitor Activity (GO:0005092),1/12,0.0119373705403343,0.0503159950249837,0,0,95.54545454545456,423.0830518492731,ARHGDIB,Tkt,GO_Molecular_Function_2023,top100
GO_Molecular_Function_2023,Myosin V Binding (GO:0031489),1/14,0.01391373176082,0.0503159950249837,0,0,80.83805668016194,345.57291333057793,RAB3D,Tkt,GO_Molecular_Function_2023,top100
GO_Molecular_Function_2023,Aldehyde Dehydrogenase (NAD+) Activity (GO:0004029),1/14,0.01391373176082,0.0503159950249837,0,0,80.83805668016194,345.57291333057793,ALDH2,Tkt,GO_Molecular_Function_2023,top100
GO_Molecular_Function_2023,Aldehyde Dehydrogenase [NAD(P)+] Activity (GO:0004030),1/14,0.01391373176082,0.0503159950249837,0,0,80.83805668016194,345.57291333057793,ALDH2,Tkt,GO_Molecular_Function_2023,top100
GO_Molecular_Function_2023,Actin Binding (GO:0003779),2/183,0.0141975959025237,0.0503159950249837,0,0,12.154082259054634,51.711762687567386,PARVG;CORO1A,Tkt,GO_Molecular_Function_2023,top100
GO_Molecular_Function_2023,Hexose Transmembrane Transporter Activity (GO:0015149),1/16,0.0158863378646896,0.0503159950249837,0,0,70.05263157894737,290.1787210723924,SLC2A3,Tkt,GO_Molecular_Function_2023,top100
GO_Molecular_Function_2023,Small GTPase Binding (GO:0031267),2/199,0.016636844244122,0.0503159950249837,0,0,11.157924421883813,45.70437044645185,ARHGDIB;MEGF9,Tkt,GO_Molecular_Function_2023,top100
GO_Molecular_Function_2023,Cysteine-Type Endopeptidase Inhibitor Activity Involved In Apoptotic Process (GO:0043027),1/19,0.0188382206720142,0.0503159950249837,0,0,58.36842105263158,231.8316321803268,RPS6KA1,Tkt,GO_Molecular_Function_2023,top100
GO_Molecular_Function_2023,"Oxidoreductase Activity, Acting On The Aldehyde Or Oxo Group Of Donors, NAD Or NADP As Acceptor (GO:0016620)",1/20,0.019820311238232,0.0503159950249837,0,0,55.29362880886426,216.80897525048425,ALDH2,Tkt,GO_Molecular_Function_2023,top100
GO_Molecular_Function_2023,"Oxidoreductase Activity, Acting On Single Donors With Incorporation Of Molecular Oxygen, Incorporation Of Two Atoms Of Oxygen (GO:0016702)",1/21,0.0208014680109953,0.0503159950249837,0,0,52.526315789473685,203.4203291515269,ETHE1,Tkt,GO_Molecular_Function_2023,top100
GO_Molecular_Function_2023,GTPase Binding (GO:0051020),2/225,0.0209537682077122,0.0503159950249837,0,0,9.844045839561534,38.05153687263902,ARHGDIB;MEGF9,Tkt,GO_Molecular_Function_2023,top100
GO_Molecular_Function_2023,Cysteine-Type Endopeptidase Inhibitor Activity (GO:0004869),1/22,0.0217816918149241,0.0503159950249837,0,0,50.02255639097744,191.42059056605152,LTF,Tkt,GO_Molecular_Function_2023,top100
GO_Molecular_Function_2023,Actin Monomer Binding (GO:0003785),1/23,0.0227609834903901,0.0503159950249837,0,0,47.74641148325359,180.6107068727385,CORO1A,Tkt,GO_Molecular_Function_2023,top100
GO_Molecular_Function_2023,Glucose Transmembrane Transporter Activity (GO:0005355),1/24,0.0237393438664972,0.0503159950249837,0,0,45.66819221967963,170.827422984315,SLC2A3,Tkt,GO_Molecular_Function_2023,top100
GO_Molecular_Function_2023,NAD Binding (GO:0051287),1/26,0.0256932740553108,0.0503159950249837,0,0,42.01052631578948,153.82263569148483,ALDH2,Tkt,GO_Molecular_Function_2023,top100
GO_Molecular_Function_2023,Protein Serine/Threonine/Tyrosine Kinase Activity (GO:0004712),1/26,0.0256932740553108,0.0503159950249837,0,0,42.01052631578948,153.82263569148483,RPS6KA1,Tkt,GO_Molecular_Function_2023,top100
GO_Molecular_Function_2023,Adenyl Nucleotide Binding (GO:0030554),1/31,0.0305618601074184,0.0574562970019467,0,0,35.0,122.08008572013848,ALDH2,Tkt,GO_Molecular_Function_2023,top100
GO_Molecular_Function_2023,Protein Serine/Threonine Kinase Activator Activity (GO:0043539),1/56,0.0545601179499192,0.098627905524854,0,0,19.066985645933013,55.45541451142644,LTF,Tkt,GO_Molecular_Function_2023,top100
GO_Molecular_Function_2023,Transition Metal Ion Binding (GO:0046914),2/456,0.0752362680184004,0.1309668369209192,0,0,4.77875673029858,12.363226080912495,ETHE1;LTF,Tkt,GO_Molecular_Function_2023,top100
GO_Molecular_Function_2023,Protein Kinase Activator Activity (GO:0030295),1/88,0.0844550840845328,0.1417638911418944,0,0,12.03448275862069,29.7436505826784,LTF,Tkt,GO_Molecular_Function_2023,top100
GO_Molecular_Function_2023,Carboxylic Ester Hydrolase Activity (GO:0052689),1/104,0.0990636578243202,0.1605514454394156,0,0,10.15687276443536,23.4826149464007,ALDH2,Tkt,GO_Molecular_Function_2023,top100
GO_Molecular_Function_2023,Endopeptidase Inhibitor Activity (GO:0004866),1/112,0.1062846380154363,0.166512599557517,0,0,9.421052631578949,21.11855678854484,LTF,Tkt,GO_Molecular_Function_2023,top100
GO_Molecular_Function_2023,GTP Binding (GO:0005525),1/201,0.1829972755200808,0.2712003915222862,0,0,5.205263157894737,8.840015210340173,RAC2,Tkt,GO_Molecular_Function_2023,top100
GO_Molecular_Function_2023,Guanyl-Nucleotide Exchange Factor Activity (GO:0005085),1/203,0.1846470750790034,0.2712003915222862,0,0,5.153204794163627,8.705355125083043,DOCK8,Tkt,GO_Molecular_Function_2023,top100
GO_Molecular_Function_2023,Guanyl Ribonucleotide Binding (GO:0032561),1/226,0.2033937102078531,0.2896819509020939,0,0,4.621052631578947,7.359542575681528,RAC2,Tkt,GO_Molecular_Function_2023,top100
GO_Molecular_Function_2023,Microtubule Binding (GO:0008017),1/239,0.2138077489172732,0.2955577705621129,0,0,4.365767359575409,6.734973421497441,SUN2,Tkt,GO_Molecular_Function_2023,top100
GO_Molecular_Function_2023,Tubulin Binding (GO:0015631),1/322,0.2773101610873619,0.3723879306030289,0,0,3.2233152975897688,4.134284425406205,SUN2,Tkt,GO_Molecular_Function_2023,top100
GO_Molecular_Function_2023,Protein Serine/Threonine Kinase Activity (GO:0004674),1/342,0.291866431087855,0.3762270121310918,0,0,3.0311776508720483,3.7327710264919576,RPS6KA1,Tkt,GO_Molecular_Function_2023,top100
GO_Molecular_Function_2023,"DNA-binding Transcription Activator Activity, RNA Polymerase II-specific (GO:0001228)",1/348,0.296178711677668,0.3762270121310918,0,0,2.9778553010769,3.62343125547793,CEBPE,Tkt,GO_Molecular_Function_2023,top100
GO_Molecular_Function_2023,GTPase Regulator Activity (GO:0030695),1/424,0.3486863847142679,0.4312700021465945,0,0,2.433370660694289,2.5637564324223114,DOCK8,Tkt,GO_Molecular_Function_2023,top100
GO_Molecular_Function_2023,Purine Ribonucleoside Triphosphate Binding (GO:0035639),1/476,0.3824447552989771,0.4608949615141519,0,0,2.161218836565097,2.0773010145945787,RAC2,Tkt,GO_Molecular_Function_2023,top100
GO_Molecular_Function_2023,Double-Stranded DNA Binding (GO:0003690),1/650,0.4837247069501915,0.5618146503900622,0,0,1.56767496553402,1.1385072031128292,CEBPE,Tkt,GO_Molecular_Function_2023,top100
GO_Molecular_Function_2023,Protein Homodimerization Activity (GO:0042803),1/662,0.4900936311913308,0.5618146503900622,0,0,1.5382594155585636,1.097023272834384,CORO1A,Tkt,GO_Molecular_Function_2023,top100
GO_Molecular_Function_2023,Sequence-Specific Double-Stranded DNA Binding (GO:1990837),1/715,0.5173408966214283,0.5665593236964911,0,0,1.4201680672268908,0.935966376355209,CEBPE,Tkt,GO_Molecular_Function_2023,top100
GO_Molecular_Function_2023,Sequence-Specific DNA Binding (GO:0043565),1/717,0.518341508913811,0.5665593236964911,0,0,1.416054101734784,0.9305188453819746,CEBPE,Tkt,GO_Molecular_Function_2023,top100
GO_Molecular_Function_2023,Cis-Regulatory Region Sequence-Specific DNA Binding (GO:0000987),1/1098,0.6769151493777338,0.7154709652296016,0,0,0.9059636328743464,0.3535154777640277,CEBPE,Tkt,GO_Molecular_Function_2023,top100
GO_Molecular_Function_2023,RNA Polymerase II Cis-Regulatory Region Sequence-Specific DNA Binding (GO:0000978),1/1122,0.6850253922411079,0.7154709652296016,0,0,0.8854406310155406,0.334961635047675,CEBPE,Tkt,GO_Molecular_Function_2023,top100
GO_Molecular_Function_2023,RNA Polymerase II Transcription Regulatory Region Sequence-Specific DNA Binding (GO:0000977),1/1225,0.7176868972159977,0.7332887862859108,0,0,0.8065015479876161,0.2675342108050363,CEBPE,Tkt,GO_Molecular_Function_2023,top100
GO_Molecular_Function_2023,RNA Binding (GO:0003723),1/1411,0.768682159701653,0.768682159701653,0,0,0.6931690929451287,0.1823573385145276,CORO1A,Tkt,GO_Molecular_Function_2023,top100
