Gene_set,Term,Overlap,P-value,Adjusted P-value,Old P-value,Old Adjusted P-value,Odds Ratio,Combined Score,Genes,Reference_Gene,Gene_Set_Library,Method
GO_Cellular_Component_2023,Actin Filament (GO:0005884),2/71,0.002265165629135,0.0453033125827015,0,0,32.06280193236715,195.2659072256636,TMOD1;DIAPH3,Tpi1,GO_Cellular_Component_2023,top100
GO_Cellular_Component_2023,Spindle (GO:0005819),2/210,0.018410850055187,0.0904668441682192,0,0,10.561965811965813,42.19310063010437,CENPF;MZT1,Tpi1,GO_Cellular_Component_2023,top100
GO_Cellular_Component_2023,Anaphase-Promoting Complex (GO:0005680),1/20,0.019820311238232,0.0904668441682192,0,0,55.29362880886426,216.80897525048425,FZR1,Tpi1,GO_Cellular_Component_2023,top100
GO_Cellular_Component_2023,Nuclear Membrane (GO:0031965),2/227,0.0213034132070273,0.0904668441682192,0,0,9.755555555555556,37.54804046374098,CENPF;FZR1,Tpi1,GO_Cellular_Component_2023,top100
GO_Cellular_Component_2023,Polymeric Cytoskeletal Fiber (GO:0099513),2/265,0.0284024383505042,0.0904668441682192,0,0,8.329953527672158,29.6652992321516,TMOD1;DIAPH3,Tpi1,GO_Cellular_Component_2023,top100
GO_Cellular_Component_2023,Myofibril (GO:0030016),1/29,0.0286172054274548,0.0904668441682192,0,0,37.50375939849624,133.2788782141628,TMOD1,Tpi1,GO_Cellular_Component_2023,top100
GO_Cellular_Component_2023,Supramolecular Fiber (GO:0099512),1/36,0.0354073301248565,0.0904668441682192,0,0,29.99248120300752,100.19997336732251,TNK2,Tpi1,GO_Cellular_Component_2023,top100
GO_Cellular_Component_2023,Actin Cytoskeleton (GO:0015629),2/327,0.0417158802828728,0.0904668441682192,0,0,6.71965811965812,21.347503141067747,TMOD1;DIAPH3,Tpi1,GO_Cellular_Component_2023,top100
GO_Cellular_Component_2023,Euchromatin (GO:0000791),1/44,0.0431122594296053,0.0904668441682192,0,0,24.402692778457773,76.72079424655034,TCF3,Tpi1,GO_Cellular_Component_2023,top100
GO_Cellular_Component_2023,Microtubule Cytoskeleton (GO:0015630),2/342,0.0452334220841096,0.0904668441682192,0,0,6.418300653594772,19.87053918985706,CENPF;MZT1,Tpi1,GO_Cellular_Component_2023,top100
GO_Cellular_Component_2023,Nucleus (GO:0005634),8/4487,0.0592991029783512,0.1078165508697295,0,0,2.3072114311230187,6.518243984530627,CENPF;PTP4A3;FZR1;DIAPH3;TNK2;LMO2;GID8;TCF3,Tpi1,GO_Cellular_Component_2023,top100
GO_Cellular_Component_2023,Clathrin-Coated Vesicle (GO:0030136),1/78,0.0752107517706809,0.117137169300429,0,0,13.604237867395762,35.20043603994484,TNK2,Tpi1,GO_Cellular_Component_2023,top100
GO_Cellular_Component_2023,Coated Vesicle (GO:0030135),1/79,0.0761391600452789,0.117137169300429,0,0,13.429149797570853,34.58264664318254,TNK2,Tpi1,GO_Cellular_Component_2023,top100
GO_Cellular_Component_2023,Intracellular Non-Membrane-Bounded Organelle (GO:0043232),3/1195,0.1138061882456354,0.1595247482397452,0,0,2.7814844058428743,6.044884295259932,SELENBP1;CENPF;MZT1,Tpi1,GO_Cellular_Component_2023,top100
GO_Cellular_Component_2023,Intracellular Membrane-Bounded Organelle (GO:0043231),8/5175,0.1196435611798089,0.1595247482397452,0,0,1.911231533449455,4.0579999535099125,CENPF;PTP4A3;FZR1;DIAPH3;TNK2;LMO2;GID8;TCF3,Tpi1,GO_Cellular_Component_2023,top100
GO_Cellular_Component_2023,Basolateral Plasma Membrane (GO:0016323),1/171,0.1578665109620534,0.1887202985184839,0,0,6.13312693498452,11.321785872550064,SLC43A3,Tpi1,GO_Cellular_Component_2023,top100
GO_Cellular_Component_2023,cullin-RING Ubiquitin Ligase Complex (GO:0031461),1/174,0.1604122537407113,0.1887202985184839,0,0,6.02585944630362,11.027372148017925,FZR1,Tpi1,GO_Cellular_Component_2023,top100
GO_Cellular_Component_2023,Cell-Cell Junction (GO:0005911),1/299,0.2602190768494947,0.2891323076105497,0,0,3.4761568350406216,4.679711480884057,MPP1,Tpi1,GO_Cellular_Component_2023,top100
GO_Cellular_Component_2023,Nucleolus (GO:0005730),1/771,0.5446249638206491,0.5488708437002711,0,0,1.3130553656869446,0.7978884148542503,SELENBP1,Tpi1,GO_Cellular_Component_2023,top100
GO_Cellular_Component_2023,Nuclear Lumen (GO:0031981),1/780,0.5488708437002711,0.5488708437002711,0,0,1.2972772109992567,0.7782263796116276,SELENBP1,Tpi1,GO_Cellular_Component_2023,top100
