Gene_set,Term,Overlap,P-value,Adjusted P-value,Old P-value,Old Adjusted P-value,Odds Ratio,Combined Score,Genes,Reference_Gene,Gene_Set_Library,Method
GO_Molecular_Function_2023,bHLH Transcription Factor Binding (GO:0043425),2/22,0.00021683563043902655,0.0108417815219513,0,0,110.88888888888889,935.4998014387868,LMO2;TCF3,Tpi1,GO_Molecular_Function_2023,top100
GO_Molecular_Function_2023,DNA-binding Transcription Factor Binding (GO:0140297),3/282,0.002646934081441,0.049809852757319,0,0,12.461100569259962,73.94857277600035,CENPF;LMO2;TCF3,Tpi1,GO_Molecular_Function_2023,top100
GO_Molecular_Function_2023,"DNA-binding Transcription Activator Activity, RNA Polymerase II-specific (GO:0001228)",3/348,0.0047792417231588,0.049809852757319,0,0,10.043478260869565,53.667058733432974,E2F2;E2F4;TCF3,Tpi1,GO_Molecular_Function_2023,top100
GO_Molecular_Function_2023,Acid-Amino Acid Ligase Activity (GO:0016881),1/6,0.0059856908667451,0.049809852757319,0,0,210.26315789473685,1076.2074808846232,GCLC,Tpi1,GO_Molecular_Function_2023,top100
GO_Molecular_Function_2023,"Oxidoreductase Activity, Acting On A Sulfur Group Of Donors, Oxygen As Acceptor (GO:0016670)",1/6,0.0059856908667451,0.049809852757319,0,0,210.26315789473685,1076.2074808846232,SELENBP1,Tpi1,GO_Molecular_Function_2023,top100
GO_Molecular_Function_2023,Ubiquitin Ligase Activator Activity (GO:1990757),1/6,0.0059856908667451,0.049809852757319,0,0,210.26315789473685,1076.2074808846232,FZR1,Tpi1,GO_Molecular_Function_2023,top100
GO_Molecular_Function_2023,Guanylate Kinase Activity (GO:0004385),1/8,0.0079733565142536,0.049809852757319,0,0,150.17293233082708,725.5830081396662,MPP1,Tpi1,GO_Molecular_Function_2023,top100
GO_Molecular_Function_2023,Purine Nucleobase Transmembrane Transporter Activity (GO:0005345),1/9,0.0089657734963174,0.049809852757319,0,0,131.39473684210526,619.439581424405,SLC43A3,Tpi1,GO_Molecular_Function_2023,top100
GO_Molecular_Function_2023,Mitogen-Activated Protein Kinase Kinase Kinase Binding (GO:0031435),1/9,0.0089657734963174,0.049809852757319,0,0,131.39473684210526,619.439581424405,TCF3,Tpi1,GO_Molecular_Function_2023,top100
GO_Molecular_Function_2023,Magnesium Ion Binding (GO:0000287),2/155,0.0103465517369631,0.0517327586848155,0,0,14.398692810457517,65.81789321952054,GCLC;PRIM1,Tpi1,GO_Molecular_Function_2023,top100
GO_Molecular_Function_2023,GTPase Inhibitor Activity (GO:0005095),1/12,0.0119373705403343,0.0542607751833379,0,0,95.54545454545456,423.0830518492731,TNK2,Tpi1,GO_Molecular_Function_2023,top100
GO_Molecular_Function_2023,Ubiquitin-Protein Transferase Activator Activity (GO:0097027),1/16,0.0158863378646896,0.0661930744362067,0,0,70.05263157894737,290.1787210723924,FZR1,Tpi1,GO_Molecular_Function_2023,top100
GO_Molecular_Function_2023,Nucleoside Monophosphate Kinase Activity (GO:0050145),1/18,0.0178551954764704,0.0686738287556554,0,0,61.80495356037152,248.79341471282052,MPP1,Tpi1,GO_Molecular_Function_2023,top100
GO_Molecular_Function_2023,WW Domain Binding (GO:0050699),1/20,0.019820311238232,0.0707868258508289,0,0,55.29362880886426,216.80897525048425,TNK2,Tpi1,GO_Molecular_Function_2023,top100
GO_Molecular_Function_2023,RNA Polymerase II-specific DNA-binding Transcription Factor Binding (GO:0061629),2/228,0.0214791585202302,0.0715971950674341,0,0,9.71189773844641,37.30021550902055,LMO2;TCF3,Tpi1,GO_Molecular_Function_2023,top100
GO_Molecular_Function_2023,Epidermal Growth Factor Receptor Binding (GO:0005154),1/25,0.0247167737784927,0.0740801264892939,0,0,43.76315789473684,161.93563879493826,TNK2,Tpi1,GO_Molecular_Function_2023,top100
GO_Molecular_Function_2023,Protein Serine/Threonine/Tyrosine Kinase Activity (GO:0004712),1/26,0.0256932740553108,0.0740801264892939,0,0,42.01052631578948,153.82263569148483,TNK2,Tpi1,GO_Molecular_Function_2023,top100
GO_Molecular_Function_2023,ADP Binding (GO:0043531),1/27,0.0266688455361458,0.0740801264892939,0,0,40.392712550607285,146.39366123411943,GCLC,Tpi1,GO_Molecular_Function_2023,top100
GO_Molecular_Function_2023,DNA-directed 5'-3' RNA Polymerase Activity (GO:0003899),1/34,0.0334719094011011,0.0836797735027528,0,0,31.8133971291866,108.07165990908112,PRIM1,Tpi1,GO_Molecular_Function_2023,top100
GO_Molecular_Function_2023,Kinase Inhibitor Activity (GO:0019210),1/34,0.0334719094011011,0.0836797735027528,0,0,31.8133971291866,108.07165990908112,FZR1,Tpi1,GO_Molecular_Function_2023,top100
GO_Molecular_Function_2023,Promoter-Specific Chromatin Binding (GO:1990841),1/42,0.0411915269172122,0.0979824077945576,0,0,25.59563543003851,81.63786025385905,E2F4,Tpi1,GO_Molecular_Function_2023,top100
GO_Molecular_Function_2023,Ubiquitin Ligase-Substrate Adaptor Activity (GO:1990756),1/44,0.0431122594296053,0.0979824077945576,0,0,24.402692778457773,76.72079424655034,FZR1,Tpi1,GO_Molecular_Function_2023,top100
GO_Molecular_Function_2023,E-box Binding (GO:0070888),1/51,0.0498060789247286,0.1047799822862993,0,0,20.978947368421053,62.92883309083605,TCF3,Tpi1,GO_Molecular_Function_2023,top100
GO_Molecular_Function_2023,DNA Binding (GO:0003677),3/846,0.0502943914974236,0.1047799822862993,0,0,4.006070755704417,11.97759755657978,E2F2;E2F4;TCF3,Tpi1,GO_Molecular_Function_2023,top100
GO_Molecular_Function_2023,Protein Tyrosine Phosphatase Activity (GO:0004725),1/76,0.0733512756104792,0.1467025512209584,0,0,13.968421052631578,36.49243551909278,PTP4A3,Tpi1,GO_Molecular_Function_2023,top100
GO_Molecular_Function_2023,Transcription Cis-Regulatory Region Binding (GO:0000976),2/474,0.0804432776737929,0.1525124841202541,0,0,4.592278719397363,11.573474458935028,E2F2;TCF3,Tpi1,GO_Molecular_Function_2023,top100
GO_Molecular_Function_2023,Growth Factor Receptor Binding (GO:0070851),1/96,0.0917872740073591,0.1525124841202541,0,0,11.01662049861496,26.310792233027552,TNK2,Tpi1,GO_Molecular_Function_2023,top100
GO_Molecular_Function_2023,Cis-Regulatory Region Sequence-Specific DNA Binding (GO:0000987),3/1098,0.0938304902741008,0.1525124841202541,0,0,3.043513295729251,7.201760265661908,E2F2;E2F4;TCF3,Tpi1,GO_Molecular_Function_2023,top100
GO_Molecular_Function_2023,Protein Tyrosine Kinase Activity (GO:0004713),1/99,0.0945224360353158,0.1525124841202541,0,0,10.677765843179378,25.18797462704863,TNK2,Tpi1,GO_Molecular_Function_2023,top100
GO_Molecular_Function_2023,Transcription Coregulator Binding (GO:0001221),1/99,0.0945224360353158,0.1525124841202541,0,0,10.677765843179378,25.18797462704863,LMO2,Tpi1,GO_Molecular_Function_2023,top100
GO_Molecular_Function_2023,Metal Ion Binding (GO:0046872),2/521,0.0945577401545575,0.1525124841202541,0,0,4.166345536287733,9.826511866940434,GCLC;PRIM1,Tpi1,GO_Molecular_Function_2023,top100
GO_Molecular_Function_2023,RNA Polymerase II Cis-Regulatory Region Sequence-Specific DNA Binding (GO:0000978),3/1122,0.0986194118714492,0.1540928310491394,0,0,2.9744519791830943,6.890279823129248,E2F2;E2F4;TCF3,Tpi1,GO_Molecular_Function_2023,top100
GO_Molecular_Function_2023,RNA Polymerase II Transcription Regulatory Region Sequence-Specific DNA Binding (GO:0000977),3/1225,0.1203063876447667,0.1822824055223739,0,0,2.708866852796765,5.736604065812104,E2F2;E2F4;TCF3,Tpi1,GO_Molecular_Function_2023,top100
GO_Molecular_Function_2023,Double-Stranded DNA Binding (GO:0003690),2/650,0.1365328032409386,0.2007835341778509,0,0,3.314814814814815,6.600427358957045,E2F2;E2F4,Tpi1,GO_Molecular_Function_2023,top100
GO_Molecular_Function_2023,Protein Homodimerization Activity (GO:0042803),2/662,0.1406372413839853,0.2009103448342647,0,0,3.2525252525252526,6.380060708186544,CENPF;TCF3,Tpi1,GO_Molecular_Function_2023,top100
GO_Molecular_Function_2023,Sequence-Specific Double-Stranded DNA Binding (GO:1990837),2/715,0.1590925894465052,0.2159441357653355,0,0,3.0024933769674305,5.519390265442419,E2F2;E2F4,Tpi1,GO_Molecular_Function_2023,top100
GO_Molecular_Function_2023,Sequence-Specific DNA Binding (GO:0043565),2/717,0.1597986604663483,0.2159441357653355,0,0,2.993783993783994,5.490122720001515,E2F2;E2F4,Tpi1,GO_Molecular_Function_2023,top100
GO_Molecular_Function_2023,Actin Binding (GO:0003779),1/183,0.1680056895810476,0.2210601178697995,0,0,5.725274725274725,10.212501350602295,TMOD1,Tpi1,GO_Molecular_Function_2023,top100
GO_Molecular_Function_2023,Protein Heterodimerization Activity (GO:0046982),1/190,0.1738665412578544,0.2229058221254544,0,0,5.511278195488722,9.641800864787072,TCF3,Tpi1,GO_Molecular_Function_2023,top100
GO_Molecular_Function_2023,Microtubule Binding (GO:0008017),1/239,0.2138077489172732,0.2646170246029274,0,0,4.365767359575409,6.734973421497441,NDE1,Tpi1,GO_Molecular_Function_2023,top100
GO_Molecular_Function_2023,"DNA-binding Transcription Repressor Activity, RNA Polymerase II-specific (GO:0001227)",1/243,0.2169859601744004,0.2646170246029274,0,0,4.292735972161809,6.558968424426781,TCF3,Tpi1,GO_Molecular_Function_2023,top100
GO_Molecular_Function_2023,Ubiquitin Protein Ligase Binding (GO:0031625),1/271,0.2388940895616739,0.2843977256686594,0,0,3.842105263157895,5.500876445147768,TNK2,Tpi1,GO_Molecular_Function_2023,top100
GO_Molecular_Function_2023,Ubiquitin-Like Protein Ligase Binding (GO:0044389),1/289,0.2526690190113976,0.293801184896974,0,0,3.598684210526316,4.950619440611226,TNK2,Tpi1,GO_Molecular_Function_2023,top100
GO_Molecular_Function_2023,Adenyl Ribonucleotide Binding (GO:0032559),1/309,0.2676966358049682,0.3014240881384369,0,0,3.3615857826384143,4.430236913470875,GCLC,Tpi1,GO_Molecular_Function_2023,top100
GO_Molecular_Function_2023,Cadherin Binding (GO:0045296),1/319,0.2751023557551568,0.3014240881384369,0,0,3.254220456802383,4.199936127810808,DIAPH3,Tpi1,GO_Molecular_Function_2023,top100
GO_Molecular_Function_2023,Tubulin Binding (GO:0015631),1/322,0.2773101610873619,0.3014240881384369,0,0,3.2233152975897688,4.134284425406205,NDE1,Tpi1,GO_Molecular_Function_2023,top100
GO_Molecular_Function_2023,Zinc Ion Binding (GO:0008270),1/341,0.2911452817971114,0.3097290231884164,0,0,3.040247678018576,3.751461592199566,PRIM1,Tpi1,GO_Molecular_Function_2023,top100
GO_Molecular_Function_2023,GTPase Regulator Activity (GO:0030695),1/424,0.3486863847142679,0.3632149840773624,0,0,2.433370660694289,2.5637564324223114,TNK2,Tpi1,GO_Molecular_Function_2023,top100
GO_Molecular_Function_2023,Transition Metal Ion Binding (GO:0046914),1/456,0.3696623813155064,0.3772065115464351,0,0,2.2585309427414693,2.2476113359998484,PRIM1,Tpi1,GO_Molecular_Function_2023,top100
GO_Molecular_Function_2023,Protein Kinase Binding (GO:0019901),1/511,0.4042234856234526,0.4042234856234526,0,0,2.0092879256965945,1.819987629272792,TCF3,Tpi1,GO_Molecular_Function_2023,top100
