Gene_set,Term,Overlap,P-value,Adjusted P-value,Old P-value,Old Adjusted P-value,Odds Ratio,Combined Score,Genes,Reference_Gene,Gene_Set_Library,Method
GO_Biological_Process_2023,Establishment Of Chromosome Localization (GO:0051303),2/14,8.583035665856277e-05,0.0125312320721501,0,0,184.88888888888889,1731.1401456194585,CENPF;NDE1,Tpi1,GO_Biological_Process_2023,top100
GO_Biological_Process_2023,Non-Membrane-Bounded Organelle Assembly (GO:0140694),3/135,0.00031521034703415614,0.0230103553334934,0,0,26.53475935828877,213.93040424584777,TMOD1;CENPF;E2F4,Tpi1,GO_Biological_Process_2023,top100
GO_Biological_Process_2023,Immunoglobulin V(D)J Recombination (GO:0033152),1/5,0.0049904406959516,0.0740735202342759,0,0,262.8421052631579,1393.123889480945,TCF3,Tpi1,GO_Biological_Process_2023,top100
GO_Biological_Process_2023,Regulation Of Striated Muscle Tissue Development (GO:0016202),1/6,0.0059856908667451,0.0740735202342759,0,0,210.26315789473685,1076.2074808846232,CENPF,Tpi1,GO_Biological_Process_2023,top100
GO_Biological_Process_2023,Glutathione Biosynthetic Process (GO:0006750),1/6,0.0059856908667451,0.0740735202342759,0,0,210.26315789473685,1076.2074808846232,GCLC,Tpi1,GO_Biological_Process_2023,top100
GO_Biological_Process_2023,Multi-Ciliated Epithelial Cell Differentiation (GO:1903251),1/7,0.0069799958941807,0.0740735202342759,0,0,175.21052631578948,869.8689177892479,E2F4,Tpi1,GO_Biological_Process_2023,top100
GO_Biological_Process_2023,Nonribosomal Peptide Biosynthetic Process (GO:0019184),1/7,0.0069799958941807,0.0740735202342759,0,0,175.21052631578948,869.8689177892479,GCLC,Tpi1,GO_Biological_Process_2023,top100
GO_Biological_Process_2023,Somatic Recombination Of Immunoglobulin Gene Segments (GO:0016447),1/8,0.0079733565142536,0.0740735202342759,0,0,150.17293233082708,725.5830081396662,TCF3,Tpi1,GO_Biological_Process_2023,top100
GO_Biological_Process_2023,Regulation Of Neutrophil Migration (GO:1902622),1/8,0.0079733565142536,0.0740735202342759,0,0,150.17293233082708,725.5830081396662,MPP1,Tpi1,GO_Biological_Process_2023,top100
GO_Biological_Process_2023,Purine Nucleobase Transport (GO:0006863),1/8,0.0079733565142536,0.0740735202342759,0,0,150.17293233082708,725.5830081396662,SLC43A3,Tpi1,GO_Biological_Process_2023,top100
GO_Biological_Process_2023,Positive Regulation Of Ubiquitin Protein Ligase Activity (GO:1904668),1/8,0.0079733565142536,0.0740735202342759,0,0,150.17293233082708,725.5830081396662,FZR1,Tpi1,GO_Biological_Process_2023,top100
GO_Biological_Process_2023,Kinetochore Assembly (GO:0051382),1/9,0.0089657734963174,0.0740735202342759,0,0,131.39473684210526,619.439581424405,CENPF,Tpi1,GO_Biological_Process_2023,top100
GO_Biological_Process_2023,Regulation Of DNA-templated Transcription (GO:0006355),6/1922,0.0092772065831606,0.0740735202342759,0,0,4.040560691917686,18.91061110805769,CENPF;PTP4A3;GCLC;E2F2;E2F4;TCF3,Tpi1,GO_Biological_Process_2023,top100
GO_Biological_Process_2023,Negative Regulation Of Sprouting Angiogenesis (GO:1903671),1/10,0.0099572476243861,0.0740735202342759,0,0,116.78947368421052,538.3357753631753,E2F2,Tpi1,GO_Biological_Process_2023,top100
GO_Biological_Process_2023,Kinetochore Organization (GO:0051383),1/10,0.0099572476243861,0.0740735202342759,0,0,116.78947368421052,538.3357753631753,CENPF,Tpi1,GO_Biological_Process_2023,top100
GO_Biological_Process_2023,Cellular Response To Thyroid Hormone Stimulus (GO:0097067),1/11,0.0109477797028559,0.0740735202342759,0,0,105.10526315789474,474.5101770765117,LMO2,Tpi1,GO_Biological_Process_2023,top100
GO_Biological_Process_2023,Response To Thyroid Hormone (GO:0097066),1/12,0.0119373705403343,0.0740735202342759,0,0,95.54545454545456,423.0830518492731,LMO2,Tpi1,GO_Biological_Process_2023,top100
GO_Biological_Process_2023,Regulation Of Tube Diameter (GO:0035296),1/12,0.0119373705403343,0.0740735202342759,0,0,95.54545454545456,423.0830518492731,GCLC,Tpi1,GO_Biological_Process_2023,top100
GO_Biological_Process_2023,Vascular Process In Circulatory System (GO:0003018),1/12,0.0119373705403343,0.0740735202342759,0,0,95.54545454545456,423.0830518492731,GCLC,Tpi1,GO_Biological_Process_2023,top100
GO_Biological_Process_2023,V(D)J Recombination (GO:0033151),1/12,0.0119373705403343,0.0740735202342759,0,0,95.54545454545456,423.0830518492731,TCF3,Tpi1,GO_Biological_Process_2023,top100
GO_Biological_Process_2023,Positive Regulation Of Transcription By RNA Polymerase II (GO:0045944),4/938,0.0127648380722687,0.0740735202342759,0,0,5.09796573875803,22.232539122472907,LMO2;E2F2;E2F4;TCF3,Tpi1,GO_Biological_Process_2023,top100
GO_Biological_Process_2023,Striated Muscle Cell Development (GO:0055002),1/14,0.01391373176082,0.0740735202342759,0,0,80.83805668016194,345.57291333057793,TMOD1,Tpi1,GO_Biological_Process_2023,top100
GO_Biological_Process_2023,Regulation Of Establishment Of Protein Localization (GO:0070201),1/14,0.01391373176082,0.0740735202342759,0,0,80.83805668016194,345.57291333057793,PTP4A3,Tpi1,GO_Biological_Process_2023,top100
GO_Biological_Process_2023,Serine Family Amino Acid Metabolic Process (GO:0009069),1/14,0.01391373176082,0.0740735202342759,0,0,80.83805668016194,345.57291333057793,GCLC,Tpi1,GO_Biological_Process_2023,top100
GO_Biological_Process_2023,Centromere Complex Assembly (GO:0034508),1/14,0.01391373176082,0.0740735202342759,0,0,80.83805668016194,345.57291333057793,CENPF,Tpi1,GO_Biological_Process_2023,top100
GO_Biological_Process_2023,Regulation Of Clathrin-Dependent Endocytosis (GO:2000369),1/15,0.0149005037888985,0.0740735202342759,0,0,75.06015037593986,315.7300332957057,TNK2,Tpi1,GO_Biological_Process_2023,top100
GO_Biological_Process_2023,Nuclear Chromosome Segregation (GO:0098813),1/16,0.0158863378646896,0.0740735202342759,0,0,70.05263157894737,290.1787210723924,CENPF,Tpi1,GO_Biological_Process_2023,top100
GO_Biological_Process_2023,Motile Cilium Assembly (GO:0044458),1/17,0.0168712348172723,0.0740735202342759,0,0,65.67105263157895,268.0787715603985,E2F4,Tpi1,GO_Biological_Process_2023,top100
GO_Biological_Process_2023,Sulfur Amino Acid Metabolic Process (GO:0000096),1/17,0.0168712348172723,0.0740735202342759,0,0,65.67105263157895,268.0787715603985,GCLC,Tpi1,GO_Biological_Process_2023,top100
GO_Biological_Process_2023,Negative Regulation Of Cellular Senescence (GO:2000773),1/17,0.0168712348172723,0.0740735202342759,0,0,65.67105263157895,268.0787715603985,FZR1,Tpi1,GO_Biological_Process_2023,top100
GO_Biological_Process_2023,Regulation Of Ubiquitin Protein Ligase Activity (GO:1904666),1/17,0.0168712348172723,0.0740735202342759,0,0,65.67105263157895,268.0787715603985,FZR1,Tpi1,GO_Biological_Process_2023,top100
GO_Biological_Process_2023,Regulation Of Cell Cycle G2/M Phase Transition (GO:1902749),1/18,0.0178551954764704,0.0740735202342759,0,0,61.80495356037152,248.79341471282052,CENPF,Tpi1,GO_Biological_Process_2023,top100
GO_Biological_Process_2023,Positive Regulation Of Establishment Of Protein Localization (GO:1904951),1/18,0.0178551954764704,0.0740735202342759,0,0,61.80495356037152,248.79341471282052,PTP4A3,Tpi1,GO_Biological_Process_2023,top100
GO_Biological_Process_2023,Regulation Of Granulocyte Chemotaxis (GO:0071622),1/19,0.0188382206720142,0.0740735202342759,0,0,58.36842105263158,231.8316321803268,MPP1,Tpi1,GO_Biological_Process_2023,top100
GO_Biological_Process_2023,Regulation Of Transcription Involved In G1/S Transition Of Mitotic Cell Cycle (GO:0000083),1/19,0.0188382206720142,0.0740735202342759,0,0,58.36842105263158,231.8316321803268,E2F2,Tpi1,GO_Biological_Process_2023,top100
GO_Biological_Process_2023,Heme Biosynthetic Process (GO:0006783),1/19,0.0188382206720142,0.0740735202342759,0,0,58.36842105263158,231.8316321803268,HMBS,Tpi1,GO_Biological_Process_2023,top100
GO_Biological_Process_2023,Regulation Of Meiotic Cell Cycle (GO:0051445),1/20,0.019820311238232,0.0740735202342759,0,0,55.29362880886426,216.80897525048425,FZR1,Tpi1,GO_Biological_Process_2023,top100
GO_Biological_Process_2023,Glutamate Metabolic Process (GO:0006536),1/20,0.019820311238232,0.0740735202342759,0,0,55.29362880886426,216.80897525048425,GCLC,Tpi1,GO_Biological_Process_2023,top100
GO_Biological_Process_2023,DNA Replication Initiation (GO:0006270),1/21,0.0208014680109953,0.0740735202342759,0,0,52.526315789473685,203.4203291515269,PRIM1,Tpi1,GO_Biological_Process_2023,top100
GO_Biological_Process_2023,Anaphase-Promoting Complex-Dependent Catabolic Process (GO:0031145),1/21,0.0208014680109953,0.0740735202342759,0,0,52.526315789473685,203.4203291515269,FZR1,Tpi1,GO_Biological_Process_2023,top100
GO_Biological_Process_2023,Porphyrin-Containing Compound Biosynthetic Process (GO:0006779),1/21,0.0208014680109953,0.0740735202342759,0,0,52.526315789473685,203.4203291515269,HMBS,Tpi1,GO_Biological_Process_2023,top100
GO_Biological_Process_2023,Vesicle Transport Along Microtubule (GO:0047496),1/22,0.0217816918149241,0.0757173096423552,0,0,50.02255639097744,191.42059056605152,NDE1,Tpi1,GO_Biological_Process_2023,top100
GO_Biological_Process_2023,Microtubule Nucleation (GO:0007020),1/23,0.0227609834903901,0.0772814788278361,0,0,47.74641148325359,180.6107068727385,NDE1,Tpi1,GO_Biological_Process_2023,top100
GO_Biological_Process_2023,Regulation Of Neutrophil Chemotaxis (GO:0090022),1/25,0.0247167737784927,0.0798131491930932,0,0,43.76315789473684,161.93563879493826,MPP1,Tpi1,GO_Biological_Process_2023,top100
GO_Biological_Process_2023,Spindle Assembly Checkpoint Signaling (GO:0071173),1/26,0.0256932740553108,0.0798131491930932,0,0,42.01052631578948,153.82263569148483,CENPF,Tpi1,GO_Biological_Process_2023,top100
GO_Biological_Process_2023,Mitotic Spindle Assembly Checkpoint Signaling (GO:0007094),1/26,0.0256932740553108,0.0798131491930932,0,0,42.01052631578948,153.82263569148483,CENPF,Tpi1,GO_Biological_Process_2023,top100
GO_Biological_Process_2023,Mitotic Spindle Checkpoint Signaling (GO:0071174),1/26,0.0256932740553108,0.0798131491930932,0,0,42.01052631578948,153.82263569148483,CENPF,Tpi1,GO_Biological_Process_2023,top100
GO_Biological_Process_2023,Positive Regulation Of Ubiquitin-Protein Transferase Activity (GO:0051443),1/27,0.0266688455361458,0.0803483075463154,0,0,40.392712550607285,146.39366123411943,FZR1,Tpi1,GO_Biological_Process_2023,top100
GO_Biological_Process_2023,Negative Regulation Of Mitotic Metaphase/Anaphase Transition (GO:0045841),1/28,0.0276434890482457,0.0803483075463154,0,0,38.89473684210526,139.56851455439977,CENPF,Tpi1,GO_Biological_Process_2023,top100
GO_Biological_Process_2023,Protein K11-linked Ubiquitination (GO:0070979),1/29,0.0286172054274548,0.0803483075463154,0,0,37.50375939849624,133.2788782141628,FZR1,Tpi1,GO_Biological_Process_2023,top100
GO_Biological_Process_2023,Establishment Of Mitotic Spindle Orientation (GO:0000132),1/29,0.0286172054274548,0.0803483075463154,0,0,37.50375939849624,133.2788782141628,NDE1,Tpi1,GO_Biological_Process_2023,top100
GO_Biological_Process_2023,RNA Biosynthetic Process (GO:0032774),1/29,0.0286172054274548,0.0803483075463154,0,0,37.50375939849624,133.2788782141628,PRIM1,Tpi1,GO_Biological_Process_2023,top100
GO_Biological_Process_2023,Mitotic G2 DNA Damage Checkpoint Signaling (GO:0007095),1/30,0.0295899955032417,0.0811008345432779,0,0,36.2087114337568,127.46621354176987,FZR1,Tpi1,GO_Biological_Process_2023,top100
GO_Biological_Process_2023,Actin Filament Polymerization (GO:0030041),1/31,0.0305618601074184,0.0811008345432779,0,0,35.0,122.08008572013848,DIAPH3,Tpi1,GO_Biological_Process_2023,top100
GO_Biological_Process_2023,Glutamine Family Amino Acid Metabolic Process (GO:0009064),1/31,0.0305618601074184,0.0811008345432779,0,0,35.0,122.08008572013848,GCLC,Tpi1,GO_Biological_Process_2023,top100
GO_Biological_Process_2023,Positive Regulation Of DNA-templated Transcription (GO:0045893),4/1243,0.0323529938932597,0.0811008345432779,0,0,3.7814769975786926,12.974431794800816,LMO2;E2F2;E2F4;TCF3,Tpi1,GO_Biological_Process_2023,top100
GO_Biological_Process_2023,Regulation Of Sprouting Angiogenesis (GO:1903670),1/33,0.0325028162269628,0.0811008345432779,0,0,32.80921052631579,112.41841533087528,E2F2,Tpi1,GO_Biological_Process_2023,top100
GO_Biological_Process_2023,Establishment Of Mitotic Spindle Localization (GO:0040001),1/34,0.0334719094011011,0.0811008345432779,0,0,31.8133971291866,108.07165990908112,NDE1,Tpi1,GO_Biological_Process_2023,top100
GO_Biological_Process_2023,Microtubule Polymerization (GO:0046785),1/34,0.0334719094011011,0.0811008345432779,0,0,31.8133971291866,108.07165990908112,NDE1,Tpi1,GO_Biological_Process_2023,top100
GO_Biological_Process_2023,Regulation Of Cellular Senescence (GO:2000772),1/35,0.0344400804224879,0.0811008345432779,0,0,30.876160990712076,104.00740624656504,FZR1,Tpi1,GO_Biological_Process_2023,top100
GO_Biological_Process_2023,Regulation Of G2/M Transition Of Mitotic Cell Cycle (GO:0010389),1/35,0.0344400804224879,0.0811008345432779,0,0,30.876160990712076,104.00740624656504,CENPF,Tpi1,GO_Biological_Process_2023,top100
GO_Biological_Process_2023,Establishment Of Spindle Orientation (GO:0051294),1/35,0.0344400804224879,0.0811008345432779,0,0,30.876160990712076,104.00740624656504,NDE1,Tpi1,GO_Biological_Process_2023,top100
GO_Biological_Process_2023,Blood Vessel Diameter Maintenance (GO:0097746),1/36,0.0354073301248565,0.0820550825115722,0,0,29.99248120300752,100.19997336732251,GCLC,Tpi1,GO_Biological_Process_2023,top100
GO_Biological_Process_2023,Organelle Transport Along Microtubule (GO:0072384),1/39,0.0383035595748703,0.0847321166353192,0,0,27.62049861495845,90.10393439678076,NDE1,Tpi1,GO_Biological_Process_2023,top100
GO_Biological_Process_2023,Regulation Of Receptor-Mediated Endocytosis (GO:0048259),1/39,0.0383035595748703,0.0847321166353192,0,0,27.62049861495845,90.10393439678076,TNK2,Tpi1,GO_Biological_Process_2023,top100
GO_Biological_Process_2023,Vesicle Cytoskeletal Trafficking (GO:0099518),1/39,0.0383035595748703,0.0847321166353192,0,0,27.62049861495845,90.10393439678076,NDE1,Tpi1,GO_Biological_Process_2023,top100
GO_Biological_Process_2023,Endothelial Cell Migration (GO:0043542),1/40,0.039267132268101,0.0855671837483992,0,0,26.910931174089068,87.12057233834933,PTP4A3,Tpi1,GO_Biological_Process_2023,top100
GO_Biological_Process_2023,Proteasome-Mediated Ubiquitin-Dependent Protein Catabolic Process (GO:0043161),2/319,0.0398852240283585,0.0856359221785344,0,0,6.892043463021381,22.20443653873461,FZR1;GID8,Tpi1,GO_Biological_Process_2023,top100
GO_Biological_Process_2023,Positive Regulation Of Neuron Differentiation (GO:0045666),1/42,0.0411915269172122,0.0871588830422173,0,0,25.59563543003851,81.63786025385905,TCF3,Tpi1,GO_Biological_Process_2023,top100
GO_Biological_Process_2023,Mitotic Spindle Assembly (GO:0090307),1/44,0.0431122594296053,0.0876571081677612,0,0,24.402692778457773,76.72079424655034,MZT1,Tpi1,GO_Biological_Process_2023,top100
GO_Biological_Process_2023,Mitotic Nuclear Division (GO:0140014),1/45,0.044071254437806,0.0876571081677612,0,0,23.84688995215311,74.44873932423765,NDE1,Tpi1,GO_Biological_Process_2023,top100
GO_Biological_Process_2023,Epithelial Cell Migration (GO:0010631),1/46,0.0450293363875485,0.0876571081677612,0,0,23.31578947368421,72.28923154104575,PTP4A3,Tpi1,GO_Biological_Process_2023,top100
GO_Biological_Process_2023,Myofibril Assembly (GO:0030239),1/46,0.0450293363875485,0.0876571081677612,0,0,23.31578947368421,72.28923154104575,TMOD1,Tpi1,GO_Biological_Process_2023,top100
GO_Biological_Process_2023,Mitotic G2/M Transition Checkpoint (GO:0044818),1/46,0.0450293363875485,0.0876571081677612,0,0,23.31578947368421,72.28923154104575,FZR1,Tpi1,GO_Biological_Process_2023,top100
GO_Biological_Process_2023,Negative Regulation Of Cellular Metabolic Process (GO:0031324),1/46,0.0450293363875485,0.0876571081677612,0,0,23.31578947368421,72.28923154104575,FZR1,Tpi1,GO_Biological_Process_2023,top100
GO_Biological_Process_2023,Dicarboxylic Acid Metabolic Process (GO:0043648),1/50,0.0488525499820277,0.0926295103555331,0,0,21.40816326530612,64.63014669364038,GCLC,Tpi1,GO_Biological_Process_2023,top100
GO_Biological_Process_2023,Blood Circulation (GO:0008015),1/50,0.0488525499820277,0.0926295103555331,0,0,21.40816326530612,64.63014669364038,GCLC,Tpi1,GO_Biological_Process_2023,top100
GO_Biological_Process_2023,Metaphase Plate Congression (GO:0051310),1/51,0.0498060789247286,0.0932267631155178,0,0,20.978947368421053,62.92883309083605,CENPF,Tpi1,GO_Biological_Process_2023,top100
GO_Biological_Process_2023,Actin Polymerization Or Depolymerization (GO:0008154),1/53,0.051710413228189,0.094371504141445,0,0,20.17004048582996,59.74559828701417,DIAPH3,Tpi1,GO_Biological_Process_2023,top100
GO_Biological_Process_2023,Positive Regulation Of NIK/NF-kappaB Signaling (GO:1901224),1/53,0.051710413228189,0.094371504141445,0,0,20.17004048582996,59.74559828701417,PTP4A3,Tpi1,GO_Biological_Process_2023,top100
GO_Biological_Process_2023,Mitotic DNA Damage Checkpoint Signaling (GO:0044773),1/56,0.0545601179499192,0.0983429286504717,0,0,19.066985645933013,55.45541451142644,FZR1,Tpi1,GO_Biological_Process_2023,top100
GO_Biological_Process_2023,Renal System Development (GO:0072001),1/58,0.0564553994621354,0.1005181502618508,0,0,18.39612188365651,52.87605301742885,CENPF,Tpi1,GO_Biological_Process_2023,top100
GO_Biological_Process_2023,DNA-templated Transcription Initiation (GO:0006352),1/59,0.0574016861834188,0.1009716407563752,0,0,18.07803992740472,51.661282065881295,E2F2,Tpi1,GO_Biological_Process_2023,top100
GO_Biological_Process_2023,G1/S Transition Of Mitotic Cell Cycle (GO:0000082),1/63,0.0611778250716139,0.1050819112994779,0,0,16.908319185059423,47.24134484792992,E2F2,Tpi1,GO_Biological_Process_2023,top100
GO_Biological_Process_2023,Protein Polymerization (GO:0051258),1/63,0.0611778250716139,0.1050819112994779,0,0,16.908319185059423,47.24134484792992,DIAPH3,Tpi1,GO_Biological_Process_2023,top100
GO_Biological_Process_2023,B Cell Differentiation (GO:0030183),1/68,0.0658777916264093,0.1118390415983228,0,0,15.642576590730558,42.54708713186295,TCF3,Tpi1,GO_Biological_Process_2023,top100
GO_Biological_Process_2023,DNA-templated DNA Replication (GO:0006261),1/69,0.0668150987603724,0.1121264875748778,0,0,15.411764705882351,41.70155664670343,PRIM1,Tpi1,GO_Biological_Process_2023,top100
GO_Biological_Process_2023,Kidney Development (GO:0001822),1/71,0.0686870333104677,0.1139580325378214,0,0,14.969924812030076,40.09237540517205,CENPF,Tpi1,GO_Biological_Process_2023,top100
GO_Biological_Process_2023,Transcription Initiation At RNA Polymerase II Promoter (GO:0006367),1/76,0.0733512756104792,0.1182503661009359,0,0,13.968421052631578,36.49243551909278,E2F2,Tpi1,GO_Biological_Process_2023,top100
GO_Biological_Process_2023,Regulation Of Nucleic Acid-Templated Transcription (GO:1903506),2/452,0.0740949998934753,0.1182503661009359,0,0,4.822222222222222,12.549385960238991,PTP4A3;TCF3,Tpi1,GO_Biological_Process_2023,top100
GO_Biological_Process_2023,Actomyosin Structure Organization (GO:0031032),1/77,0.0742814572247087,0.1182503661009359,0,0,13.78393351800554,35.8367650118558,TMOD1,Tpi1,GO_Biological_Process_2023,top100
GO_Biological_Process_2023,Negative Regulation Of Nucleic Acid-Templated Transcription (GO:1903507),2/456,0.0752362680184004,0.1182503661009359,0,0,4.77875673029858,12.363226080912495,CENPF;GCLC,Tpi1,GO_Biological_Process_2023,top100
GO_Biological_Process_2023,Regulation Of Neuron Differentiation (GO:0045664),1/79,0.0761391600452789,0.1182503661009359,0,0,13.429149797570853,34.58264664318254,TCF3,Tpi1,GO_Biological_Process_2023,top100
GO_Biological_Process_2023,Spindle Assembly (GO:0051225),1/81,0.0779933209779836,0.1182503661009359,0,0,13.092105263157896,33.39968978978988,MZT1,Tpi1,GO_Biological_Process_2023,top100
GO_Biological_Process_2023,Positive Regulation Of Proteasomal Ubiquitin-Dependent Protein Catabolic Process (GO:0032436),1/83,0.0798439464103719,0.1182503661009359,0,0,12.771501925545572,32.28228555834262,FZR1,Tpi1,GO_Biological_Process_2023,top100
GO_Biological_Process_2023,Regulation Of NIK/NF-kappaB Signaling (GO:1901222),1/83,0.0798439464103719,0.1182503661009359,0,0,12.771501925545572,32.28228555834262,PTP4A3,Tpi1,GO_Biological_Process_2023,top100
GO_Biological_Process_2023,Negative Regulation Of DNA-templated Transcription (GO:0045892),3/1025,0.0799189700518462,0.1182503661009359,0,0,3.273512144583861,8.27132072786479,CENPF;GCLC;TCF3,Tpi1,GO_Biological_Process_2023,top100
GO_Biological_Process_2023,Positive Regulation Of Protein Localization (GO:1903829),1/85,0.0816910427282763,0.1182503661009359,0,0,12.466165413533837,31.225387249064404,PTP4A3,Tpi1,GO_Biological_Process_2023,top100
GO_Biological_Process_2023,Positive Regulation Of Canonical Wnt Signaling Pathway (GO:0090263),1/85,0.0816910427282763,0.1182503661009359,0,0,12.466165413533837,31.225387249064404,GID8,Tpi1,GO_Biological_Process_2023,top100
GO_Biological_Process_2023,Mitotic Spindle Organization (GO:0007052),1/85,0.0816910427282763,0.1182503661009359,0,0,12.466165413533837,31.225387249064404,MZT1,Tpi1,GO_Biological_Process_2023,top100
GO_Biological_Process_2023,Regulation Of Mitotic Cell Cycle Phase Transition (GO:1901990),1/86,0.0826132694677771,0.1182503661009359,0,0,12.318885448916408,30.718187529247054,CENPF,Tpi1,GO_Biological_Process_2023,top100
GO_Biological_Process_2023,Negative Regulation Of Angiogenesis (GO:0016525),1/86,0.0826132694677771,0.1182503661009359,0,0,12.318885448916408,30.718187529247054,E2F2,Tpi1,GO_Biological_Process_2023,top100
GO_Biological_Process_2023,Regulation Of Peptidyl-Tyrosine Phosphorylation (GO:0050730),1/90,0.0862933855050247,0.1223187794537243,0,0,11.762862211709049,28.81903981668561,TNK2,Tpi1,GO_Biological_Process_2023,top100
GO_Biological_Process_2023,Lymphocyte Differentiation (GO:0030098),1/91,0.0872112207421384,0.1224311368110789,0,0,11.63157894736842,28.37433281380585,TCF3,Tpi1,GO_Biological_Process_2023,top100
GO_Biological_Process_2023,B Cell Activation (GO:0042113),1/92,0.0881281800641533,0.1225401360892037,0,0,11.50318102949682,27.94080032839929,TCF3,Tpi1,GO_Biological_Process_2023,top100
GO_Biological_Process_2023,Muscle Contraction (GO:0006936),1/94,0.0899594741237405,0.1227484413277207,0,0,11.254668930390492,27.10569960599241,TMOD1,Tpi1,GO_Biological_Process_2023,top100
GO_Biological_Process_2023,Cellular Response To Hormone Stimulus (GO:0032870),1/94,0.0899594741237405,0.1227484413277207,0,0,11.254668930390492,27.10569960599241,LMO2,Tpi1,GO_Biological_Process_2023,top100
GO_Biological_Process_2023,Positive Regulation Of Wnt Signaling Pathway (GO:0030177),1/109,0.1035832376271884,0.1397978121644478,0,0,9.68421052631579,21.95778295069413,GID8,Tpi1,GO_Biological_Process_2023,top100
GO_Biological_Process_2023,Cytoskeleton Organization (GO:0007010),1/111,0.1053850316942243,0.1397978121644478,0,0,9.507177033492823,21.392428630708658,DIAPH3,Tpi1,GO_Biological_Process_2023,top100
GO_Biological_Process_2023,Mitotic Sister Chromatid Segregation (GO:0000070),1/111,0.1053850316942243,0.1397978121644478,0,0,9.507177033492823,21.392428630708658,MZT1,Tpi1,GO_Biological_Process_2023,top100
GO_Biological_Process_2023,Small GTPase Mediated Signal Transduction (GO:0007264),1/112,0.1062846380154363,0.1397978121644478,0,0,9.421052631578949,21.11855678854484,TNK2,Tpi1,GO_Biological_Process_2023,top100
GO_Biological_Process_2023,Regulation Of Mitotic Cell Cycle (GO:0007346),1/125,0.1179015944002206,0.1536931498431447,0,0,8.427843803056026,18.01792896923992,FZR1,Tpi1,GO_Biological_Process_2023,top100
GO_Biological_Process_2023,Positive Regulation Of Peptidyl-Tyrosine Phosphorylation (GO:0050731),1/130,0.1223313401018362,0.1580564217244963,0,0,8.099143206854345,17.016478165448806,TNK2,Tpi1,GO_Biological_Process_2023,top100
GO_Biological_Process_2023,Epithelial Cell Differentiation (GO:0030855),1/132,0.1240973142667693,0.1589316480960379,0,0,7.974688629971876,16.64069686633284,E2F4,Tpi1,GO_Biological_Process_2023,top100
GO_Biological_Process_2023,Regulation Of Transcription By RNA Polymerase II (GO:0006357),4/2028,0.1379250060992912,0.1749135427377147,0,0,2.2178853754940717,4.393731123160422,LMO2;E2F2;E2F4;TCF3,Tpi1,GO_Biological_Process_2023,top100
GO_Biological_Process_2023,Negative Regulation Of DNA-binding Transcription Factor Activity (GO:0043433),1/149,0.1389724038190062,0.1749135427377147,0,0,7.052631578947368,13.91822665778434,E2F2,Tpi1,GO_Biological_Process_2023,top100
GO_Biological_Process_2023,Nitrogen Compound Transport (GO:0071705),1/163,0.151041964046623,0.1884797158188629,0,0,6.43859649122807,12.17021946242288,CENPF,Tpi1,GO_Biological_Process_2023,top100
GO_Biological_Process_2023,Brain Development (GO:0007420),1/169,0.1561652770251732,0.1932214444548753,0,0,6.206766917293233,11.524975344842169,CENPF,Tpi1,GO_Biological_Process_2023,top100
GO_Biological_Process_2023,Phosphate-Containing Compound Metabolic Process (GO:0006796),1/184,0.1688453657431134,0.2071548184747441,0,0,5.693701466781708,10.127796623203372,TNK2,Tpi1,GO_Biological_Process_2023,top100
GO_Biological_Process_2023,Transcription By RNA Polymerase II (GO:0006366),1/192,0.1755338529080929,0.2135661877048464,0,0,5.453017360154313,9.487832290769862,E2F2,Tpi1,GO_Biological_Process_2023,top100
GO_Biological_Process_2023,Organic Substance Transport (GO:0071702),1/201,0.1829972755200808,0.2208066299663785,0,0,5.205263157894737,8.840015210340173,CENPF,Tpi1,GO_Biological_Process_2023,top100
GO_Biological_Process_2023,Regulation Of Canonical Wnt Signaling Pathway (GO:0060828),1/207,0.1879371842611328,0.2249084336239786,0,0,5.052120592743996,8.445364749744975,GID8,Tpi1,GO_Biological_Process_2023,top100
GO_Biological_Process_2023,Proteasomal Protein Catabolic Process (GO:0010498),1/220,0.1985431540949234,0.2356691097386896,0,0,4.749098774333093,7.678099751613271,GID8,Tpi1,GO_Biological_Process_2023,top100
GO_Biological_Process_2023,Protein Polyubiquitination (GO:0000209),1/226,0.2033937102078531,0.2394796910511819,0,0,4.621052631578947,7.359542575681528,FZR1,Tpi1,GO_Biological_Process_2023,top100
GO_Biological_Process_2023,Cilium Assembly (GO:0060271),1/243,0.2169859601744004,0.2534396014836997,0,0,4.292735972161809,6.558968424426781,E2F4,Tpi1,GO_Biological_Process_2023,top100
GO_Biological_Process_2023,Positive Regulation Of DNA-binding Transcription Factor Activity (GO:0051091),1/246,0.2193616045728632,0.2541809068860161,0,0,4.23952738990333,6.431506127760009,TCF3,Tpi1,GO_Biological_Process_2023,top100
GO_Biological_Process_2023,Positive Regulation Of Cell Differentiation (GO:0045597),1/283,0.2481039082004818,0.2852218157265382,0,0,3.6763717805151175,5.124522697220845,TCF3,Tpi1,GO_Biological_Process_2023,top100
GO_Biological_Process_2023,DNA Metabolic Process (GO:0006259),1/288,0.2519100002105702,0.2873348439901816,0,0,3.611406565193472,4.97898627226984,PRIM1,Tpi1,GO_Biological_Process_2023,top100
GO_Biological_Process_2023,Regulation Of Cell Cycle (GO:0051726),1/298,0.2594673444355915,0.2936607154077237,0,0,3.488038277511962,4.70579763420095,FZR1,Tpi1,GO_Biological_Process_2023,top100
GO_Biological_Process_2023,Protein Transport (GO:0015031),1/313,0.2706675077195367,0.3039804317465566,0,0,3.317813765182186,4.335931767073651,CENPF,Tpi1,GO_Biological_Process_2023,top100
GO_Biological_Process_2023,Supramolecular Fiber Organization (GO:0097435),1/316,0.2728881438519747,0.3041348778808267,0,0,3.2857142857142856,4.26713511950017,TMOD1,Tpi1,GO_Biological_Process_2023,top100
GO_Biological_Process_2023,Protein-Containing Complex Assembly (GO:0065003),1/328,0.2817066221854001,0.3115845972656698,0,0,3.1632061805890874,4.0074314199822245,CENPF,Tpi1,GO_Biological_Process_2023,top100
GO_Biological_Process_2023,Ubiquitin-Dependent Protein Catabolic Process (GO:0006511),1/367,0.3096702851856908,0.3399388093015854,0,0,2.82053494391717,3.306364031707098,GID8,Tpi1,GO_Biological_Process_2023,top100
GO_Biological_Process_2023,Regulation Of Gene Expression (GO:0010468),2/1127,0.3121295031728341,0.3400813989793566,0,0,1.8622222222222224,2.168254427402148,PTP4A3;TCF3,Tpi1,GO_Biological_Process_2023,top100
GO_Biological_Process_2023,Positive Regulation Of Protein Phosphorylation (GO:0001934),1/377,0.3166720630664537,0.3424749719089055,0,0,2.744120940649496,3.155433227346012,TNK2,Tpi1,GO_Biological_Process_2023,top100
GO_Biological_Process_2023,Negative Regulation Of Programmed Cell Death (GO:0043069),1/381,0.3194538394860498,0.3429430923894357,0,0,2.714681440443213,3.097838346524308,GCLC,Tpi1,GO_Biological_Process_2023,top100
GO_Biological_Process_2023,Organelle Organization (GO:0006996),1/418,0.3446802713619546,0.3673235008674845,0,0,2.4691404770920107,2.629975451524217,DIAPH3,Tpi1,GO_Biological_Process_2023,top100
GO_Biological_Process_2023,Phosphorylation (GO:0016310),1/429,0.3520070291592321,0.3724132337481731,0,0,2.4043285784554844,2.5103694091759032,TNK2,Tpi1,GO_Biological_Process_2023,top100
GO_Biological_Process_2023,Negative Regulation Of Apoptotic Process (GO:0043066),1/482,0.3862311934886067,0.4034398376864774,0,0,2.133603238866397,2.02973760246591,GCLC,Tpi1,GO_Biological_Process_2023,top100
GO_Biological_Process_2023,Positive Regulation Of Cell Population Proliferation (GO:0008284),1/483,0.3868601183294989,0.4034398376864774,0,0,2.1290674819829656,2.021958573619618,GID8,Tpi1,GO_Biological_Process_2023,top100
GO_Biological_Process_2023,Positive Regulation Of Intracellular Signal Transduction (GO:1902533),1/525,0.4127289944018187,0.4273647743451456,0,0,1.954198473282443,1.729395472211373,PTP4A3,Tpi1,GO_Biological_Process_2023,top100
GO_Biological_Process_2023,Positive Regulation Of Nucleic Acid-Templated Transcription (GO:1903508),1/557,0.431739060722593,0.4439007244049195,0,0,1.8386974630821655,1.544384329873897,TCF3,Tpi1,GO_Biological_Process_2023,top100
GO_Biological_Process_2023,Positive Regulation Of Cellular Process (GO:0048522),1/594,0.4529906402414605,0.4624939403863863,0,0,1.720688737019615,1.3625855622405671,GID8,Tpi1,GO_Biological_Process_2023,top100
GO_Biological_Process_2023,Regulation Of Apoptotic Process (GO:0042981),1/705,0.5123081427293787,0.5194235336006201,0,0,1.4410885167464116,0.963841782499852,GCLC,Tpi1,GO_Biological_Process_2023,top100
GO_Biological_Process_2023,Negative Regulation Of Transcription By RNA Polymerase II (GO:0000122),1/763,0.5408190032016932,0.5422497661362374,0,0,1.32739328636552,0.8159096487581408,TCF3,Tpi1,GO_Biological_Process_2023,top100
GO_Biological_Process_2023,Regulation Of Cell Population Proliferation (GO:0042127),1/766,0.5422497661362374,0.5422497661362374,0,0,1.3219814241486068,0.8090903881077673,GID8,Tpi1,GO_Biological_Process_2023,top100
