Gene_set,Term,Overlap,P-value,Adjusted P-value,Old P-value,Old Adjusted P-value,Odds Ratio,Combined Score,Genes,Reference_Gene,Gene_Set_Library,Method
GO_Biological_Process_2023,Mitotic Chromosome Condensation (GO:0007076),3/15,3.860766238294748e-07,0.00011775337026798982,0,0,293.6470588235294,4336.353650553984,NUSAP1;NCAPG;SMC2,Vim,GO_Biological_Process_2023,top100
GO_Biological_Process_2023,Chromosome Condensation (GO:0030261),3/32,4.163402862130293e-06,0.0006349189364748697,0,0,121.40567951318458,1504.116552133639,NUSAP1;NCAPG;SMC2,Vim,GO_Biological_Process_2023,top100
GO_Biological_Process_2023,Regulation Of Chromosome Condensation (GO:0060623),2/7,1.989010047124072e-05,0.0015166201609321,0,0,443.8888888888889,4805.225245888672,NCAPG;SMC2,Vim,GO_Biological_Process_2023,top100
GO_Biological_Process_2023,Positive Regulation Of Chromosome Condensation (GO:1905821),2/7,1.989010047124072e-05,0.0015166201609321,0,0,443.8888888888889,4805.225245888672,NCAPG;SMC2,Vim,GO_Biological_Process_2023,top100
GO_Biological_Process_2023,Regulation Of Chromosome Separation (GO:1905818),2/12,6.232515501994467e-05,0.0037419906299233,0,0,221.88888888888889,2148.58238291385,NCAPG;SMC2,Vim,GO_Biological_Process_2023,top100
GO_Biological_Process_2023,Positive Regulation Of Chromosome Separation (GO:1905820),2/13,7.361293042472065e-05,0.0037419906299233,0,0,201.7070707070707,1919.5836350009777,NCAPG;SMC2,Vim,GO_Biological_Process_2023,top100
GO_Biological_Process_2023,Positive Regulation Of Chromosome Segregation (GO:0051984),2/18,0.00014396293387323563,0.0062726706901909,0,0,138.63888888888889,1226.393330101256,NCAPG;SMC2,Vim,GO_Biological_Process_2023,top100
GO_Biological_Process_2023,Mitotic Sister Chromatid Segregation (GO:0000070),3/111,0.0001770499234811784,0.0067500283327199,0,0,32.47058823529412,280.5159708235259,NUSAP1;NCAPG;SMC2,Vim,GO_Biological_Process_2023,top100
GO_Biological_Process_2023,Positive Regulation Of Cell Cycle Process (GO:0090068),3/118,0.00021210055094831676,0.0071878520043596,0,0,30.48337595907928,257.8421143931205,NUSAP1;NCAPG;SMC2,Vim,GO_Biological_Process_2023,top100
GO_Biological_Process_2023,Regulation Of Chromosome Segregation (GO:0051983),2/28,0.0003535487787187227,0.010783237750921,0,0,85.27350427350427,677.710245242856,NCAPG;SMC2,Vim,GO_Biological_Process_2023,top100
GO_Biological_Process_2023,Positive Regulation Of Chromosome Organization (GO:2001252),2/33,0.0004923687563769557,0.0136520427904519,0,0,71.50179211469533,544.5778563946176,NCAPG;SMC2,Vim,GO_Biological_Process_2023,top100
GO_Biological_Process_2023,Regulation Of Transport (GO:0051049),2/44,0.0008763666329947344,0.0205609094664149,0,0,52.74603174603175,371.31761233322095,SURF4;GAPVD1,Vim,GO_Biological_Process_2023,top100
GO_Biological_Process_2023,Autophagosome Maturation (GO:0097352),2/44,0.0008763666329947344,0.0205609094664149,0,0,52.74603174603175,371.31761233322095,LAMP2;CALM1,Vim,GO_Biological_Process_2023,top100
GO_Biological_Process_2023,Protein Import (GO:0017038),1/5,0.0049904406959516,0.0816714589386868,0,0,262.8421052631579,1393.123889480945,LAMP2,Vim,GO_Biological_Process_2023,top100
GO_Biological_Process_2023,Protein Targeting To Vacuole Involved In Autophagy (GO:0071211),1/5,0.0049904406959516,0.0816714589386868,0,0,262.8421052631579,1393.123889480945,LAMP2,Vim,GO_Biological_Process_2023,top100
GO_Biological_Process_2023,Aminophospholipid Transport (GO:0015917),1/5,0.0049904406959516,0.0816714589386868,0,0,262.8421052631579,1393.123889480945,TMEM30A,Vim,GO_Biological_Process_2023,top100
GO_Biological_Process_2023,Axo-Dendritic Transport (GO:0008088),1/5,0.0049904406959516,0.0816714589386868,0,0,262.8421052631579,1393.123889480945,APP,Vim,GO_Biological_Process_2023,top100
GO_Biological_Process_2023,Positive Regulation Of Cellular Component Organization (GO:0051130),2/113,0.005625111821885,0.0816714589386868,0,0,19.88888888888889,103.03467631601124,TMEM30A;SURF4,Vim,GO_Biological_Process_2023,top100
GO_Biological_Process_2023,Protein Catabolic Process In The Vacuole (GO:0007039),1/6,0.0059856908667451,0.0816714589386868,0,0,210.26315789473685,1076.2074808846232,LAMP2,Vim,GO_Biological_Process_2023,top100
GO_Biological_Process_2023,Negative Regulation Of Low-Density Lipoprotein Receptor Activity (GO:1905598),1/6,0.0059856908667451,0.0816714589386868,0,0,210.26315789473685,1076.2074808846232,APP,Vim,GO_Biological_Process_2023,top100
GO_Biological_Process_2023,Mitochondrion-Endoplasmic Reticulum Membrane Tethering (GO:1990456),1/6,0.0059856908667451,0.0816714589386868,0,0,210.26315789473685,1076.2074808846232,CALM1,Vim,GO_Biological_Process_2023,top100
GO_Biological_Process_2023,Autophagosome Membrane Docking (GO:0016240),1/6,0.0059856908667451,0.0816714589386868,0,0,210.26315789473685,1076.2074808846232,CALM1,Vim,GO_Biological_Process_2023,top100
GO_Biological_Process_2023,Glycoside Catabolic Process (GO:0016139),1/7,0.0069799958941807,0.0816714589386868,0,0,175.21052631578948,869.8689177892479,GUSB,Vim,GO_Biological_Process_2023,top100
GO_Biological_Process_2023,Positive Regulation Of Ryanodine-Sensitive Calcium-Release Channel Activity (GO:0060316),1/7,0.0069799958941807,0.0816714589386868,0,0,175.21052631578948,869.8689177892479,CALM1,Vim,GO_Biological_Process_2023,top100
GO_Biological_Process_2023,Negative Regulation Of Long-Term Synaptic Potentiation (GO:1900272),1/8,0.0079733565142536,0.0816714589386868,0,0,150.17293233082708,725.5830081396662,APP,Vim,GO_Biological_Process_2023,top100
GO_Biological_Process_2023,Protein Localization To Organelle (GO:0033365),2/137,0.0081633472444682,0.0816714589386868,0,0,16.333333333333332,78.53231621226735,TMEM30A;LAMP1,Vim,GO_Biological_Process_2023,top100
GO_Biological_Process_2023,Regulation Of High Voltage-Gated Calcium Channel Activity (GO:1901841),1/9,0.0089657734963174,0.0816714589386868,0,0,131.39473684210526,619.439581424405,CALM1,Vim,GO_Biological_Process_2023,top100
GO_Biological_Process_2023,Neuron Remodeling (GO:0016322),1/9,0.0089657734963174,0.0816714589386868,0,0,131.39473684210526,619.439581424405,APP,Vim,GO_Biological_Process_2023,top100
GO_Biological_Process_2023,Protein Localization To Endosome (GO:0036010),1/10,0.0099572476243861,0.0816714589386868,0,0,116.78947368421052,538.3357753631753,TMEM30A,Vim,GO_Biological_Process_2023,top100
GO_Biological_Process_2023,Protein Oxidation (GO:0018158),1/10,0.0099572476243861,0.0816714589386868,0,0,116.78947368421052,538.3357753631753,SUMF1,Vim,GO_Biological_Process_2023,top100
GO_Biological_Process_2023,Positive Regulation Of Phospholipid Transport (GO:2001140),1/10,0.0099572476243861,0.0816714589386868,0,0,116.78947368421052,538.3357753631753,TMEM30A,Vim,GO_Biological_Process_2023,top100
GO_Biological_Process_2023,Regulation Of Lipid Transport (GO:0032368),1/10,0.0099572476243861,0.0816714589386868,0,0,116.78947368421052,538.3357753631753,SURF4,Vim,GO_Biological_Process_2023,top100
GO_Biological_Process_2023,Neuron Projection Maintenance (GO:1990535),1/10,0.0099572476243861,0.0816714589386868,0,0,116.78947368421052,538.3357753631753,APP,Vim,GO_Biological_Process_2023,top100
GO_Biological_Process_2023,Regulation Of Protein Exit From Endoplasmic Reticulum (GO:0070861),1/11,0.0109477797028559,0.0816714589386868,0,0,105.10526315789474,474.5101770765117,TMEM30A,Vim,GO_Biological_Process_2023,top100
GO_Biological_Process_2023,Golgi To Lysosome Transport (GO:0090160),1/11,0.0109477797028559,0.0816714589386868,0,0,105.10526315789474,474.5101770765117,LAMP1,Vim,GO_Biological_Process_2023,top100
GO_Biological_Process_2023,Visual Learning (GO:0008542),1/11,0.0109477797028559,0.0816714589386868,0,0,105.10526315789474,474.5101770765117,APP,Vim,GO_Biological_Process_2023,top100
GO_Biological_Process_2023,Positive Regulation Of Protein Exit From Endoplasmic Reticulum (GO:0070863),1/11,0.0109477797028559,0.0816714589386868,0,0,105.10526315789474,474.5101770765117,TMEM30A,Vim,GO_Biological_Process_2023,top100
GO_Biological_Process_2023,Regulation Of Microtubule-Based Movement (GO:0060632),1/11,0.0109477797028559,0.0816714589386868,0,0,105.10526315789474,474.5101770765117,LAMP1,Vim,GO_Biological_Process_2023,top100
GO_Biological_Process_2023,Intracellular Copper Ion Homeostasis (GO:0006878),1/11,0.0109477797028559,0.0816714589386868,0,0,105.10526315789474,474.5101770765117,APP,Vim,GO_Biological_Process_2023,top100
GO_Biological_Process_2023,Lipoprotein Transport (GO:0042953),1/11,0.0109477797028559,0.0816714589386868,0,0,105.10526315789474,474.5101770765117,SURF4,Vim,GO_Biological_Process_2023,top100
GO_Biological_Process_2023,Astrocyte Activation (GO:0048143),1/12,0.0119373705403343,0.0816714589386868,0,0,95.54545454545456,423.0830518492731,APP,Vim,GO_Biological_Process_2023,top100
GO_Biological_Process_2023,Early Endosome To Golgi Transport (GO:0034498),1/12,0.0119373705403343,0.0816714589386868,0,0,95.54545454545456,423.0830518492731,SURF4,Vim,GO_Biological_Process_2023,top100
GO_Biological_Process_2023,Regulation Of Cell Communication By Electrical Coupling (GO:0010649),1/12,0.0119373705403343,0.0816714589386868,0,0,95.54545454545456,423.0830518492731,CALM1,Vim,GO_Biological_Process_2023,top100
GO_Biological_Process_2023,Lipoprotein Localization (GO:0044872),1/12,0.0119373705403343,0.0816714589386868,0,0,95.54545454545456,423.0830518492731,SURF4,Vim,GO_Biological_Process_2023,top100
GO_Biological_Process_2023,Positive Regulation Of Leukocyte Degranulation (GO:0043302),1/13,0.0129260209528938,0.0816714589386868,0,0,87.57894736842105,380.8381798737429,LAMP1,Vim,GO_Biological_Process_2023,top100
GO_Biological_Process_2023,Establishment Of Spindle Localization (GO:0051293),1/14,0.01391373176082,0.0816714589386868,0,0,80.83805668016194,345.57291333057793,NUSAP1,Vim,GO_Biological_Process_2023,top100
GO_Biological_Process_2023,Positive Regulation Of Long-Term Synaptic Potentiation (GO:1900273),1/14,0.01391373176082,0.0816714589386868,0,0,80.83805668016194,345.57291333057793,APP,Vim,GO_Biological_Process_2023,top100
GO_Biological_Process_2023,Regulation Of Establishment Of Protein Localization (GO:0070201),1/14,0.01391373176082,0.0816714589386868,0,0,80.83805668016194,345.57291333057793,GAPVD1,Vim,GO_Biological_Process_2023,top100
GO_Biological_Process_2023,Negative Regulation Of Peptidyl-Threonine Phosphorylation (GO:0010801),1/14,0.01391373176082,0.0816714589386868,0,0,80.83805668016194,345.57291333057793,CALM1,Vim,GO_Biological_Process_2023,top100
GO_Biological_Process_2023,Copper Ion Homeostasis (GO:0055070),1/14,0.01391373176082,0.0816714589386868,0,0,80.83805668016194,345.57291333057793,APP,Vim,GO_Biological_Process_2023,top100
GO_Biological_Process_2023,Aminoglycan Catabolic Process (GO:0006026),1/14,0.01391373176082,0.0816714589386868,0,0,80.83805668016194,345.57291333057793,GUSB,Vim,GO_Biological_Process_2023,top100
GO_Biological_Process_2023,Glycosaminoglycan Catabolic Process (GO:0006027),1/15,0.0149005037888985,0.0816714589386868,0,0,75.06015037593986,315.7300332957057,GUSB,Vim,GO_Biological_Process_2023,top100
GO_Biological_Process_2023,Regulation Of Activin Receptor Signaling Pathway (GO:0032925),1/15,0.0149005037888985,0.0816714589386868,0,0,75.06015037593986,315.7300332957057,ACVR1B,Vim,GO_Biological_Process_2023,top100
GO_Biological_Process_2023,Regulation Of Amyloid Fibril Formation (GO:1905906),1/15,0.0149005037888985,0.0816714589386868,0,0,75.06015037593986,315.7300332957057,APP,Vim,GO_Biological_Process_2023,top100
GO_Biological_Process_2023,Astrocyte Development (GO:0014002),1/15,0.0149005037888985,0.0816714589386868,0,0,75.06015037593986,315.7300332957057,APP,Vim,GO_Biological_Process_2023,top100
GO_Biological_Process_2023,Positive Regulation Of Lymphocyte Migration (GO:2000403),1/16,0.0158863378646896,0.0816714589386868,0,0,70.05263157894737,290.1787210723924,APP,Vim,GO_Biological_Process_2023,top100
GO_Biological_Process_2023,Activin Receptor Signaling Pathway (GO:0032924),1/16,0.0158863378646896,0.0816714589386868,0,0,70.05263157894737,290.1787210723924,ACVR1B,Vim,GO_Biological_Process_2023,top100
GO_Biological_Process_2023,Neuron Projection Organization (GO:0106027),1/16,0.0158863378646896,0.0816714589386868,0,0,70.05263157894737,290.1787210723924,APP,Vim,GO_Biological_Process_2023,top100
GO_Biological_Process_2023,Regulation Of Cardiac Muscle Contraction By Regulation Of The Release Of Sequestered Calcium Ion (GO:0010881),1/16,0.0158863378646896,0.0816714589386868,0,0,70.05263157894737,290.1787210723924,CALM1,Vim,GO_Biological_Process_2023,top100
GO_Biological_Process_2023,Golgi To Vacuole Transport (GO:0006896),1/17,0.0168712348172723,0.0816714589386868,0,0,65.67105263157895,268.0787715603985,LAMP1,Vim,GO_Biological_Process_2023,top100
GO_Biological_Process_2023,Neuron Maturation (GO:0042551),1/17,0.0168712348172723,0.0816714589386868,0,0,65.67105263157895,268.0787715603985,APP,Vim,GO_Biological_Process_2023,top100
GO_Biological_Process_2023,Nicotinamide Nucleotide Metabolic Process (GO:0046496),1/17,0.0168712348172723,0.0816714589386868,0,0,65.67105263157895,268.0787715603985,NADK2,Vim,GO_Biological_Process_2023,top100
GO_Biological_Process_2023,Positive Regulation Of Natural Killer Cell Activation (GO:0032816),1/18,0.0178551954764704,0.0816714589386868,0,0,61.80495356037152,248.79341471282052,LAMP1,Vim,GO_Biological_Process_2023,top100
GO_Biological_Process_2023,Positive Regulation Of Phosphoprotein Phosphatase Activity (GO:0032516),1/18,0.0178551954764704,0.0816714589386868,0,0,61.80495356037152,248.79341471282052,CALM1,Vim,GO_Biological_Process_2023,top100
GO_Biological_Process_2023,Associative Learning (GO:0008306),1/18,0.0178551954764704,0.0816714589386868,0,0,61.80495356037152,248.79341471282052,APP,Vim,GO_Biological_Process_2023,top100
GO_Biological_Process_2023,Regulation Of Nervous System Process (GO:0031644),1/18,0.0178551954764704,0.0816714589386868,0,0,61.80495356037152,248.79341471282052,APP,Vim,GO_Biological_Process_2023,top100
GO_Biological_Process_2023,Protein Stabilization (GO:0050821),2/208,0.0180825224086337,0.0816714589386868,0,0,10.665587918015104,42.79897166722122,LAMP1;LAMP2,Vim,GO_Biological_Process_2023,top100
GO_Biological_Process_2023,Microglial Cell Activation (GO:0001774),1/20,0.019820311238232,0.0816714589386868,0,0,55.29362880886426,216.80897525048425,APP,Vim,GO_Biological_Process_2023,top100
GO_Biological_Process_2023,Transport Along Microtubule (GO:0010970),1/20,0.019820311238232,0.0816714589386868,0,0,55.29362880886426,216.80897525048425,APP,Vim,GO_Biological_Process_2023,top100
GO_Biological_Process_2023,Regulation Of Cardiac Muscle Contraction By Calcium Ion Signaling (GO:0010882),1/20,0.019820311238232,0.0816714589386868,0,0,55.29362880886426,216.80897525048425,CALM1,Vim,GO_Biological_Process_2023,top100
GO_Biological_Process_2023,Positive Regulation Of Natural Killer Cell Mediated Cytotoxicity (GO:0045954),1/21,0.0208014680109953,0.0816714589386868,0,0,52.526315789473685,203.4203291515269,LAMP1,Vim,GO_Biological_Process_2023,top100
GO_Biological_Process_2023,Positive Regulation Of Protein Modification Process (GO:0031401),2/225,0.0209537682077122,0.0816714589386868,0,0,9.844045839561534,38.05153687263902,APP;CALM1,Vim,GO_Biological_Process_2023,top100
GO_Biological_Process_2023,Regulation Of Release Of Sequestered Calcium Ion Into Cytosol By Sarcoplasmic Reticulum (GO:0010880),1/22,0.0217816918149241,0.0816714589386868,0,0,50.02255639097744,191.42059056605152,CALM1,Vim,GO_Biological_Process_2023,top100
GO_Biological_Process_2023,NAD Metabolic Process (GO:0019674),1/22,0.0217816918149241,0.0816714589386868,0,0,50.02255639097744,191.42059056605152,NADK2,Vim,GO_Biological_Process_2023,top100
GO_Biological_Process_2023,Cellular Response To Interferon-Beta (GO:0035458),1/22,0.0217816918149241,0.0816714589386868,0,0,50.02255639097744,191.42059056605152,CALM1,Vim,GO_Biological_Process_2023,top100
GO_Biological_Process_2023,Positive Regulation Of Phosphatase Activity (GO:0010922),1/22,0.0217816918149241,0.0816714589386868,0,0,50.02255639097744,191.42059056605152,CALM1,Vim,GO_Biological_Process_2023,top100
GO_Biological_Process_2023,Positive Regulation Of Protein Autophosphorylation (GO:0031954),1/22,0.0217816918149241,0.0816714589386868,0,0,50.02255639097744,191.42059056605152,CALM1,Vim,GO_Biological_Process_2023,top100
GO_Biological_Process_2023,Glial Cell Development (GO:0021782),1/23,0.0227609834903901,0.0816714589386868,0,0,47.74641148325359,180.6107068727385,APP,Vim,GO_Biological_Process_2023,top100
GO_Biological_Process_2023,Regulation Of T Cell Migration (GO:2000404),1/23,0.0227609834903901,0.0816714589386868,0,0,47.74641148325359,180.6107068727385,APP,Vim,GO_Biological_Process_2023,top100
GO_Biological_Process_2023,mRNA Polyadenylation (GO:0006378),1/24,0.0237393438664972,0.0816714589386868,0,0,45.66819221967963,170.827422984315,APP,Vim,GO_Biological_Process_2023,top100
GO_Biological_Process_2023,Protein Exit From Endoplasmic Reticulum (GO:0032527),1/24,0.0237393438664972,0.0816714589386868,0,0,45.66819221967963,170.827422984315,SURF4,Vim,GO_Biological_Process_2023,top100
GO_Biological_Process_2023,Regulation Of Ryanodine-Sensitive Calcium-Release Channel Activity (GO:0060314),1/24,0.0237393438664972,0.0816714589386868,0,0,45.66819221967963,170.827422984315,CALM1,Vim,GO_Biological_Process_2023,top100
GO_Biological_Process_2023,Positive Regulation Of Natural Killer Cell Mediated Immunity (GO:0002717),1/24,0.0237393438664972,0.0816714589386868,0,0,45.66819221967963,170.827422984315,LAMP1,Vim,GO_Biological_Process_2023,top100
GO_Biological_Process_2023,Positive Regulation Of Peptidyl-Threonine Phosphorylation (GO:0010800),1/24,0.0237393438664972,0.0816714589386868,0,0,45.66819221967963,170.827422984315,CALM1,Vim,GO_Biological_Process_2023,top100
GO_Biological_Process_2023,Lipid Translocation (GO:0034204),1/24,0.0237393438664972,0.0816714589386868,0,0,45.66819221967963,170.827422984315,TMEM30A,Vim,GO_Biological_Process_2023,top100
GO_Biological_Process_2023,Regulation Of Autophagy (GO:0010506),2/241,0.0238192163483393,0.0816714589386868,0,0,9.177591817759184,34.29907079156435,ATP6V1B2;DCAF12,Vim,GO_Biological_Process_2023,top100
GO_Biological_Process_2023,RNA Polyadenylation (GO:0043631),1/25,0.0247167737784927,0.0816714589386868,0,0,43.76315789473684,161.93563879493826,APP,Vim,GO_Biological_Process_2023,top100
GO_Biological_Process_2023,Positive Regulation Of T Cell Migration (GO:2000406),1/25,0.0247167737784927,0.0816714589386868,0,0,43.76315789473684,161.93563879493826,APP,Vim,GO_Biological_Process_2023,top100
GO_Biological_Process_2023,Regulation Of Epidermal Growth Factor-Activated Receptor Activity (GO:0007176),1/26,0.0256932740553108,0.0816714589386868,0,0,42.01052631578948,153.82263569148483,APP,Vim,GO_Biological_Process_2023,top100
GO_Biological_Process_2023,Protein Targeting To Lysosome (GO:0006622),1/26,0.0256932740553108,0.0816714589386868,0,0,42.01052631578948,153.82263569148483,LAMP2,Vim,GO_Biological_Process_2023,top100
GO_Biological_Process_2023,Positive Regulation Of Nuclear Division (GO:0051785),1/26,0.0256932740553108,0.0816714589386868,0,0,42.01052631578948,153.82263569148483,NUSAP1,Vim,GO_Biological_Process_2023,top100
GO_Biological_Process_2023,Negative Regulation Of Receptor-Mediated Endocytosis (GO:0048261),1/26,0.0256932740553108,0.0816714589386868,0,0,42.01052631578948,153.82263569148483,APP,Vim,GO_Biological_Process_2023,top100
GO_Biological_Process_2023,Positive Regulation Of Erythrocyte Differentiation (GO:0045648),1/26,0.0256932740553108,0.0816714589386868,0,0,42.01052631578948,153.82263569148483,ACVR1B,Vim,GO_Biological_Process_2023,top100
GO_Biological_Process_2023,Myeloid Cell Development (GO:0061515),1/27,0.0266688455361458,0.0816714589386868,0,0,40.392712550607285,146.39366123411943,APP,Vim,GO_Biological_Process_2023,top100
GO_Biological_Process_2023,Positive Regulation Of Calcium Ion Transmembrane Transporter Activity (GO:1901021),1/27,0.0266688455361458,0.0816714589386868,0,0,40.392712550607285,146.39366123411943,CALM1,Vim,GO_Biological_Process_2023,top100
GO_Biological_Process_2023,Regulation Of Protein Transport (GO:0051223),1/28,0.0276434890482457,0.0816714589386868,0,0,38.89473684210526,139.56851455439977,GAPVD1,Vim,GO_Biological_Process_2023,top100
GO_Biological_Process_2023,Glycosaminoglycan Metabolic Process (GO:0030203),1/28,0.0276434890482457,0.0816714589386868,0,0,38.89473684210526,139.56851455439977,GUSB,Vim,GO_Biological_Process_2023,top100
GO_Biological_Process_2023,Regulation Of Cardiac Muscle Cell Action Potential (GO:0098901),1/28,0.0276434890482457,0.0816714589386868,0,0,38.89473684210526,139.56851455439977,CALM1,Vim,GO_Biological_Process_2023,top100
GO_Biological_Process_2023,Regulation Of Developmental Growth (GO:0048638),1/29,0.0286172054274548,0.0816714589386868,0,0,37.50375939849624,133.2788782141628,APP,Vim,GO_Biological_Process_2023,top100
GO_Biological_Process_2023,Regulation Of Striated Muscle Contraction (GO:0006942),1/29,0.0286172054274548,0.0816714589386868,0,0,37.50375939849624,133.2788782141628,CALM1,Vim,GO_Biological_Process_2023,top100
GO_Biological_Process_2023,Vacuolar Acidification (GO:0007035),1/29,0.0286172054274548,0.0816714589386868,0,0,37.50375939849624,133.2788782141628,ATP6V1B2,Vim,GO_Biological_Process_2023,top100
GO_Biological_Process_2023,Response To Interferon-Beta (GO:0035456),1/29,0.0286172054274548,0.0816714589386868,0,0,37.50375939849624,133.2788782141628,CALM1,Vim,GO_Biological_Process_2023,top100
GO_Biological_Process_2023,Positive Regulation Of Dephosphorylation (GO:0035306),1/29,0.0286172054274548,0.0816714589386868,0,0,37.50375939849624,133.2788782141628,CALM1,Vim,GO_Biological_Process_2023,top100
GO_Biological_Process_2023,Positive Regulation Of Phosphate Metabolic Process (GO:0045937),1/30,0.0295899955032417,0.0816714589386868,0,0,36.2087114337568,127.46621354176987,APP,Vim,GO_Biological_Process_2023,top100
GO_Biological_Process_2023,Negative Regulation Of Calcium Ion Transmembrane Transporter Activity (GO:1901020),1/30,0.0295899955032417,0.0816714589386868,0,0,36.2087114337568,127.46621354176987,CALM1,Vim,GO_Biological_Process_2023,top100
GO_Biological_Process_2023,Regulation Of Protein Autophosphorylation (GO:0031952),1/31,0.0305618601074184,0.0816714589386868,0,0,35.0,122.08008572013848,CALM1,Vim,GO_Biological_Process_2023,top100
GO_Biological_Process_2023,Phospholipid Translocation (GO:0045332),1/31,0.0305618601074184,0.0816714589386868,0,0,35.0,122.08008572013848,TMEM30A,Vim,GO_Biological_Process_2023,top100
GO_Biological_Process_2023,Regulation Of Long-Term Synaptic Potentiation (GO:1900271),1/31,0.0305618601074184,0.0816714589386868,0,0,35.0,122.08008572013848,APP,Vim,GO_Biological_Process_2023,top100
GO_Biological_Process_2023,Glycosphingolipid Metabolic Process (GO:0006687),1/32,0.0315328000758389,0.0816714589386868,0,0,33.869269949066215,117.07681999296598,SUMF1,Vim,GO_Biological_Process_2023,top100
GO_Biological_Process_2023,Intracellular pH Reduction (GO:0051452),1/32,0.0315328000758389,0.0816714589386868,0,0,33.869269949066215,117.07681999296598,ATP6V1B2,Vim,GO_Biological_Process_2023,top100
GO_Biological_Process_2023,Regulation Of Natural Killer Cell Mediated Cytotoxicity (GO:0042269),1/32,0.0315328000758389,0.0816714589386868,0,0,33.869269949066215,117.07681999296598,LAMP1,Vim,GO_Biological_Process_2023,top100
GO_Biological_Process_2023,Regulation Of Calcium Ion Transmembrane Transporter Activity (GO:1901019),1/32,0.0315328000758389,0.0816714589386868,0,0,33.869269949066215,117.07681999296598,CALM1,Vim,GO_Biological_Process_2023,top100
GO_Biological_Process_2023,Protein Modification Process (GO:0036211),3/711,0.0325018736429327,0.0816714589386868,0,0,4.803589232303091,16.459294547721164,APP;ACVR1B;SUMF1,Vim,GO_Biological_Process_2023,top100
GO_Biological_Process_2023,Glycolipid Metabolic Process (GO:0006664),1/33,0.0325028162269628,0.0816714589386868,0,0,32.80921052631579,112.41841533087528,SUMF1,Vim,GO_Biological_Process_2023,top100
GO_Biological_Process_2023,Positive Regulation Of Nitrogen Compound Metabolic Process (GO:0051173),1/33,0.0325028162269628,0.0816714589386868,0,0,32.80921052631579,112.41841533087528,APP,Vim,GO_Biological_Process_2023,top100
GO_Biological_Process_2023,Positive Regulation Of Protein Dephosphorylation (GO:0035307),1/33,0.0325028162269628,0.0816714589386868,0,0,32.80921052631579,112.41841533087528,CALM1,Vim,GO_Biological_Process_2023,top100
GO_Biological_Process_2023,Positive Regulation Of Release Of Sequestered Calcium Ion Into Cytosol (GO:0051281),1/33,0.0325028162269628,0.0816714589386868,0,0,32.80921052631579,112.41841533087528,CALM1,Vim,GO_Biological_Process_2023,top100
GO_Biological_Process_2023,Positive Regulation Of Small Molecule Metabolic Process (GO:0062013),1/33,0.0325028162269628,0.0816714589386868,0,0,32.80921052631579,112.41841533087528,APP,Vim,GO_Biological_Process_2023,top100
GO_Biological_Process_2023,Establishment Of Mitotic Spindle Localization (GO:0040001),1/34,0.0334719094011011,0.0816714589386868,0,0,31.8133971291866,108.07165990908112,NUSAP1,Vim,GO_Biological_Process_2023,top100
GO_Biological_Process_2023,Cellular Response To Amyloid-Beta (GO:1904646),1/34,0.0334719094011011,0.0816714589386868,0,0,31.8133971291866,108.07165990908112,APP,Vim,GO_Biological_Process_2023,top100
GO_Biological_Process_2023,Purine Nucleotide Metabolic Process (GO:0006163),1/34,0.0334719094011011,0.0816714589386868,0,0,31.8133971291866,108.07165990908112,NADK2,Vim,GO_Biological_Process_2023,top100
GO_Biological_Process_2023,Positive Regulation Of Organelle Organization (GO:0010638),1/34,0.0334719094011011,0.0816714589386868,0,0,31.8133971291866,108.07165990908112,SURF4,Vim,GO_Biological_Process_2023,top100
GO_Biological_Process_2023,Positive Regulation Of Carbohydrate Metabolic Process (GO:0045913),1/34,0.0334719094011011,0.0816714589386868,0,0,31.8133971291866,108.07165990908112,APP,Vim,GO_Biological_Process_2023,top100
GO_Biological_Process_2023,Regulation Of Neuronal Synaptic Plasticity (GO:0048168),1/34,0.0334719094011011,0.0816714589386868,0,0,31.8133971291866,108.07165990908112,APP,Vim,GO_Biological_Process_2023,top100
GO_Biological_Process_2023,Sister Chromatid Segregation (GO:0000819),1/34,0.0334719094011011,0.0816714589386868,0,0,31.8133971291866,108.07165990908112,NUSAP1,Vim,GO_Biological_Process_2023,top100
GO_Biological_Process_2023,Macrophage Activation (GO:0042116),1/35,0.0344400804224879,0.0820642541317094,0,0,30.876160990712076,104.00740624656504,APP,Vim,GO_Biological_Process_2023,top100
GO_Biological_Process_2023,Positive Regulation Of Mitotic Nuclear Division (GO:0045840),1/35,0.0344400804224879,0.0820642541317094,0,0,30.876160990712076,104.00740624656504,NUSAP1,Vim,GO_Biological_Process_2023,top100
GO_Biological_Process_2023,Regulation Of Cardiac Muscle Contraction (GO:0055117),1/35,0.0344400804224879,0.0820642541317094,0,0,30.876160990712076,104.00740624656504,CALM1,Vim,GO_Biological_Process_2023,top100
GO_Biological_Process_2023,Regulation Of Erythrocyte Differentiation (GO:0045646),1/36,0.0354073301248565,0.082436913649475,0,0,29.99248120300752,100.19997336732251,ACVR1B,Vim,GO_Biological_Process_2023,top100
GO_Biological_Process_2023,Positive Regulation Of Myeloid Cell Differentiation (GO:0045639),1/36,0.0354073301248565,0.082436913649475,0,0,29.99248120300752,100.19997336732251,ACVR1B,Vim,GO_Biological_Process_2023,top100
GO_Biological_Process_2023,Regulation Of Peptidyl-Threonine Phosphorylation (GO:0010799),1/36,0.0354073301248565,0.082436913649475,0,0,29.99248120300752,100.19997336732251,CALM1,Vim,GO_Biological_Process_2023,top100
GO_Biological_Process_2023,RNA Stabilization (GO:0043489),1/37,0.0363736593292806,0.0834132789130119,0,0,29.157894736842103,96.62665093408292,RBM38,Vim,GO_Biological_Process_2023,top100
GO_Biological_Process_2023,Regulation Of Phosphoprotein Phosphatase Activity (GO:0043666),1/37,0.0363736593292806,0.0834132789130119,0,0,29.157894736842103,96.62665093408292,CALM1,Vim,GO_Biological_Process_2023,top100
GO_Biological_Process_2023,Regulation Of Intracellular Transport (GO:0032386),1/38,0.0373390688738262,0.0843586370853112,0,0,28.36842105263158,93.26728562261796,LAMP1,Vim,GO_Biological_Process_2023,top100
GO_Biological_Process_2023,Positive Regulation Of Cation Channel Activity (GO:2001259),1/38,0.0373390688738262,0.0843586370853112,0,0,28.36842105263158,93.26728562261796,CALM1,Vim,GO_Biological_Process_2023,top100
GO_Biological_Process_2023,Regulation Of Protein Tyrosine Kinase Activity (GO:0061097),1/39,0.0383035595748703,0.08554625244122,0,0,27.62049861495845,90.10393439678076,APP,Vim,GO_Biological_Process_2023,top100
GO_Biological_Process_2023,Protein Transport (GO:0015031),2/313,0.0385333948396543,0.08554625244122,0,0,7.027152554483744,22.882025069499196,SURF4;LAMP2,Vim,GO_Biological_Process_2023,top100
GO_Biological_Process_2023,mRNA 3'-End Processing (GO:0031124),1/40,0.039267132268101,0.08554625244122,0,0,26.910931174089068,87.12057233834933,APP,Vim,GO_Biological_Process_2023,top100
GO_Biological_Process_2023,Regulation Of Protein Dephosphorylation (GO:0035304),1/40,0.039267132268101,0.08554625244122,0,0,26.910931174089068,87.12057233834933,CALM1,Vim,GO_Biological_Process_2023,top100
GO_Biological_Process_2023,Regulation Of Glycolytic Process (GO:0006110),1/40,0.039267132268101,0.08554625244122,0,0,26.910931174089068,87.12057233834933,APP,Vim,GO_Biological_Process_2023,top100
GO_Biological_Process_2023,Proteasome-Mediated Ubiquitin-Dependent Protein Catabolic Process (GO:0043161),2/319,0.0398852240283585,0.0858047921110871,0,0,6.892043463021381,22.20443653873461,FBXO3;DCAF12,Vim,GO_Biological_Process_2023,top100
GO_Biological_Process_2023,Regulation Of Chemokine Production (GO:0032642),1/41,0.0402297877766736,0.0858047921110871,0,0,26.23684210526316,84.30284540999916,APP,Vim,GO_Biological_Process_2023,top100
GO_Biological_Process_2023,Negative Regulation Of mRNA Catabolic Process (GO:1902373),1/41,0.0402297877766736,0.0858047921110871,0,0,26.23684210526316,84.30284540999916,RBM38,Vim,GO_Biological_Process_2023,top100
GO_Biological_Process_2023,Substantia Nigra Development (GO:0021762),1/42,0.0411915269172122,0.0861838496529913,0,0,25.59563543003851,81.63786025385905,CALM1,Vim,GO_Biological_Process_2023,top100
GO_Biological_Process_2023,Regulation Of Neurotransmitter Receptor Activity (GO:0099601),1/42,0.0411915269172122,0.0861838496529913,0,0,25.59563543003851,81.63786025385905,APP,Vim,GO_Biological_Process_2023,top100
GO_Biological_Process_2023,Intracellular Protein Transport (GO:0006886),2/325,0.0412552198338909,0.0861838496529913,0,0,6.761953904368765,21.556957801013493,SURF4;LAMP2,Vim,GO_Biological_Process_2023,top100
GO_Biological_Process_2023,SCF-dependent Proteasomal Ubiquitin-Dependent Protein Catabolic Process (GO:0031146),1/43,0.0421523505298068,0.0868680196729127,0,0,24.98496240601504,79.11400474395023,FBXO3,Vim,GO_Biological_Process_2023,top100
GO_Biological_Process_2023,Response To Amyloid-Beta (GO:1904645),1/43,0.0421523505298068,0.0868680196729127,0,0,24.98496240601504,79.11400474395023,APP,Vim,GO_Biological_Process_2023,top100
GO_Biological_Process_2023,Mitotic Nuclear Division (GO:0140014),1/45,0.044071254437806,0.0902129704934954,0,0,23.84688995215311,74.44873932423765,NUSAP1,Vim,GO_Biological_Process_2023,top100
GO_Biological_Process_2023,Post-Translational Protein Modification (GO:0043687),1/48,0.0469427643840033,0.0954502875808067,0,0,22.32138857782755,68.27724816722397,SUMF1,Vim,GO_Biological_Process_2023,top100
GO_Biological_Process_2023,Proton Transmembrane Transport (GO:1902600),1/49,0.0478981120694178,0.0967478422594202,0,0,21.855263157894736,66.41113333547993,ATP6V1B2,Vim,GO_Biological_Process_2023,top100
GO_Biological_Process_2023,Regulation Of Release Of Sequestered Calcium Ion Into Cytosol (GO:0051279),1/51,0.0498060789247286,0.0992866279218447,0,0,20.978947368421053,62.92883309083605,CALM1,Vim,GO_Biological_Process_2023,top100
GO_Biological_Process_2023,Positive Regulation Of Leukocyte Mediated Cytotoxicity (GO:0001912),1/51,0.0498060789247286,0.0992866279218447,0,0,20.978947368421053,62.92883309083605,LAMP1,Vim,GO_Biological_Process_2023,top100
GO_Biological_Process_2023,mRNA Stabilization (GO:0048255),1/53,0.051710413228189,0.0998207343961878,0,0,20.17004048582996,59.74559828701417,RBM38,Vim,GO_Biological_Process_2023,top100
GO_Biological_Process_2023,Regulation Of Receptor Signaling Pathway Via JAK-STAT (GO:0046425),1/53,0.051710413228189,0.0998207343961878,0,0,20.17004048582996,59.74559828701417,CALM1,Vim,GO_Biological_Process_2023,top100
GO_Biological_Process_2023,Positive Regulation Of NIK/NF-kappaB Signaling (GO:1901224),1/53,0.051710413228189,0.0998207343961878,0,0,20.17004048582996,59.74559828701417,APP,Vim,GO_Biological_Process_2023,top100
GO_Biological_Process_2023,"Regulation Of Alternative mRNA Splicing, Via Spliceosome (GO:0000381)",1/53,0.051710413228189,0.0998207343961878,0,0,20.17004048582996,59.74559828701417,RBM38,Vim,GO_Biological_Process_2023,top100
GO_Biological_Process_2023,Positive Regulation Of Chemokine Production (GO:0032722),1/53,0.051710413228189,0.0998207343961878,0,0,20.17004048582996,59.74559828701417,APP,Vim,GO_Biological_Process_2023,top100
GO_Biological_Process_2023,Positive Regulation Of Protein Phosphorylation (GO:0001934),2/377,0.0538540494877301,0.1027212097205269,0,0,5.808888888888889,16.97053922755498,APP;CALM1,Vim,GO_Biological_Process_2023,top100
GO_Biological_Process_2023,Cellular Response To Peptide (GO:1901653),1/56,0.0545601179499192,0.1027212097205269,0,0,19.066985645933013,55.45541451142644,APP,Vim,GO_Biological_Process_2023,top100
GO_Biological_Process_2023,Regulation Of Mitotic Nuclear Division (GO:0007088),1/56,0.0545601179499192,0.1027212097205269,0,0,19.066985645933013,55.45541451142644,NUSAP1,Vim,GO_Biological_Process_2023,top100
GO_Biological_Process_2023,Regulation Of Cation Channel Activity (GO:2001257),1/56,0.0545601179499192,0.1027212097205269,0,0,19.066985645933013,55.45541451142644,CALM1,Vim,GO_Biological_Process_2023,top100
GO_Biological_Process_2023,Positive Regulation Of Interleukin-1 Beta Production (GO:0032731),1/57,0.0555082103235644,0.1038650561269151,0,0,18.72556390977444,54.1398060702703,APP,Vim,GO_Biological_Process_2023,top100
GO_Biological_Process_2023,Peptidyl-Threonine Phosphorylation (GO:0018107),1/58,0.0564553994621354,0.1042113945591829,0,0,18.39612188365651,52.87605301742885,ACVR1B,Vim,GO_Biological_Process_2023,top100
GO_Biological_Process_2023,Microtubule Cytoskeleton Organization Involved In Mitosis (GO:1902850),1/59,0.0574016861834188,0.1042113945591829,0,0,18.07803992740472,51.661282065881295,NUSAP1,Vim,GO_Biological_Process_2023,top100
GO_Biological_Process_2023,Phospholipid Transport (GO:0015914),1/59,0.0574016861834188,0.1042113945591829,0,0,18.07803992740472,51.661282065881295,TMEM30A,Vim,GO_Biological_Process_2023,top100
GO_Biological_Process_2023,Mitotic Cytokinesis (GO:0000281),1/59,0.0574016861834188,0.1042113945591829,0,0,18.07803992740472,51.661282065881295,NUSAP1,Vim,GO_Biological_Process_2023,top100
GO_Biological_Process_2023,Positive Regulation Of Protein Binding (GO:0032092),1/59,0.0574016861834188,0.1042113945591829,0,0,18.07803992740472,51.661282065881295,APP,Vim,GO_Biological_Process_2023,top100
GO_Biological_Process_2023,Cell Junction Organization (GO:0034330),1/62,0.0602351399190365,0.1080689275018009,0,0,17.186367558239862,48.28508895429952,APP,Vim,GO_Biological_Process_2023,top100
GO_Biological_Process_2023,Protein-Containing Complex Disassembly (GO:0032984),1/62,0.0602351399190365,0.1080689275018009,0,0,17.186367558239862,48.28508895429952,LAMP2,Vim,GO_Biological_Process_2023,top100
GO_Biological_Process_2023,Regulation Of Cellular Catabolic Process (GO:0031329),1/63,0.0611778250716139,0.1091183429639897,0,0,16.908319185059423,47.24134484792992,DCAF12,Vim,GO_Biological_Process_2023,top100
GO_Biological_Process_2023,Positive Regulation Of Interleukin-1 Production (GO:0032732),1/64,0.0621196118687717,0.1095172347975454,0,0,16.639097744360903,46.23495322747936,APP,Vim,GO_Biological_Process_2023,top100
GO_Biological_Process_2023,Response To Metal Ion (GO:0010038),1/64,0.0621196118687717,0.1095172347975454,0,0,16.639097744360903,46.23495322747936,CALM1,Vim,GO_Biological_Process_2023,top100
GO_Biological_Process_2023,Positive Regulation Of Cell Cycle (GO:0045787),1/65,0.0630605011079274,0.11053708527539,0,0,16.37828947368421,45.26403459739593,APP,Vim,GO_Biological_Process_2023,top100
GO_Biological_Process_2023,Peptidyl-Threonine Modification (GO:0018210),1/66,0.0640004936134332,0.1109099463187338,0,0,16.125506072874494,44.32683091319527,ACVR1B,Vim,GO_Biological_Process_2023,top100
GO_Biological_Process_2023,Cellular Response To Type II Interferon (GO:0071346),1/66,0.0640004936134332,0.1109099463187338,0,0,16.125506072874494,44.32683091319527,CALM1,Vim,GO_Biological_Process_2023,top100
GO_Biological_Process_2023,Regulation Of Heart Contraction (GO:0008016),1/69,0.0668150987603724,0.1138469559883441,0,0,15.411764705882351,41.70155664670343,CALM1,Vim,GO_Biological_Process_2023,top100
GO_Biological_Process_2023,Response To Molecule Of Bacterial Origin (GO:0002237),1/69,0.0668150987603724,0.1138469559883441,0,0,15.411764705882351,41.70155664670343,FBXO3,Vim,GO_Biological_Process_2023,top100
GO_Biological_Process_2023,Regulation Of Monoatomic Ion Transmembrane Transporter Activity (GO:0032412),1/69,0.0668150987603724,0.1138469559883441,0,0,15.411764705882351,41.70155664670343,APP,Vim,GO_Biological_Process_2023,top100
GO_Biological_Process_2023,Phosphorylation (GO:0016310),2/429,0.0676488663904133,0.1141669131484094,0,0,5.087952120739006,13.704015820207852,APP;ACVR1B,Vim,GO_Biological_Process_2023,top100
GO_Biological_Process_2023,Regulation Of Cellular Biosynthetic Process (GO:0031326),1/70,0.0677515123929905,0.1141669131484094,0,0,15.187643020594964,40.88374528633187,APP,Vim,GO_Biological_Process_2023,top100
GO_Biological_Process_2023,Nervous System Development (GO:0007399),2/433,0.068755441683182,0.1152220313921457,0,0,5.039700953854086,13.492284338654017,APP;ACVR1B,Vim,GO_Biological_Process_2023,top100
GO_Biological_Process_2023,Regulation Of mRNA Stability (GO:0043488),1/74,0.0714882479432861,0.1191470799054768,0,0,14.352559480894016,37.865241152955655,RBM38,Vim,GO_Biological_Process_2023,top100
GO_Biological_Process_2023,Positive Regulation Of Interleukin-6 Production (GO:0032755),1/76,0.0733512756104792,0.1211542484146318,0,0,13.968421052631578,36.49243551909278,APP,Vim,GO_Biological_Process_2023,top100
GO_Biological_Process_2023,Cell Morphogenesis Involved In Neuron Differentiation (GO:0048667),1/77,0.0742814572247087,0.1211542484146318,0,0,13.78393351800554,35.8367650118558,APP,Vim,GO_Biological_Process_2023,top100
GO_Biological_Process_2023,Positive Regulation Of JNK Cascade (GO:0046330),1/77,0.0742814572247087,0.1211542484146318,0,0,13.78393351800554,35.8367650118558,APP,Vim,GO_Biological_Process_2023,top100
GO_Biological_Process_2023,Positive Regulation Of Synaptic Transmission (GO:0050806),1/77,0.0742814572247087,0.1211542484146318,0,0,13.78393351800554,35.8367650118558,APP,Vim,GO_Biological_Process_2023,top100
GO_Biological_Process_2023,Cellular Response To Nutrient Levels (GO:0031669),1/78,0.0752107517706809,0.1213718480955433,0,0,13.604237867395762,35.20043603994484,LAMP2,Vim,GO_Biological_Process_2023,top100
GO_Biological_Process_2023,Positive Regulation Of Tumor Necrosis Factor Production (GO:0032760),1/78,0.0752107517706809,0.1213718480955433,0,0,13.604237867395762,35.20043603994484,APP,Vim,GO_Biological_Process_2023,top100
GO_Biological_Process_2023,Regulation Of Cytokinesis (GO:0032465),1/80,0.077066682850071,0.1230645982684381,0,0,13.258494337108594,33.982637627801715,CALM1,Vim,GO_Biological_Process_2023,top100
GO_Biological_Process_2023,Response To Type II Interferon (GO:0034341),1/80,0.077066682850071,0.1230645982684381,0,0,13.258494337108594,33.982637627801715,CALM1,Vim,GO_Biological_Process_2023,top100
GO_Biological_Process_2023,Cytoskeleton-Dependent Cytokinesis (GO:0061640),1/81,0.0779933209779836,0.1238956400952344,0,0,13.092105263157896,33.39968978978988,NUSAP1,Vim,GO_Biological_Process_2023,top100
GO_Biological_Process_2023,Positive Regulation Of Tumor Necrosis Factor Superfamily Cytokine Production (GO:1903557),1/82,0.0789190752282122,0.1240738038381687,0,0,12.929824561403509,32.8331213455501,APP,Vim,GO_Biological_Process_2023,top100
GO_Biological_Process_2023,Regulation Of Phosphorylation (GO:0042325),1/82,0.0789190752282122,0.1240738038381687,0,0,12.929824561403509,32.8331213455501,APP,Vim,GO_Biological_Process_2023,top100
GO_Biological_Process_2023,Regulation Of NIK/NF-kappaB Signaling (GO:1901222),1/83,0.0798439464103719,0.1242469574243033,0,0,12.771501925545572,32.28228555834262,APP,Vim,GO_Biological_Process_2023,top100
GO_Biological_Process_2023,Regulation Of Cell Division (GO:0051302),1/83,0.0798439464103719,0.1242469574243033,0,0,12.771501925545572,32.28228555834262,CALM1,Vim,GO_Biological_Process_2023,top100
GO_Biological_Process_2023,Regulation Of Interleukin-1 Beta Production (GO:0032651),1/84,0.0807679353123666,0.1250468034023951,0,0,12.61699429296132,31.74656854741361,APP,Vim,GO_Biological_Process_2023,top100
GO_Biological_Process_2023,Establishment Of Protein Localization To Organelle (GO:0072594),1/85,0.0816910427282763,0.1252048644830366,0,0,12.466165413533837,31.225387249064404,LAMP1,Vim,GO_Biological_Process_2023,top100
GO_Biological_Process_2023,Response To Interleukin-1 (GO:0070555),1/85,0.0816910427282763,0.1252048644830366,0,0,12.466165413533837,31.225387249064404,APP,Vim,GO_Biological_Process_2023,top100
GO_Biological_Process_2023,Positive Regulation Of Peptidyl-Serine Phosphorylation (GO:0033138),1/89,0.0853746735440269,0.130196377154641,0,0,11.897129186602871,29.27533461302574,APP,Vim,GO_Biological_Process_2023,top100
GO_Biological_Process_2023,Regulation Of Peptidyl-Tyrosine Phosphorylation (GO:0050730),1/90,0.0862933855050247,0.1309426993981718,0,0,11.762862211709049,28.81903981668561,APP,Vim,GO_Biological_Process_2023,top100
GO_Biological_Process_2023,Regulation Of RNA Metabolic Process (GO:0051252),1/91,0.0872112207421384,0.1310316370756266,0,0,11.63157894736842,28.37433281380585,RBM38,Vim,GO_Biological_Process_2023,top100
GO_Biological_Process_2023,Positive Regulation Of Binding (GO:0051099),1/91,0.0872112207421384,0.1310316370756266,0,0,11.63157894736842,28.37433281380585,APP,Vim,GO_Biological_Process_2023,top100
GO_Biological_Process_2023,Protein Phosphorylation (GO:0006468),2/500,0.0881621818378726,0.1318111051987802,0,0,4.346720214190094,10.55634554292993,APP;ACVR1B,Vim,GO_Biological_Process_2023,top100
GO_Biological_Process_2023,Regulation Of Peptidyl-Serine Phosphorylation (GO:0033135),1/93,0.0890442642622752,0.1319117288833695,0,0,11.377574370709382,27.518048057317102,APP,Vim,GO_Biological_Process_2023,top100
GO_Biological_Process_2023,Sphingolipid Metabolic Process (GO:0006665),1/94,0.0899594741237405,0.1319117288833695,0,0,11.254668930390492,27.10569960599241,SUMF1,Vim,GO_Biological_Process_2023,top100
GO_Biological_Process_2023,"Regulation Of mRNA Splicing, Via Spliceosome (GO:0048024)",1/94,0.0899594741237405,0.1319117288833695,0,0,11.254668930390492,27.10569960599241,RBM38,Vim,GO_Biological_Process_2023,top100
GO_Biological_Process_2023,"Retrograde Transport, Endosome To Golgi (GO:0042147)",1/94,0.0899594741237405,0.1319117288833695,0,0,11.254668930390492,27.10569960599241,SURF4,Vim,GO_Biological_Process_2023,top100
GO_Biological_Process_2023,Positive Regulation Of Transmembrane Receptor Protein Serine/Threonine Kinase Signaling Pathway (GO:0090100),1/95,0.0908738104379916,0.1320524460954931,0,0,11.13437849944009,26.70339549535462,ACVR1B,Vim,GO_Biological_Process_2023,top100
GO_Biological_Process_2023,Regulation Of Protein Metabolic Process (GO:0051246),1/96,0.0917872740073591,0.1320524460954931,0,0,11.01662049861496,26.310792233027552,APP,Vim,GO_Biological_Process_2023,top100
GO_Biological_Process_2023,Regulation Of Macroautophagy (GO:0016241),1/96,0.0917872740073591,0.1320524460954931,0,0,11.01662049861496,26.310792233027552,ATP6V1B2,Vim,GO_Biological_Process_2023,top100
GO_Biological_Process_2023,Positive Regulation Of Supramolecular Fiber Organization (GO:1902905),1/96,0.0917872740073591,0.1320524460954931,0,0,11.01662049861496,26.310792233027552,APP,Vim,GO_Biological_Process_2023,top100
GO_Biological_Process_2023,Axon Development (GO:0061564),1/99,0.0945224360353158,0.135349028125687,0,0,10.677765843179378,25.18797462704863,APP,Vim,GO_Biological_Process_2023,top100
GO_Biological_Process_2023,Regulation Of Organelle Organization (GO:0033043),1/100,0.0954324164624814,0.136013490752602,0,0,10.569377990430622,24.83103038927071,SURF4,Vim,GO_Biological_Process_2023,top100
GO_Biological_Process_2023,Protein Catabolic Process (GO:0030163),1/102,0.0972497716409988,0.1373202794004845,0,0,10.359041167274622,24.14146206514577,LAMP2,Vim,GO_Biological_Process_2023,top100
GO_Biological_Process_2023,Regulation Of RNA Splicing (GO:0043484),1/102,0.0972497716409988,0.1373202794004845,0,0,10.359041167274622,24.14146206514577,RBM38,Vim,GO_Biological_Process_2023,top100
GO_Biological_Process_2023,Macroautophagy (GO:0016236),1/104,0.0990636578243202,0.1373452122179809,0,0,10.15687276443536,23.4826149464007,LAMP2,Vim,GO_Biological_Process_2023,top100
GO_Biological_Process_2023,Positive Regulation Of Inflammatory Response (GO:0050729),1/104,0.0990636578243202,0.1373452122179809,0,0,10.15687276443536,23.4826149464007,APP,Vim,GO_Biological_Process_2023,top100
GO_Biological_Process_2023,Negative Regulation Of Cellular Process (GO:0048523),2/537,0.099521795843467,0.1373452122179809,0,0,4.038421599169263,9.31816759630966,APP;ACVR1B,Vim,GO_Biological_Process_2023,top100
GO_Biological_Process_2023,Regulation Of Gene Expression (GO:0010468),3/1127,0.0996300977298713,0.1373452122179809,0,0,2.9604354197194893,6.827625487602167,RBM38;APP;ACVR1B,Vim,GO_Biological_Process_2023,top100
GO_Biological_Process_2023,Lysosomal Transport (GO:0007041),1/105,0.0999693020078418,0.1373452122179809,0,0,10.058704453441296,23.16411122367751,LAMP1,Vim,GO_Biological_Process_2023,top100
GO_Biological_Process_2023,Positive Regulation Of Stress-Activated MAPK Cascade (GO:0032874),1/105,0.0999693020078418,0.1373452122179809,0,0,10.058704453441296,23.16411122367751,APP,Vim,GO_Biological_Process_2023,top100
GO_Biological_Process_2023,Response To Calcium Ion (GO:0051592),1/106,0.1008740813042086,0.1379667928151732,0,0,9.962406015037594,22.852586421851232,CALM1,Vim,GO_Biological_Process_2023,top100
GO_Biological_Process_2023,Extracellular Structure Organization (GO:0043062),1/109,0.1035832376271884,0.1397710191788243,0,0,9.68421052631579,21.95778295069413,APP,Vim,GO_Biological_Process_2023,top100
GO_Biological_Process_2023,Regulation Of Wnt Signaling Pathway (GO:0030111),1/109,0.1035832376271884,0.1397710191788243,0,0,9.68421052631579,21.95778295069413,APP,Vim,GO_Biological_Process_2023,top100
GO_Biological_Process_2023,External Encapsulating Structure Organization (GO:0045229),1/110,0.1044845651566293,0.1397710191788243,0,0,9.594881699662,21.67211204877382,APP,Vim,GO_Biological_Process_2023,top100
GO_Biological_Process_2023,Regulation Of JNK Cascade (GO:0046328),1/110,0.1044845651566293,0.1397710191788243,0,0,9.594881699662,21.67211204877382,APP,Vim,GO_Biological_Process_2023,top100
GO_Biological_Process_2023,Response To Lipid (GO:0033993),1/110,0.1044845651566293,0.1397710191788243,0,0,9.594881699662,21.67211204877382,FBXO3,Vim,GO_Biological_Process_2023,top100
GO_Biological_Process_2023,Mitotic Cell Cycle Phase Transition (GO:0044772),1/111,0.1053850316942243,0.140332530713022,0,0,9.507177033492823,21.392428630708658,ACVR1B,Vim,GO_Biological_Process_2023,top100
GO_Biological_Process_2023,Protein Deubiquitination (GO:0016579),1/112,0.1062846380154363,0.140332530713022,0,0,9.421052631578949,21.11855678854484,USP32,Vim,GO_Biological_Process_2023,top100
GO_Biological_Process_2023,Regulation Of Protein Serine/Threonine Kinase Activity (GO:0071900),1/112,0.1062846380154363,0.140332530713022,0,0,9.421052631578949,21.11855678854484,CALM1,Vim,GO_Biological_Process_2023,top100
GO_Biological_Process_2023,Protein Modification By Small Protein Removal (GO:0070646),1/114,0.1080812731653967,0.1414797781778798,0,0,9.253376804843969,20.587577159291502,USP32,Vim,GO_Biological_Process_2023,top100
GO_Biological_Process_2023,Regulation Of Interleukin-6 Production (GO:0032675),1/114,0.1080812731653967,0.1414797781778798,0,0,9.253376804843969,20.587577159291502,APP,Vim,GO_Biological_Process_2023,top100
GO_Biological_Process_2023,Positive Regulation Of Protein Serine/Threonine Kinase Activity (GO:0071902),1/117,0.110769793727799,0.1443794319956355,0,0,9.012704174228675,19.830663463908003,CALM1,Vim,GO_Biological_Process_2023,top100
GO_Biological_Process_2023,Regulation Of Protein Binding (GO:0043393),1/118,0.1116642551220043,0.1449259481370694,0,0,8.935222672064777,19.58831903150389,APP,Vim,GO_Biological_Process_2023,top100
GO_Biological_Process_2023,Modulation Of Chemical Synaptic Transmission (GO:0050804),1/123,0.1161237558827442,0.1495950442650028,0,0,8.566867989646246,18.4453131497958,APP,Vim,GO_Biological_Process_2023,top100
GO_Biological_Process_2023,Positive Regulation Of Defense Response (GO:0031349),1/124,0.1170131002125961,0.1495950442650028,0,0,8.496790757381259,18.22960442221716,APP,Vim,GO_Biological_Process_2023,top100
GO_Biological_Process_2023,Enzyme-Linked Receptor Protein Signaling Pathway (GO:0007167),1/124,0.1170131002125961,0.1495950442650028,0,0,8.496790757381259,18.22960442221716,ACVR1B,Vim,GO_Biological_Process_2023,top100
GO_Biological_Process_2023,Response To Cytokine (GO:0034097),1/125,0.1179015944002206,0.1495950442650028,0,0,8.427843803056026,18.01792896923992,APP,Vim,GO_Biological_Process_2023,top100
GO_Biological_Process_2023,Regulation Of Mitotic Cell Cycle (GO:0007346),1/125,0.1179015944002206,0.1495950442650028,0,0,8.427843803056026,18.01792896923992,APP,Vim,GO_Biological_Process_2023,top100
GO_Biological_Process_2023,Positive Regulation Of Intracellular Protein Transport (GO:0090316),1/126,0.1187892392078867,0.1495950442650028,0,0,8.36,17.810181245591682,TMEM30A,Vim,GO_Biological_Process_2023,top100
GO_Biological_Process_2023,Cellular Response To Starvation (GO:0009267),1/126,0.1187892392078867,0.1495950442650028,0,0,8.36,17.810181245591682,LAMP2,Vim,GO_Biological_Process_2023,top100
GO_Biological_Process_2023,Regulation Of Tumor Necrosis Factor Production (GO:0032680),1/127,0.1196760354120022,0.1495950442650028,0,0,8.293233082706767,17.606259261193085,APP,Vim,GO_Biological_Process_2023,top100
GO_Biological_Process_2023,Cytosolic Transport (GO:0016482),1/127,0.1196760354120022,0.1495950442650028,0,0,8.293233082706767,17.606259261193085,LAMP1,Vim,GO_Biological_Process_2023,top100
GO_Biological_Process_2023,Protein Targeting (GO:0006605),1/129,0.1214470850948444,0.1504478174639517,0,0,8.162828947368421,17.209501461061883,LAMP2,Vim,GO_Biological_Process_2023,top100
GO_Biological_Process_2023,Golgi Organization (GO:0007030),1/130,0.1223313401018362,0.1504478174639517,0,0,8.099143206854345,17.016478165448806,SURF4,Vim,GO_Biological_Process_2023,top100
GO_Biological_Process_2023,Transmembrane Receptor Protein Serine/Threonine Kinase Signaling Pathway (GO:0007178),1/130,0.1223313401018362,0.1504478174639517,0,0,8.099143206854345,17.016478165448806,ACVR1B,Vim,GO_Biological_Process_2023,top100
GO_Biological_Process_2023,Regulation Of Cell Cycle Process (GO:0010564),1/130,0.1223313401018362,0.1504478174639517,0,0,8.099143206854345,17.016478165448806,CALM1,Vim,GO_Biological_Process_2023,top100
GO_Biological_Process_2023,Synapse Organization (GO:0050808),1/131,0.1232147495679265,0.150925697261918,0,0,8.036437246963562,16.82690539004688,APP,Vim,GO_Biological_Process_2023,top100
GO_Biological_Process_2023,Plasma Membrane Bounded Cell Projection Organization (GO:0120036),1/132,0.1240973142667693,0.1513987234054586,0,0,7.974688629971876,16.64069686633284,APP,Vim,GO_Biological_Process_2023,top100
GO_Biological_Process_2023,Positive Regulation Of Protein Kinase Activity (GO:0045860),1/145,0.1354941288857612,0.164392524926735,0,0,7.25,14.491495524216845,CALM1,Vim,GO_Biological_Process_2023,top100
GO_Biological_Process_2023,Positive Regulation Of Cellular Catabolic Process (GO:0031331),1/146,0.1363649469064392,0.164392524926735,0,0,7.199637023593467,14.34470478778898,APP,Vim,GO_Biological_Process_2023,top100
GO_Biological_Process_2023,Neuron Projection Morphogenesis (GO:0048812),1/146,0.1363649469064392,0.164392524926735,0,0,7.199637023593467,14.34470478778898,APP,Vim,GO_Biological_Process_2023,top100
GO_Biological_Process_2023,Negative Regulation Of Protein Phosphorylation (GO:0001933),1/149,0.1389724038190062,0.1668763116724287,0,0,7.052631578947368,13.91822665778434,CALM1,Vim,GO_Biological_Process_2023,top100
GO_Biological_Process_2023,Neuron Development (GO:0048666),1/150,0.1398398929473613,0.167259479799785,0,0,7.004945249028612,13.78052850470674,APP,Vim,GO_Biological_Process_2023,top100
GO_Biological_Process_2023,Positive Regulation Of NF-kappaB Transcription Factor Activity (GO:0051092),1/152,0.1415723809153899,0.1686702194499763,0,0,6.911467410247473,13.511532897552032,APP,Vim,GO_Biological_Process_2023,top100
GO_Biological_Process_2023,Cellular Response To Growth Factor Stimulus (GO:0071363),1/155,0.1441648985018541,0.1704274962909516,0,0,6.775803144224197,13.123358631426164,ACVR1B,Vim,GO_Biological_Process_2023,top100
GO_Biological_Process_2023,Positive Regulation Of Response To External Stimulus (GO:0032103),1/155,0.1441648985018541,0.1704274962909516,0,0,6.775803144224197,13.123358631426164,APP,Vim,GO_Biological_Process_2023,top100
GO_Biological_Process_2023,Response To Lipopolysaccharide (GO:0032496),1/159,0.1476100199777224,0.1738264714023372,0,0,6.602931379080613,12.632606048584067,FBXO3,Vim,GO_Biological_Process_2023,top100
GO_Biological_Process_2023,Protein Autophosphorylation (GO:0046777),1/162,0.1501852108088162,0.1755037904087699,0,0,6.478914677999346,12.283283683900576,ACVR1B,Vim,GO_Biological_Process_2023,top100
GO_Biological_Process_2023,Regulation Of Macromolecule Metabolic Process (GO:0060255),1/162,0.1501852108088162,0.1755037904087699,0,0,6.478914677999346,12.283283683900576,APP,Vim,GO_Biological_Process_2023,top100
GO_Biological_Process_2023,Nitrogen Compound Transport (GO:0071705),1/163,0.151041964046623,0.1758312940237405,0,0,6.43859649122807,12.17021946242288,TMEM30A,Vim,GO_Biological_Process_2023,top100
GO_Biological_Process_2023,Positive Regulation Of Hydrolase Activity (GO:0051345),1/176,0.1621053521282268,0.1872808045420802,0,0,5.9563909774436095,10.837705998274306,CALM1,Vim,GO_Biological_Process_2023,top100
GO_Biological_Process_2023,Extracellular Matrix Organization (GO:0030198),1/176,0.1621053521282268,0.1872808045420802,0,0,5.9563909774436095,10.837705998274306,APP,Vim,GO_Biological_Process_2023,top100
GO_Biological_Process_2023,Positive Regulation Of ERK1 And ERK2 Cascade (GO:0070374),1/179,0.1646389193089532,0.1894900769404933,0,0,5.855115316380839,10.56263137333112,APP,Vim,GO_Biological_Process_2023,top100
GO_Biological_Process_2023,Negative Regulation Of Macromolecule Metabolic Process (GO:0010605),1/186,0.1705223035059393,0.1955236938695921,0,0,5.631578947368421,9.961639057655574,APP,Vim,GO_Biological_Process_2023,top100
GO_Biological_Process_2023,Axonogenesis (GO:0007409),1/188,0.1721960267522033,0.1967033264397828,0,0,5.570785251899803,9.799689560820283,APP,Vim,GO_Biological_Process_2023,top100
GO_Biological_Process_2023,Endocytosis (GO:0006897),1/189,0.1730316847300859,0.1969203874726724,0,0,5.5408734602463605,9.720246555313304,APP,Vim,GO_Biological_Process_2023,top100
GO_Biological_Process_2023,Intracellular Monoatomic Cation Homeostasis (GO:0030003),1/190,0.1738665412578544,0.1971349259615078,0,0,5.511278195488722,9.641800864787072,APP,Vim,GO_Biological_Process_2023,top100
GO_Biological_Process_2023,Neuron Projection Development (GO:0031175),1/192,0.1755338529080929,0.1982882412480309,0,0,5.453017360154313,9.487832290769862,APP,Vim,GO_Biological_Process_2023,top100
GO_Biological_Process_2023,Regulation Of Signal Transduction (GO:0009966),1/193,0.176366309481075,0.1984934479399553,0,0,5.4243421052631575,9.412275801923704,APP,Vim,GO_Biological_Process_2023,top100
GO_Biological_Process_2023,Positive Regulation Of Protein Metabolic Process (GO:0051247),1/196,0.1788588908629642,0.1998240355795022,0,0,5.340080971659919,9.191123636275076,APP,Vim,GO_Biological_Process_2023,top100
GO_Biological_Process_2023,Endomembrane System Organization (GO:0010256),1/196,0.1788588908629642,0.1998240355795022,0,0,5.340080971659919,9.191123636275076,SURF4,Vim,GO_Biological_Process_2023,top100
GO_Biological_Process_2023,Golgi Vesicle Transport (GO:0048193),1/197,0.1796881576076363,0.2000178396727338,0,0,5.312567132116004,9.119193547123624,SURF4,Vim,GO_Biological_Process_2023,top100
GO_Biological_Process_2023,Regulation Of Translation (GO:0006417),1/202,0.1838225713143234,0.2038759427304315,0,0,5.17910447761194,8.772285712048289,APP,Vim,GO_Biological_Process_2023,top100
GO_Biological_Process_2023,Apoptotic Process (GO:0006915),1/228,0.2050043553834591,0.2265446680867936,0,0,4.579874797124971,7.257837756669995,APP,Vim,GO_Biological_Process_2023,top100
GO_Biological_Process_2023,Positive Regulation Of Phosphorylation (GO:0042327),1/231,0.2074145235836311,0.2283806126101354,0,0,4.519450800915332,7.109258623489633,APP,Vim,GO_Biological_Process_2023,top100
GO_Biological_Process_2023,Positive Regulation Of Developmental Process (GO:0051094),1/233,0.209017444281756,0.2293176996616387,0,0,4.480036297640654,7.012769109428109,ACVR1B,Vim,GO_Biological_Process_2023,top100
GO_Biological_Process_2023,Regulation Of Inflammatory Response (GO:0050727),1/240,0.2146034486866832,0.2346023363779153,0,0,4.347280334728033,6.690305231712002,APP,Vim,GO_Biological_Process_2023,top100
GO_Biological_Process_2023,Regulation Of ERK1 And ERK2 Cascade (GO:0070372),1/244,0.2177786037292636,0.2372231219193764,0,0,4.274853801169591,6.516058384105807,APP,Vim,GO_Biological_Process_2023,top100
GO_Biological_Process_2023,Positive Regulation Of DNA-binding Transcription Factor Activity (GO:0051091),1/246,0.2193616045728632,0.2380971152837127,0,0,4.23952738990333,6.431506127760009,APP,Vim,GO_Biological_Process_2023,top100
GO_Biological_Process_2023,Regulation Of Protein Phosphorylation (GO:0001932),1/265,0.2342490899395189,0.2533545121686287,0,0,3.930622009569378,5.704787820650501,APP,Vim,GO_Biological_Process_2023,top100
GO_Biological_Process_2023,Positive Regulation Of Cell Migration (GO:0030335),1/272,0.2396656490013005,0.2582969008671261,0,0,3.8277335404933,5.467957385790095,ACVR1B,Vim,GO_Biological_Process_2023,top100
GO_Biological_Process_2023,Monoatomic Cation Transmembrane Transport (GO:0098655),1/281,0.2465763264894162,0.2648090830256055,0,0,3.703007518796992,5.184520440263509,ATP6V1B2,Vim,GO_Biological_Process_2023,top100
GO_Biological_Process_2023,Central Nervous System Development (GO:0007417),1/283,0.2481039082004818,0.2653996907294506,0,0,3.6763717805151175,5.124522697220845,APP,Vim,GO_Biological_Process_2023,top100
GO_Biological_Process_2023,Inorganic Cation Transmembrane Transport (GO:0098662),1/284,0.2488665952413865,0.2653996907294506,0,0,3.663195090198996,5.094911988492453,ATP6V1B2,Vim,GO_Biological_Process_2023,top100
GO_Biological_Process_2023,Cellular Response To Cytokine Stimulus (GO:0071345),1/308,0.2669521234886096,0.2836947653798812,0,0,3.3727070118292475,4.454286762090836,CALM1,Vim,GO_Biological_Process_2023,top100
GO_Biological_Process_2023,Positive Regulation Of MAPK Cascade (GO:0043410),1/310,0.2684404297418134,0.2842858717751843,0,0,3.350536535513541,4.406378558844449,APP,Vim,GO_Biological_Process_2023,top100
GO_Biological_Process_2023,Supramolecular Fiber Organization (GO:0097435),1/316,0.2728881438519747,0.2879961379752674,0,0,3.2857142857142856,4.26713511950017,APP,Vim,GO_Biological_Process_2023,top100
GO_Biological_Process_2023,Positive Regulation Of Cytokine Production (GO:0001819),1/320,0.2758390018657013,0.2901065364449617,0,0,3.243854149480284,4.177882733755149,APP,Vim,GO_Biological_Process_2023,top100
GO_Biological_Process_2023,Proteolysis (GO:0006508),1/330,0.2831664542379066,0.2967895826204863,0,0,3.14365701487762,3.9664161131162494,FBXO3,Vim,GO_Biological_Process_2023,top100
GO_Biological_Process_2023,Negative Regulation Of Gene Expression (GO:0010629),1/336,0.2875290580342482,0.3003300092481017,0,0,3.086410054988217,3.846998258988292,APP,Vim,GO_Biological_Process_2023,top100
GO_Biological_Process_2023,Positive Regulation Of Macromolecule Metabolic Process (GO:0010604),1/364,0.3075564964625346,0.3201526669661196,0,0,2.8442801217920834,3.353680680530016,APP,Vim,GO_Biological_Process_2023,top100
GO_Biological_Process_2023,Negative Regulation Of Cell Population Proliferation (GO:0008285),1/379,0.3180642988083315,0.3299646637297316,0,0,2.7293233082706765,3.1264445416874,APP,Vim,GO_Biological_Process_2023,top100
GO_Biological_Process_2023,Positive Regulation Of Multicellular Organismal Process (GO:0051240),1/387,0.3236063407245134,0.3345760471897511,0,0,2.6716662121625308,3.0142472904791817,ACVR1B,Vim,GO_Biological_Process_2023,top100
GO_Biological_Process_2023,Vesicle-Mediated Transport (GO:0016192),1/411,0.3399768862337602,0.3503140212881652,0,0,2.5121951219512195,2.710351157825964,APP,Vim,GO_Biological_Process_2023,top100
GO_Biological_Process_2023,Organelle Organization (GO:0006996),1/418,0.3446802713619546,0.3539645884356774,0,0,2.4691404770920107,2.629975451524217,SURF4,Vim,GO_Biological_Process_2023,top100
GO_Biological_Process_2023,Regulation Of Nucleic Acid-Templated Transcription (GO:1903506),1/452,0.3670759243263146,0.3756985131527716,0,0,2.2790290582331663,2.284012324032437,ACVR1B,Vim,GO_Biological_Process_2023,top100
GO_Biological_Process_2023,Positive Regulation Of Gene Expression (GO:0010628),1/480,0.3849715047785156,0.3926966854764122,0,0,2.142731567959565,2.045421472956695,APP,Vim,GO_Biological_Process_2023,top100
GO_Biological_Process_2023,Positive Regulation Of Intracellular Signal Transduction (GO:1902533),1/525,0.4127289944018187,0.4196078109751823,0,0,1.954198473282443,1.729395472211373,APP,Vim,GO_Biological_Process_2023,top100
GO_Biological_Process_2023,Regulation Of Cell Population Proliferation (GO:0042127),1/766,0.5422497661362374,0.5494557430948586,0,0,1.3219814241486068,0.8090903881077673,APP,Vim,GO_Biological_Process_2023,top100
GO_Biological_Process_2023,Positive Regulation Of Transcription By RNA Polymerase II (GO:0045944),1/938,0.6175566364498595,0.6236913050238647,0,0,1.0696511823849912,0.5155552857582298,APP,Vim,GO_Biological_Process_2023,top100
GO_Biological_Process_2023,Positive Regulation Of DNA-templated Transcription (GO:0045893),1/1243,0.7230537371308502,0.7278263690591067,0,0,0.7940503432494279,0.2574880819824222,APP,Vim,GO_Biological_Process_2023,top100
GO_Biological_Process_2023,Regulation Of DNA-templated Transcription (GO:0006355),1/1922,0.8675741412794105,0.8704280035862507,0,0,0.4947806789227102,0.0702857256505661,ACVR1B,Vim,GO_Biological_Process_2023,top100
GO_Biological_Process_2023,Regulation Of Transcription By RNA Polymerase II (GO:0006357),1/2028,0.8822754372186573,0.8822754372186573,0,0,0.4661542855659128,0.0583862832570108,APP,Vim,GO_Biological_Process_2023,top100
