Gene_set,Term,Overlap,P-value,Adjusted P-value,Old P-value,Old Adjusted P-value,Odds Ratio,Combined Score,Genes,Reference_Gene,Gene_Set_Library,Method
GO_Molecular_Function_2023,Ubiquitin Ligase-Substrate Adaptor Activity (GO:1990756),2/44,0.0008763666329947344,0.0464474315487209,0,0,52.74603174603175,371.31761233322095,FBXO3;DCAF12,Vim,GO_Molecular_Function_2023,top100
GO_Molecular_Function_2023,Adenylate Cyclase Regulator Activity (GO:0010854),1/5,0.0049904406959516,0.0586371248991631,0,0,262.8421052631579,1393.123889480945,CALM1,Vim,GO_Molecular_Function_2023,top100
GO_Molecular_Function_2023,"Oxidoreductase Activity, Acting On A Sulfur Group Of Donors, Oxygen As Acceptor (GO:0016670)",1/6,0.0059856908667451,0.0586371248991631,0,0,210.26315789473685,1076.2074808846232,SUMF1,Vim,GO_Molecular_Function_2023,top100
GO_Molecular_Function_2023,Aminophospholipid Flippase Activity (GO:0015247),1/6,0.0059856908667451,0.0586371248991631,0,0,210.26315789473685,1076.2074808846232,TMEM30A,Vim,GO_Molecular_Function_2023,top100
GO_Molecular_Function_2023,Activin Receptor Activity (GO:0017002),1/8,0.0079733565142536,0.0586371248991631,0,0,150.17293233082708,725.5830081396662,ACVR1B,Vim,GO_Molecular_Function_2023,top100
GO_Molecular_Function_2023,"ATPase Activity, Coupled To Transmembrane Movement Of Ions, Rotational Mechanism (GO:0044769)",1/9,0.0089657734963174,0.0586371248991631,0,0,131.39473684210526,619.439581424405,ATP6V1B2,Vim,GO_Molecular_Function_2023,top100
GO_Molecular_Function_2023,"Proton-Transporting ATPase Activity, Rotational Mechanism (GO:0046961)",1/9,0.0089657734963174,0.0586371248991631,0,0,131.39473684210526,619.439581424405,ATP6V1B2,Vim,GO_Molecular_Function_2023,top100
GO_Molecular_Function_2023,Pyrophosphate Hydrolysis-Driven Proton Transmembrane Transporter Activity (GO:0009678),1/9,0.0089657734963174,0.0586371248991631,0,0,131.39473684210526,619.439581424405,ATP6V1B2,Vim,GO_Molecular_Function_2023,top100
GO_Molecular_Function_2023,Calcium Channel Inhibitor Activity (GO:0019855),1/10,0.0099572476243861,0.0586371248991631,0,0,116.78947368421052,538.3357753631753,CALM1,Vim,GO_Molecular_Function_2023,top100
GO_Molecular_Function_2023,Titin Binding (GO:0031432),1/12,0.0119373705403343,0.063268063863772,0,0,95.54545454545456,423.0830518492731,CALM1,Vim,GO_Molecular_Function_2023,top100
GO_Molecular_Function_2023,Protein Phosphatase Activator Activity (GO:0072542),1/15,0.0149005037888985,0.0658105584009687,0,0,75.06015037593986,315.7300332957057,CALM1,Vim,GO_Molecular_Function_2023,top100
GO_Molecular_Function_2023,Transmembrane Receptor Protein Serine/Threonine Kinase Activity (GO:0004675),1/15,0.0149005037888985,0.0658105584009687,0,0,75.06015037593986,315.7300332957057,ACVR1B,Vim,GO_Molecular_Function_2023,top100
GO_Molecular_Function_2023,Phosphatase Activator Activity (GO:0019211),1/17,0.0168712348172723,0.0687827265627257,0,0,65.67105263157895,268.0787715603985,CALM1,Vim,GO_Molecular_Function_2023,top100
GO_Molecular_Function_2023,"Hydrolase Activity, Hydrolyzing O-glycosyl Compounds (GO:0004553)",1/29,0.0286172054274548,0.1014633654974669,0,0,37.50375939849624,133.2788782141628,GUSB,Vim,GO_Molecular_Function_2023,top100
GO_Molecular_Function_2023,Inorganic Cation Transmembrane Transporter Activity (GO:0022890),1/35,0.0344400804224879,0.1014633654974669,0,0,30.876160990712076,104.00740624656504,ATP6V1B2,Vim,GO_Molecular_Function_2023,top100
GO_Molecular_Function_2023,Ion Channel Inhibitor Activity (GO:0008200),1/35,0.0344400804224879,0.1014633654974669,0,0,30.876160990712076,104.00740624656504,CALM1,Vim,GO_Molecular_Function_2023,top100
GO_Molecular_Function_2023,Transmembrane Receptor Protein Kinase Activity (GO:0019199),1/37,0.0363736593292806,0.1014633654974669,0,0,29.157894736842103,96.62665093408292,ACVR1B,Vim,GO_Molecular_Function_2023,top100
GO_Molecular_Function_2023,Monoatomic Cation Transmembrane Transporter Activity (GO:0008324),1/37,0.0363736593292806,0.1014633654974669,0,0,29.157894736842103,96.62665093408292,ATP6V1B2,Vim,GO_Molecular_Function_2023,top100
GO_Molecular_Function_2023,Calcium Channel Regulator Activity (GO:0005246),1/37,0.0363736593292806,0.1014633654974669,0,0,29.157894736842103,96.62665093408292,CALM1,Vim,GO_Molecular_Function_2023,top100
GO_Molecular_Function_2023,Cadherin Binding (GO:0045296),2/319,0.0398852240283585,0.1056958436751501,0,0,6.892043463021381,22.20443653873461,EFHD2;GAPVD1,Vim,GO_Molecular_Function_2023,top100
GO_Molecular_Function_2023,Proton Transmembrane Transporter Activity (GO:0015078),1/45,0.044071254437806,0.1112274516763675,0,0,23.84688995215311,74.44873932423765,ATP6V1B2,Vim,GO_Molecular_Function_2023,top100
GO_Molecular_Function_2023,Calcium Ion Binding (GO:0005509),2/346,0.0461897945796735,0.111275414214668,0,0,6.3423772609819125,19.50278725662831,EFHD2;CALM1,Vim,GO_Molecular_Function_2023,top100
GO_Molecular_Function_2023,Serine-Type Endopeptidase Inhibitor Activity (GO:0004867),1/53,0.051710413228189,0.1191587783084357,0,0,20.17004048582996,59.74559828701417,APP,Vim,GO_Molecular_Function_2023,top100
GO_Molecular_Function_2023,Protein Serine/Threonine Kinase Activator Activity (GO:0043539),1/56,0.0545601179499192,0.120486927139405,0,0,19.066985645933013,55.45541451142644,CALM1,Vim,GO_Molecular_Function_2023,top100
GO_Molecular_Function_2023,Protein Phosphatase Regulator Activity (GO:0019888),1/61,0.0592915555925576,0.1256980978562222,0,0,17.473684210526315,49.3681970360476,CALM1,Vim,GO_Molecular_Function_2023,top100
GO_Molecular_Function_2023,"Phosphotransferase Activity, Alcohol Group As Acceptor (GO:0016773)",1/77,0.0742814572247087,0.1514198935734446,0,0,13.78393351800554,35.8367650118558,NADK2,Vim,GO_Molecular_Function_2023,top100
GO_Molecular_Function_2023,Protein Kinase Activator Activity (GO:0030295),1/88,0.0844550840845328,0.1657822020918607,0,0,12.03448275862069,29.7436505826784,CALM1,Vim,GO_Molecular_Function_2023,top100
GO_Molecular_Function_2023,Cysteine-Type Deubiquitinase Activity (GO:0004843),1/98,0.0936115860195749,0.1728124216617776,0,0,10.788388497015736,25.553389086720664,USP32,Vim,GO_Molecular_Function_2023,top100
GO_Molecular_Function_2023,Metal Ion Binding (GO:0046872),2/521,0.0945577401545575,0.1728124216617776,0,0,4.166345536287733,9.826511866940434,EFHD2;CALM1,Vim,GO_Molecular_Function_2023,top100
GO_Molecular_Function_2023,Kinase Activity (GO:0016301),1/106,0.1008740813042086,0.1775224812703243,0,0,9.962406015037594,22.852586421851232,NADK2,Vim,GO_Molecular_Function_2023,top100
GO_Molecular_Function_2023,Endopeptidase Inhibitor Activity (GO:0004866),1/112,0.1062846380154363,0.1775224812703243,0,0,9.421052631578949,21.11855678854484,APP,Vim,GO_Molecular_Function_2023,top100
GO_Molecular_Function_2023,Deubiquitinase Activity (GO:0101005),1/113,0.1071833849179316,0.1775224812703243,0,0,9.336466165413531,20.8503272666542,USP32,Vim,GO_Molecular_Function_2023,top100
GO_Molecular_Function_2023,Cysteine-Type Peptidase Activity (GO:0008234),1/144,0.1346224767664678,0.2162118566249331,0,0,7.301067353698933,14.640690814421308,USP32,Vim,GO_Molecular_Function_2023,top100
GO_Molecular_Function_2023,Small GTPase Binding (GO:0031267),1/199,0.1813443049449992,0.2796084279767766,0,0,5.258373205741627,8.977924599699485,GAPVD1,Vim,GO_Molecular_Function_2023,top100
GO_Molecular_Function_2023,Guanyl-Nucleotide Exchange Factor Activity (GO:0005085),1/203,0.1846470750790034,0.2796084279767766,0,0,5.153204794163627,8.705355125083043,GAPVD1,Vim,GO_Molecular_Function_2023,top100
GO_Molecular_Function_2023,GTPase Binding (GO:0051020),1/225,0.2025872256013588,0.2982534154686671,0,0,4.6419172932330826,7.411214321535025,GAPVD1,Vim,GO_Molecular_Function_2023,top100
GO_Molecular_Function_2023,Microtubule Binding (GO:0008017),1/239,0.2138077489172732,0.2993153363261634,0,0,4.365767359575409,6.734973421497441,NUSAP1,Vim,GO_Molecular_Function_2023,top100
GO_Molecular_Function_2023,Ubiquitin-Like Protein Transferase Activity (GO:0019787),1/240,0.2146034486866832,0.2993153363261634,0,0,4.347280334728033,6.690305231712002,FBXO3,Vim,GO_Molecular_Function_2023,top100
GO_Molecular_Function_2023,Ubiquitin Protein Ligase Binding (GO:0031625),1/271,0.2388940895616739,0.324650942224839,0,0,3.842105263157895,5.500876445147768,ACVR1B,Vim,GO_Molecular_Function_2023,top100
GO_Molecular_Function_2023,ATP Binding (GO:0005524),1/279,0.2450457967138161,0.3246856806458064,0,0,3.7300265051117,5.245574173234264,ACVR1B,Vim,GO_Molecular_Function_2023,top100
GO_Molecular_Function_2023,Ubiquitin-Like Protein Ligase Binding (GO:0044389),1/289,0.2526690190113976,0.3266209270147335,0,0,3.598684210526316,4.950619440611226,ACVR1B,Vim,GO_Molecular_Function_2023,top100
GO_Molecular_Function_2023,Adenyl Ribonucleotide Binding (GO:0032559),1/309,0.2676966358049682,0.3340326940370496,0,0,3.3615857826384143,4.430236913470875,ACVR1B,Vim,GO_Molecular_Function_2023,top100
GO_Molecular_Function_2023,Receptor Ligand Activity (GO:0048018),1/319,0.2751023557551568,0.3340326940370496,0,0,3.254220456802383,4.199936127810808,APP,Vim,GO_Molecular_Function_2023,top100
GO_Molecular_Function_2023,Tubulin Binding (GO:0015631),1/322,0.2773101610873619,0.3340326940370496,0,0,3.2233152975897688,4.134284425406205,NUSAP1,Vim,GO_Molecular_Function_2023,top100
GO_Molecular_Function_2023,Protein Serine/Threonine Kinase Activity (GO:0004674),1/342,0.291866431087855,0.3437537966145848,0,0,3.0311776508720483,3.7327710264919576,ACVR1B,Vim,GO_Molecular_Function_2023,top100
GO_Molecular_Function_2023,Ubiquitin-Protein Transferase Activity (GO:0004842),1/412,0.3406507563272071,0.3924889148987386,0,0,2.505954667691125,2.698656320553264,FBXO3,Vim,GO_Molecular_Function_2023,top100
GO_Molecular_Function_2023,GTPase Regulator Activity (GO:0030695),1/424,0.3486863847142679,0.3931995402097063,0,0,2.433370660694289,2.5637564324223114,GAPVD1,Vim,GO_Molecular_Function_2023,top100
GO_Molecular_Function_2023,Kinase Binding (GO:0019900),1/460,0.3722387950843977,0.4110136695723558,0,0,2.238390092879257,2.212021204832705,CALM1,Vim,GO_Molecular_Function_2023,top100
GO_Molecular_Function_2023,Purine Ribonucleoside Triphosphate Binding (GO:0035639),1/476,0.3824447552989771,0.4136647353233835,0,0,2.161218836565097,2.0773010145945787,ACVR1B,Vim,GO_Molecular_Function_2023,top100
GO_Molecular_Function_2023,Protein Kinase Binding (GO:0019901),1/511,0.4042234856234526,0.4284768947608598,0,0,2.0092879256965945,1.819987629272792,CALM1,Vim,GO_Molecular_Function_2023,top100
GO_Molecular_Function_2023,RNA Binding (GO:0003723),2/1411,0.4171604646174994,0.4335196985240681,0,0,1.4644744105354468,1.2803670199811372,RBM38;NUSAP1,Vim,GO_Molecular_Function_2023,top100
GO_Molecular_Function_2023,Protein Homodimerization Activity (GO:0042803),1/662,0.4900936311913308,0.499518508714241,0,0,1.5382594155585636,1.097023272834384,NADK2,Vim,GO_Molecular_Function_2023,top100
GO_Molecular_Function_2023,DNA Binding (GO:0003677),1/846,0.5788777694872049,0.5788777694872049,0,0,1.1918405481158518,0.6515362378887956,APP,Vim,GO_Molecular_Function_2023,top100
