Gene_set,Term,Overlap,P-value,Adjusted P-value,Old P-value,Old Adjusted P-value,Odds Ratio,Combined Score,Genes,Reference_Gene,Gene_Set_Library,Method
GO_Cellular_Component_2023,Azurophil Granule Membrane (GO:0035577),4/58,2.979117263558547e-07,1.3684138784675226e-05,0,0,92.25,1386.191729697336,TMEM30A;LAMP1;SURF4;LAMP2,Vim,GO_Cellular_Component_2023,top100
GO_Cellular_Component_2023,Azurophil Granule (GO:0042582),5/155,3.698415887750061e-07,1.3684138784675226e-05,0,0,44.06666666666667,652.6357527737483,TMEM30A;LAMP1;SURF4;LAMP2;GUSB,Vim,GO_Cellular_Component_2023,top100
GO_Cellular_Component_2023,Lysosomal Membrane (GO:0005765),5/356,2.1614549998725515e-05,0.0005331588999685627,0,0,18.64102564102564,200.2445791151332,TMEM30A;LAMP1;SURF4;LAMP2;ATP6V1B2,Vim,GO_Cellular_Component_2023,top100
GO_Cellular_Component_2023,Secretory Granule Membrane (GO:0030667),4/279,0.0001505560490246202,0.0027852869069554,0,0,17.913636363636364,157.6610507500687,TMEM30A;LAMP1;SURF4;LAMP2,Vim,GO_Cellular_Component_2023,top100
GO_Cellular_Component_2023,Condensed Nuclear Chromosome (GO:0000794),2/28,0.0003535487787187227,0.005232521925037,0,0,85.27350427350427,677.710245242856,NCAPG;SMC2,Vim,GO_Cellular_Component_2023,top100
GO_Cellular_Component_2023,Ficolin-1-Rich Granule (GO:0101002),3/184,0.0007781941193477316,0.0095977274719553,0,0,19.303542411439714,138.18507537034668,LAMP1;LAMP2;GUSB,Vim,GO_Cellular_Component_2023,top100
GO_Cellular_Component_2023,Late Endosome (GO:0005770),3/205,0.0010636916951774,0.0112447407775897,0,0,17.278392545136867,118.28804279548186,TMEM30A;LAMP1;LAMP2,Vim,GO_Cellular_Component_2023,top100
GO_Cellular_Component_2023,Lysosome (GO:0005764),4/503,0.0013903443947925,0.012018169243674,0,0,9.76002004008016,64.2034008814805,LAMP1;LAMP2;ATP6V1B2;GUSB,Vim,GO_Cellular_Component_2023,top100
GO_Cellular_Component_2023,Condensed Chromosome (GO:0000793),2/60,0.0016240769248208,0.012018169243674,0,0,38.16475095785441,245.1251605267273,NCAPG;SMC2,Vim,GO_Cellular_Component_2023,top100
GO_Cellular_Component_2023,Ficolin-1-Rich Granule Membrane (GO:0101003),2/60,0.0016240769248208,0.012018169243674,0,0,38.16475095785441,245.1251605267273,LAMP1;LAMP2,Vim,GO_Cellular_Component_2023,top100
GO_Cellular_Component_2023,Lytic Vacuole Membrane (GO:0098852),3/287,0.0027818853347765,0.0187145013430424,0,0,12.23860811930406,72.01963647679938,LAMP1;LAMP2;ATP6V1B2,Vim,GO_Cellular_Component_2023,top100
GO_Cellular_Component_2023,Late Endosome Membrane (GO:0031902),2/85,0.0032270347482887,0.0187953914894858,0,0,26.63587684069612,152.78849293856263,TMEM30A;LAMP2,Vim,GO_Cellular_Component_2023,top100
GO_Cellular_Component_2023,Lysosomal Lumen (GO:0043202),2/86,0.0033018930995042,0.0187953914894858,0,0,26.31746031746032,150.3584751342039,LAMP2;GUSB,Vim,GO_Cellular_Component_2023,top100
GO_Cellular_Component_2023,Nuclear Chromosome (GO:0000228),2/95,0.0040119852700405,0.0212062078559285,0,0,23.759856630824373,131.11803417110073,NCAPG;SMC2,Vim,GO_Cellular_Component_2023,top100
GO_Cellular_Component_2023,Nuclear Envelope Lumen (GO:0005641),1/5,0.0049904406959516,0.0217230947941425,0,0,262.8421052631579,1393.123889480945,APP,Vim,GO_Cellular_Component_2023,top100
GO_Cellular_Component_2023,Platelet Dense Granule Membrane (GO:0031088),1/5,0.0049904406959516,0.0217230947941425,0,0,262.8421052631579,1393.123889480945,LAMP2,Vim,GO_Cellular_Component_2023,top100
GO_Cellular_Component_2023,Activin Receptor Complex (GO:0048179),1/5,0.0049904406959516,0.0217230947941425,0,0,262.8421052631579,1393.123889480945,ACVR1B,Vim,GO_Cellular_Component_2023,top100
GO_Cellular_Component_2023,Endosome Membrane (GO:0010008),3/361,0.0052927747582708,0.0217591851173356,0,0,9.672362799868552,50.696844653909146,TMEM30A;LAMP1;LAMP2,Vim,GO_Cellular_Component_2023,top100
GO_Cellular_Component_2023,Cytolytic Granule (GO:0044194),1/7,0.0069799958941807,0.0271852471668093,0,0,175.21052631578948,869.8689177892479,LAMP1,Vim,GO_Cellular_Component_2023,top100
GO_Cellular_Component_2023,Autolysosome (GO:0044754),1/9,0.0089657734963174,0.0320363619219382,0,0,131.39473684210526,619.439581424405,LAMP2,Vim,GO_Cellular_Component_2023,top100
GO_Cellular_Component_2023,Intracellular Organelle Lumen (GO:0070013),4/856,0.0093299768120771,0.0320363619219382,0,0,5.612676056338028,26.236581910555,APP;NADK2;GUSB;SUMF1,Vim,GO_Cellular_Component_2023,top100
GO_Cellular_Component_2023,"Proton-Transporting V-type ATPase, V1 Domain (GO:0033180)",1/10,0.0099572476243861,0.0320363619219382,0,0,116.78947368421052,538.3357753631753,ATP6V1B2,Vim,GO_Cellular_Component_2023,top100
GO_Cellular_Component_2023,"Vacuolar Proton-Transporting V-type ATPase, V1 Domain (GO:0000221)",1/10,0.0099572476243861,0.0320363619219382,0,0,116.78947368421052,538.3357753631753,ATP6V1B2,Vim,GO_Cellular_Component_2023,top100
GO_Cellular_Component_2023,Vacuolar Lumen (GO:0005775),2/161,0.0111258864531351,0.0328020891236935,0,0,13.851153039832283,62.309145632506784,LAMP2;GUSB,Vim,GO_Cellular_Component_2023,top100
GO_Cellular_Component_2023,Tertiary Granule (GO:0070820),2/162,0.0112582429558997,0.0328020891236935,0,0,13.76388888888889,61.75381693106292,LAMP1;LAMP2,Vim,GO_Cellular_Component_2023,top100
GO_Cellular_Component_2023,Chromosome (GO:0005694),2/164,0.0115250583407572,0.0328020891236935,0,0,13.592592592592592,60.6668891658796,NCAPG;SMC2,Vim,GO_Cellular_Component_2023,top100
GO_Cellular_Component_2023,cullin-RING Ubiquitin Ligase Complex (GO:0031461),2/174,0.0129008233573588,0.0353578121646131,0,0,12.795865633074936,55.66795462172957,FBXO3;DCAF12,Vim,GO_Cellular_Component_2023,top100
GO_Cellular_Component_2023,Secondary Lysosome (GO:0005767),1/15,0.0149005037888985,0.0393799028706605,0,0,75.06015037593986,315.7300332957057,LAMP2,Vim,GO_Cellular_Component_2023,top100
GO_Cellular_Component_2023,Spindle (GO:0005819),2/210,0.018410850055187,0.0469794104856496,0,0,10.561965811965813,42.19310063010437,NUSAP1;CALM1,Vim,GO_Cellular_Component_2023,top100
GO_Cellular_Component_2023,Platelet Dense Granule (GO:0042827),1/20,0.019820311238232,0.0488901010543058,0,0,55.29362880886426,216.80897525048425,LAMP2,Vim,GO_Cellular_Component_2023,top100
GO_Cellular_Component_2023,Lytic Vacuole (GO:0000323),2/223,0.0206065925515551,0.0491899306069381,0,0,9.93413775766717,38.565755552207406,LAMP1;LAMP2,Vim,GO_Cellular_Component_2023,top100
GO_Cellular_Component_2023,Vacuolar Proton-Transporting V-type ATPase Complex (GO:0016471),1/24,0.0237393438664972,0.0548972326912748,0,0,45.66819221967963,170.827422984315,ATP6V1B2,Vim,GO_Cellular_Component_2023,top100
GO_Cellular_Component_2023,Endosome Lumen (GO:0031904),1/25,0.0247167737784927,0.0554254927154079,0,0,43.76315789473684,161.93563879493826,APP,Vim,GO_Cellular_Component_2023,top100
GO_Cellular_Component_2023,Endoplasmic Reticulum Lumen (GO:0005788),2/284,0.0322635423639302,0.0702206510273775,0,0,7.761229314420804,26.650644308865967,APP;SUMF1,Vim,GO_Cellular_Component_2023,top100
GO_Cellular_Component_2023,Cul4-RING E3 Ubiquitin Ligase Complex (GO:0080008),1/35,0.0344400804224879,0.0728161700361173,0,0,30.876160990712076,104.00740624656504,DCAF12,Vim,GO_Cellular_Component_2023,top100
GO_Cellular_Component_2023,Early Endosome (GO:0005769),2/307,0.037199976037831,0.0764666174110971,0,0,7.167577413479052,23.591702334918374,APP;TMEM30A,Vim,GO_Cellular_Component_2023,top100
GO_Cellular_Component_2023,Secretory Granule Lumen (GO:0034774),2/316,0.0392070234214316,0.0784140468428633,0,0,6.958952583156405,22.53934720230593,APP;GUSB,Vim,GO_Cellular_Component_2023,top100
GO_Cellular_Component_2023,Golgi-associated Vesicle (GO:0005798),1/47,0.0459865060964822,0.0895526697668338,0,0,22.80778032036613,70.23444455974413,APP,Vim,GO_Cellular_Component_2023,top100
GO_Cellular_Component_2023,Cation Channel Complex (GO:0034703),1/53,0.051710413228189,0.09811719433041,0,0,20.17004048582996,59.74559828701417,CALM1,Vim,GO_Cellular_Component_2023,top100
GO_Cellular_Component_2023,Calcium Channel Complex (GO:0034704),1/59,0.0574016861834188,0.1044660741392682,0,0,18.07803992740472,51.661282065881295,CALM1,Vim,GO_Cellular_Component_2023,top100
GO_Cellular_Component_2023,Serine/Threonine Protein Kinase Complex (GO:1902554),1/60,0.058347071283324,0.1044660741392682,0,0,17.770740410347905,50.492824203227855,ACVR1B,Vim,GO_Cellular_Component_2023,top100
GO_Cellular_Component_2023,SCF Ubiquitin Ligase Complex (GO:0019005),1/61,0.0592915555925576,0.1044660741392682,0,0,17.473684210526315,49.3681970360476,FBXO3,Vim,GO_Cellular_Component_2023,top100
GO_Cellular_Component_2023,Platelet Alpha Granule Lumen (GO:0031093),1/66,0.0640004936134332,0.1083323684523176,0,0,16.125506072874494,44.32683091319527,APP,Vim,GO_Cellular_Component_2023,top100
GO_Cellular_Component_2023,Spindle Microtubule (GO:0005876),1/68,0.0658777916264093,0.1083323684523176,0,0,15.642576590730558,42.54708713186295,CALM1,Vim,GO_Cellular_Component_2023,top100
GO_Cellular_Component_2023,Organelle Envelope Lumen (GO:0031970),1/68,0.0658777916264093,0.1083323684523176,0,0,15.642576590730558,42.54708713186295,APP,Vim,GO_Cellular_Component_2023,top100
GO_Cellular_Component_2023,Autophagosome (GO:0005776),1/83,0.0798439464103719,0.1284446094427723,0,0,12.771501925545572,32.28228555834262,LAMP2,Vim,GO_Cellular_Component_2023,top100
GO_Cellular_Component_2023,Azurophil Granule Lumen (GO:0035578),1/89,0.0853746735440269,0.1303206230075883,0,0,11.897129186602871,29.27533461302574,GUSB,Vim,GO_Cellular_Component_2023,top100
GO_Cellular_Component_2023,Platelet Alpha Granule (GO:0031091),1/89,0.0853746735440269,0.1303206230075883,0,0,11.897129186602871,29.27533461302574,APP,Vim,GO_Cellular_Component_2023,top100
GO_Cellular_Component_2023,Specific Granule Membrane (GO:0035579),1/90,0.0862933855050247,0.1303206230075883,0,0,11.762862211709049,28.81903981668561,TMEM30A,Vim,GO_Cellular_Component_2023,top100
GO_Cellular_Component_2023,Golgi Lumen (GO:0005796),1/100,0.0954324164624814,0.1384705650632084,0,0,10.569377990430622,24.83103038927071,APP,Vim,GO_Cellular_Component_2023,top100
GO_Cellular_Component_2023,trans-Golgi Network Membrane (GO:0032588),1/100,0.0954324164624814,0.1384705650632084,0,0,10.569377990430622,24.83103038927071,APP,Vim,GO_Cellular_Component_2023,top100
GO_Cellular_Component_2023,Early Endosome Membrane (GO:0031901),1/116,0.1098744767967273,0.1563598323645735,0,0,9.091533180778033,20.077893566776314,TMEM30A,Vim,GO_Cellular_Component_2023,top100
GO_Cellular_Component_2023,Ficolin-1-Rich Granule Lumen (GO:1904813),1/123,0.1161237558827442,0.1621350553834542,0,0,8.566867989646246,18.4453131497958,GUSB,Vim,GO_Cellular_Component_2023,top100
GO_Cellular_Component_2023,Mitotic Spindle (GO:0072686),1/143,0.1337499897609051,0.1832870230056847,0,0,7.3528539659006675,14.792346387731271,NUSAP1,Vim,GO_Cellular_Component_2023,top100
GO_Cellular_Component_2023,Recycling Endosome (GO:0055037),1/159,0.1476100199777224,0.1950560978277047,0,0,6.602931379080613,12.632606048584067,APP,Vim,GO_Cellular_Component_2023,top100
GO_Cellular_Component_2023,Specific Granule (GO:0042581),1/159,0.1476100199777224,0.1950560978277047,0,0,6.602931379080613,12.632606048584067,TMEM30A,Vim,GO_Cellular_Component_2023,top100
GO_Cellular_Component_2023,Membrane Raft (GO:0045121),1/169,0.1561652770251732,0.2027408859625056,0,0,6.206766917293233,11.524975344842169,APP,Vim,GO_Cellular_Component_2023,top100
GO_Cellular_Component_2023,Microtubule (GO:0005874),1/185,0.1696842368036045,0.2164936814390816,0,0,5.662471395881007,10.04418235964282,CALM1,Vim,GO_Cellular_Component_2023,top100
GO_Cellular_Component_2023,Endocytic Vesicle (GO:0030139),1/196,0.1788588908629642,0.2208813891646132,0,0,5.340080971659919,9.191123636275076,GAPVD1,Vim,GO_Cellular_Component_2023,top100
GO_Cellular_Component_2023,Nucleolus (GO:0005730),2/771,0.1790930182415782,0.2208813891646132,0,0,2.7757549487068345,4.773882018445999,NUSAP1;SMC2,Vim,GO_Cellular_Component_2023,top100
GO_Cellular_Component_2023,Nuclear Lumen (GO:0031981),2/780,0.1823482524996654,0.2212093554913974,0,0,2.742359325906884,4.667048417277961,NUSAP1;SMC2,Vim,GO_Cellular_Component_2023,top100
GO_Cellular_Component_2023,Axon (GO:0030424),1/205,0.1862937094122744,0.2223505563952953,0,0,5.102167182662539,8.573838716448728,APP,Vim,GO_Cellular_Component_2023,top100
GO_Cellular_Component_2023,Bounding Membrane Of Organelle (GO:0098588),2/819,0.1965663067253694,0.2308874078996403,0,0,2.6061471508227934,4.239564122244996,LAMP1;SURF4,Vim,GO_Cellular_Component_2023,top100
GO_Cellular_Component_2023,Nuclear Membrane (GO:0031965),1/227,0.2041994198905871,0.2361055792484914,0,0,4.6003726129483,7.308419739683482,SURF4,Vim,GO_Cellular_Component_2023,top100
GO_Cellular_Component_2023,Vesicle (GO:0031982),1/235,0.2106172849722148,0.23977967827606,0,0,4.441295546558704,6.918262067655786,CALM1,Vim,GO_Cellular_Component_2023,top100
GO_Cellular_Component_2023,trans-Golgi Network (GO:0005802),1/241,0.2153983833385634,0.2415072782886922,0,0,4.328947368421052,6.646085795720058,APP,Vim,GO_Cellular_Component_2023,top100
GO_Cellular_Component_2023,Mitochondrial Matrix (GO:0005759),1/355,0.3011781751653161,0.3326445516751253,0,0,2.9179304192685103,3.5016718691800843,NADK2,Vim,GO_Cellular_Component_2023,top100
GO_Cellular_Component_2023,Cytoplasmic Vesicle Membrane (GO:0030659),1/389,0.3249851506185678,0.353660310967265,0,0,2.657623440043408,2.9871044004975347,LAMP1,Vim,GO_Cellular_Component_2023,top100
GO_Cellular_Component_2023,Intracellular Non-Membrane-Bounded Organelle (GO:0043232),2/1195,0.337697942912336,0.3621688083407662,0,0,1.7497438763155444,1.899527976625752,NUSAP1;SMC2,Vim,GO_Cellular_Component_2023,top100
GO_Cellular_Component_2023,Golgi Membrane (GO:0000139),1/427,0.3506807060536487,0.3707196035424287,0,0,2.4158636026686438,2.5315330716144016,SURF4,Vim,GO_Cellular_Component_2023,top100
GO_Cellular_Component_2023,Intracellular Membrane-Bounded Organelle (GO:0043231),6/5175,0.4183857711880775,0.436064043210109,0,0,1.2280076278915513,1.0700261344430584,LAMP2;ATP6V1B2;NCAPG;GUSB;CALM1;SMC2,Vim,GO_Cellular_Component_2023,top100
GO_Cellular_Component_2023,Neuron Projection (GO:0043005),1/557,0.431739060722593,0.4437318124093316,0,0,1.8386974630821655,1.544384329873897,APP,Vim,GO_Cellular_Component_2023,top100
GO_Cellular_Component_2023,Endoplasmic Reticulum Membrane (GO:0005789),1/801,0.5586321173431852,0.5662846121013111,0,0,1.261842105263158,0.7347253968613457,SURF4,Vim,GO_Cellular_Component_2023,top100
GO_Cellular_Component_2023,Nucleus (GO:0005634),3/4487,0.8592104292261914,0.8592104292261914,0,0,0.6098546465865561,0.0925402082386428,NCAPG;CALM1;SMC2,Vim,GO_Cellular_Component_2023,top100
